NaN,NaN,NaN,NaN,NaN,NaN,NaN,NaN,NaN,NaN,NaN,NaN,NaN,NaN
0.35572,1.1825,1.0154,1.2236,1.4838,1.3718,1.5195,0.98604,1.2345,1.1642,1.2104,1.5522,1.3356,1.5621
0.037075,0.03394,0.035495,0.038583,0.016845,0.028934,0.018332,0.023862,0.029551,0.03099,0.021511,0.016839,0.032575,0.016337
0.037913,0.033544,0.034866,0.038726,0.016858,0.033819,0.017841,0.024027,0.030714,0.031064,0.021733,0.016716,0.033642,0.016104
0.038626,0.033939,0.034189,0.039799,0.016592,0.027185,0.017651,0.023847,0.030009,0.030908,0.021736,0.016655,0.031834,0.016186
0.039843,0.033917,0.034587,0.039427,0.01683,0.0254,0.017894,0.02409,0.432,0.039458,0.02214,0.016547,0.031163,0.016038
0.038052,0.033811,0.035115,0.039179,0.016696,0.024932,0.017753,0.02379,0.15164,0.03261,0.021985,0.01651,0.028637,0.015828
0.037166,0.032787,0.035459,0.038829,0.016767,0.025632,0.017574,0.023668,0.16568,0.03324,0.021604,0.016605,0.027888,0.015821
0.037051,0.032445,0.035176,0.037573,0.016604,0.027907,0.017501,0.023872,0.16854,0.030768,0.021529,0.016389,0.02734,0.015808
0.038248,0.032979,0.034506,0.038278,0.016532,0.029933,0.017632,0.02385,0.15337,0.030002,0.021552,0.016483,0.025353,0.015725
0.042221,0.04356,0.03442,0.57959,0.016653,0.033204,0.018074,0.023571,0.1335,0.030917,0.022404,0.016395,0.02561,0.015567
0.050454,0.053424,0.034863,0.42982,0.016659,0.042115,0.018832,0.023674,0.11014,0.031441,0.023051,0.016127,0.02437,0.01569
0.039132,0.034206,0.035375,0.16917,0.016665,0.031201,0.017339,0.023876,0.094572,0.030383,0.022664,0.016128,0.0239,0.015739
0.036882,0.033312,0.034222,0.21797,0.016657,0.026133,0.017042,0.023459,0.10887,0.030484,0.021948,0.016125,0.024759,0.015436
0.037738,0.033315,0.035018,0.22959,0.016665,0.024464,0.016876,0.023517,0.10106,0.03007,0.02171,0.016171,0.023576,0.015528
0.038004,0.033024,0.034635,0.14805,0.016732,0.024911,0.016844,0.023787,0.070434,0.029978,0.02164,0.01599,0.023008,0.015358
0.03786,0.033224,0.033365,0.099638,0.016785,0.024163,0.016833,0.023669,0.39258,0.039292,0.021473,0.015788,0.026624,0.015345
0.038118,0.031862,0.034196,0.074173,0.016788,0.02418,0.016767,0.023711,0.39475,0.040518,0.022246,0.01593,0.02675,0.015441
0.037176,0.032764,0.035275,0.059011,0.016872,0.024794,0.016752,0.023791,0.20281,0.042509,0.022015,0.016004,0.023289,0.01558
0.036024,0.032233,0.034779,0.052401,0.016936,0.023598,0.016686,0.023707,0.13678,0.055324,0.021897,0.015692,0.022416,0.015546
0.03724,0.03237,0.034417,0.048418,0.016883,0.023522,0.016337,0.023809,0.089673,0.18429,0.021925,0.015655,0.022051,0.015405
0.03737,0.032977,0.034437,0.045035,0.016814,0.02444,0.016409,0.023933,0.064062,0.23762,0.021519,0.015727,0.021898,0.015512
0.0382,0.032508,0.033448,0.043135,0.01678,0.023262,0.016467,0.023933,0.057452,0.19125,0.021483,0.015753,0.021737,0.01552
0.038954,0.032456,0.034097,0.04172,0.016718,0.023743,0.016619,0.023815,0.38707,0.17556,0.021513,0.015688,0.023347,0.015489
0.03745,0.032694,0.034396,0.040087,0.016649,0.024055,0.016395,0.024002,0.31111,0.19381,0.021798,0.015451,0.022008,0.015463
0.03782,0.031064,0.034174,0.039807,0.016421,0.02389,0.016245,0.024209,0.12381,0.23458,0.022485,0.015407,0.021864,0.015466
0.038405,0.031615,0.03479,0.040308,0.016548,0.023911,0.016237,0.024108,0.097839,0.36797,0.021612,0.015419,0.021045,0.01554
0.038317,0.032486,0.034527,0.039072,0.016644,0.02374,0.016229,0.024235,0.075505,0.25131,0.022083,0.015231,0.021013,0.015541
0.038304,0.031746,0.033376,0.0401,0.016692,0.023496,0.016187,0.023942,0.063695,0.21116,0.021491,0.015275,0.02227,0.015506
0.038388,0.031817,0.033602,0.03993,0.016589,0.02383,0.016063,0.024136,0.05633,0.10956,0.021365,0.015332,0.021371,0.015492
0.036444,0.031199,0.035298,0.038501,0.01628,0.023874,0.016217,0.023849,0.047646,0.074847,0.021181,0.015293,0.021065,0.015729
0.037541,0.031858,0.034941,0.038522,0.016548,0.024301,0.016096,0.024018,0.04829,0.056463,0.021681,0.015137,0.020695,0.015527
0.038472,0.030796,0.035376,0.039023,0.016811,0.023653,0.015988,0.024213,0.044926,0.054652,0.021822,0.015224,0.020473,0.015466
0.038421,0.031373,0.034329,0.038458,0.016462,0.023996,0.016034,0.024301,0.041923,0.051894,0.021473,0.015166,0.021668,0.015537
0.038253,0.030665,0.033753,0.038867,0.016575,0.024026,0.015983,0.024149,0.041639,0.046542,0.02116,0.015231,0.021856,0.015622
0.036959,0.030937,0.033685,0.038689,0.016694,0.023893,0.016226,0.024426,0.039702,0.044761,0.020919,0.015188,0.021261,0.015739
0.037863,0.030161,0.035737,0.036859,0.016708,0.023388,0.016087,0.024225,0.038003,0.039851,0.020637,0.015152,0.020579,0.015827
0.037985,0.030904,0.035022,0.038221,0.016495,0.02402,0.015915,0.023987,0.043038,0.037771,0.020592,0.015258,0.020441,0.015673
0.037206,0.030865,0.035505,0.038407,0.016839,0.023391,0.015885,0.023887,0.039587,0.035828,0.021394,0.015272,0.021137,0.01577
0.039314,0.030621,0.035127,0.037745,0.016968,0.02341,0.015905,0.024163,0.039895,0.035216,0.020604,0.01517,0.021368,0.015778
0.037987,0.031141,0.034246,0.039062,0.016987,0.023946,0.015842,0.024201,0.037798,0.034552,0.02101,0.015144,0.020755,0.015719
0.036612,0.030367,0.034107,0.039013,0.016937,0.023135,0.015985,0.024013,0.038654,0.032744,0.020407,0.015154,0.020686,0.015942
0.037741,0.030224,0.035482,0.037395,0.016967,0.023933,0.015924,0.023908,0.039361,0.032553,0.020249,0.015055,0.02081,0.015882
0.037819,0.029857,0.035269,0.037581,0.017171,0.024178,0.01584,0.023826,0.039135,0.03199,0.020268,0.01509,0.021759,0.01584
0.037659,0.030928,0.035039,0.037886,0.017355,0.023752,0.015807,0.024133,0.040882,0.032386,0.02066,0.015207,0.021943,0.015807
0.038204,0.03006,0.035096,0.037782,0.017544,0.023205,0.01577,0.02438,0.039668,0.031105,0.02054,0.015127,0.02092,0.01577
0.037182,0.030611,0.033647,0.037076,0.017521,0.023763,0.015834,0.023895,0.038063,0.029847,0.020172,0.015075,0.020974,0.015834
0.036414,0.030688,0.034238,0.038229,0.017603,0.023711,0.015771,0.024,0.037895,0.029988,0.01977,0.015216,0.021045,0.015771
0.037679,0.030308,0.035809,0.036763,0.017938,0.023934,0.015877,0.023982,0.042159,0.029696,0.019465,0.015029,0.021673,0.015877
0.038509,0.03004,0.034546,0.037316,0.018078,0.023676,0.015913,0.024032,0.04089,0.030441,0.01936,0.015115,0.022252,0.015913
0.040018,0.029579,0.03498,0.037148,0.018166,0.023375,0.015815,0.024069,0.039142,0.029608,0.019305,0.014983,0.020719,0.015815
0.079962,0.029675,0.034605,0.037505,0.018382,0.022982,0.015901,0.024087,0.037925,0.02881,0.020004,0.014994,0.02092,0.015901
0.23011,0.030086,0.033854,0.037781,0.01841,0.023172,0.016003,0.024029,0.038575,0.029643,0.019465,0.01526,0.020739,0.016003
0.39779,0.030664,0.03454,0.039988,0.018315,0.023479,0.01587,0.024017,0.038968,0.029206,0.019233,0.015082,0.021695,0.01587
0.40854,0.030421,0.035313,0.037997,0.018633,0.022339,0.015877,0.024241,0.03986,0.029651,0.01873,0.014933,0.022224,0.015877
0.41289,0.031173,0.03489,0.037198,0.018634,0.023334,0.015784,0.024043,0.040795,0.028891,0.018767,0.015174,0.021167,0.015784
0.44388,0.030796,0.034994,0.036826,0.01889,0.023294,0.015834,0.024204,0.039881,0.028764,0.018853,0.015076,0.021239,0.015834
0.62717,0.030967,0.034209,0.038666,0.018754,0.021446,0.015997,0.023922,0.03738,0.029147,0.019324,0.015049,0.020847,0.015997
0.3703,0.030195,0.033672,0.038781,0.019137,0.022867,0.01592,0.024116,0.037458,0.029006,0.018981,0.015126,0.023207,0.01592
0.37682,0.029677,0.03437,0.037382,0.019285,0.025999,0.015751,0.023965,0.040695,0.028827,0.019268,0.01528,0.024024,0.015751
0.30819,0.029814,0.03551,0.03544,0.019271,0.043408,0.015997,0.024106,0.039331,0.028084,0.019645,0.015158,0.023074,0.015997
0.22297,0.03004,0.035142,0.036629,0.019327,0.032758,0.015962,0.024075,0.038637,0.028809,0.019276,0.015133,0.024507,0.015962
0.25792,0.030486,0.035608,0.036328,0.019447,0.021122,0.015915,0.024256,0.038456,0.028648,0.018655,0.015138,0.024794,0.015915
0.19431,0.03047,0.03479,0.035941,0.019506,0.020425,0.016036,0.024101,0.037587,0.02883,0.021712,0.014918,0.027336,0.016036
0.14243,0.030528,0.033633,0.036594,0.019736,0.021981,0.01646,0.024211,0.035846,0.028787,0.022448,0.015105,0.028834,0.01646
0.095878,0.029684,0.035211,0.03583,0.019746,0.021013,0.016546,0.024251,0.038193,0.028331,0.032799,0.015119,0.021235,0.016546
0.068816,0.030567,0.035716,0.035301,0.019602,0.020695,0.016213,0.024176,0.037448,0.028801,0.026104,0.015225,0.021306,0.016213
0.059337,0.029773,0.03492,0.036096,0.019631,0.020749,0.015985,0.024225,0.035596,0.028763,0.02399,0.015272,0.020362,0.015985
0.054854,0.029714,0.035293,0.035754,0.020016,0.020397,0.016135,0.024316,0.034068,0.028882,0.023531,0.015312,0.020757,0.016135
0.049683,0.029561,0.034306,0.035349,0.019969,0.019889,0.016321,0.02429,0.034649,0.028874,0.022047,0.015283,0.021948,0.016321
0.046672,0.029838,0.034066,0.036315,0.019933,0.020067,0.015852,0.024125,0.036773,0.028045,0.022154,0.015332,0.021291,0.015852
0.045374,0.029169,0.035062,0.036301,0.020096,0.019352,0.016101,0.024236,0.034529,0.028134,0.027117,0.015358,0.021335,0.016101
0.043081,0.030331,0.03533,0.035265,0.020182,0.019233,0.016133,0.024355,0.034529,0.028217,0.025355,0.015544,0.020712,0.016133
0.043191,0.029793,0.034983,0.035682,0.020176,0.019078,0.016072,0.02415,0.034651,0.028398,0.025528,0.015514,0.020624,0.016072
0.041394,0.029734,0.035437,0.036657,0.020297,0.019383,0.015939,0.024106,0.033464,0.028145,0.023454,0.015352,0.02189,0.015939
0.036875,0.029558,0.034429,0.035594,0.020452,0.019303,0.015961,0.023898,0.032309,0.027629,0.022285,0.015455,0.021216,0.015961
0.040823,0.028852,0.033921,0.037081,0.020401,0.018963,0.015866,0.024073,0.037441,0.02815,0.022405,0.015378,0.020929,0.015866
0.038058,0.029146,0.034549,0.036636,0.020454,0.018613,0.015901,0.024127,0.035596,0.028471,0.021988,0.015563,0.020301,0.015901
0.040041,0.02966,0.035715,0.035295,0.020544,0.018373,0.015736,0.023854,0.033155,0.028976,0.021405,0.015578,0.019952,0.015736
0.039183,0.029073,0.035856,0.034967,0.020733,0.018482,0.015772,0.02393,0.032535,0.02803,0.020612,0.015679,0.021383,0.015772
0.036546,0.029205,0.035235,0.034982,0.020784,0.018491,0.015865,0.023941,0.033064,0.027553,0.020113,0.015646,0.020856,0.015865
0.037253,0.029087,0.03385,0.035683,0.020852,0.018319,0.015705,0.024031,0.033784,0.027894,0.0197,0.015483,0.020029,0.015705
0.038173,0.029367,0.033935,0.036794,0.020968,0.018222,0.016126,0.024054,0.033506,0.028091,0.019948,0.015666,0.020538,0.016126
0.038777,0.029509,0.035325,0.035046,0.020925,0.01788,0.015745,0.024002,0.033215,0.028551,0.019781,0.015649,0.020244,0.015745
0.03923,0.029052,0.036334,0.034564,0.021345,0.018048,0.015858,0.024195,0.033397,0.028398,0.019926,0.015674,0.021036,0.015858
0.036184,0.02906,0.035658,0.034424,0.021458,0.017955,0.016021,0.024077,0.030647,0.027543,0.019199,0.015619,0.020995,0.016021
0.034278,0.028638,0.034771,0.036049,0.021808,0.017946,0.015858,0.024427,0.029747,0.028006,0.018961,0.015702,0.020157,0.015858
0.038148,0.02945,0.03387,0.035704,0.021845,0.017886,0.015946,0.024364,0.03609,0.14709,0.018439,0.015829,0.023442,0.015946
0.037042,0.029415,0.034257,0.036905,0.022001,0.017952,0.015946,0.02439,0.035842,0.4903,0.019091,0.015895,0.022463,0.015946
0.038593,0.029415,0.035906,0.035498,0.022103,0.017783,0.016004,0.02419,0.03369,0.43905,0.019385,0.015769,0.021245,0.016004
0.039042,0.029754,0.036173,0.035355,0.02206,0.017228,0.016074,0.024175,0.029746,0.26341,0.018969,0.015661,0.021253,0.016074
0.037409,0.029942,0.034746,0.034915,0.022109,0.017069,0.015946,0.02408,0.029916,0.11322,0.019023,0.015629,0.019802,0.015946
0.034583,0.029518,0.035329,0.036119,0.022269,0.017205,0.015836,0.024098,0.028555,0.070792,0.018681,0.015877,0.020655,0.015836
0.038312,0.029141,0.034143,0.035598,0.022293,0.017023,0.016012,0.02403,0.028464,0.049879,0.01852,0.015644,0.020249,0.016012
0.036184,0.028479,0.034425,0.036634,0.022533,0.01685,0.015987,0.024062,0.029102,0.043125,0.018858,0.015636,0.020995,0.015987
0.045086,0.030701,0.035338,0.035977,0.02279,0.029241,0.016014,0.024166,0.026361,0.039355,0.03276,0.01596,0.021165,0.016014
0.050538,0.030531,0.035591,0.038075,0.022801,0.038797,0.015917,0.024081,0.022861,0.037619,0.032071,0.01592,0.02009,0.015917
0.061332,0.03347,0.035509,0.040051,0.022966,0.080462,0.016023,0.024182,0.023642,0.035604,0.039009,0.015986,0.020688,0.016023
0.050499,0.031107,0.035021,0.038841,0.022789,0.044057,0.015867,0.024039,0.022217,0.033901,0.0328,0.015868,0.020352,0.015867
0.038741,0.029433,0.03482,0.036188,0.022464,0.045957,0.015791,0.023739,0.022218,0.03391,0.029438,0.015731,0.02076,0.015791
0.038259,0.044498,0.034288,0.036003,0.022715,0.046956,0.015805,0.023983,0.021002,0.032991,0.028299,0.015921,0.021496,0.015805
0.039178,0.2847,0.036302,0.034077,0.022967,0.037675,0.015926,0.024147,0.020206,0.033825,0.025439,0.015885,0.020542,0.015926
0.036987,0.30861,0.036631,0.03424,0.023004,0.031695,0.015825,0.024177,0.019974,0.031938,0.023574,0.015927,0.020703,0.015825
0.033833,0.31789,0.036068,0.034405,0.022688,0.028506,0.015948,0.023923,0.019211,0.031771,0.021907,0.015893,0.020486,0.015948
0.037641,0.44364,0.03582,0.035728,0.02259,0.026408,0.015978,0.023778,0.019158,0.030972,0.021126,0.015893,0.020329,0.015978
0.036551,0.32701,0.034306,0.035201,0.023012,0.023513,0.015956,0.024084,0.019178,0.031636,0.020332,0.015779,0.021304,0.015956
0.038718,0.31188,0.034131,0.036203,0.022888,0.021423,0.015877,0.023973,0.018914,0.031295,0.020305,0.01596,0.020577,0.015877
0.03903,0.31004,0.036394,0.034848,0.022687,0.020485,0.015717,0.023889,0.018506,0.030031,0.019797,0.015961,0.020696,0.015717
0.036814,0.3126,0.034776,0.034792,0.022765,0.019511,0.01589,0.024042,0.018635,0.030244,0.020172,0.015778,0.020252,0.01589
0.036057,0.26276,0.035,0.035075,0.023037,0.018589,0.016056,0.02424,0.01823,0.029736,0.019585,0.015872,0.019952,0.016056
0.038876,0.34348,0.035311,0.035065,0.023041,0.017818,0.015907,0.024125,0.017884,0.02885,0.018951,0.015881,0.02165,0.015907
0.036702,0.30228,0.034097,0.035541,0.023409,0.017373,0.01585,0.024289,0.018288,0.029466,0.018927,0.015979,0.021162,0.01585
0.03874,0.21974,0.0338,0.03566,0.023443,0.016743,0.016166,0.02419,0.01808,0.028443,0.019041,0.01599,0.020623,0.016166
0.038979,0.12632,0.0354,0.034806,0.023402,0.016674,0.016075,0.024012,0.017933,0.028564,0.019218,0.015978,0.020222,0.016075
0.036297,0.091211,0.035228,0.035403,0.023897,0.016391,0.015911,0.024293,0.017876,0.028667,0.020238,0.015776,0.019881,0.015911
0.037073,0.10052,0.035231,0.034546,0.023971,0.016116,0.016054,0.024187,0.018007,0.028783,0.019336,0.015902,0.021378,0.016054
0.038013,0.10553,0.035362,0.03457,0.024107,0.015947,0.015801,0.024157,0.017648,0.028961,0.01932,0.015922,0.021245,0.015801
0.036712,0.10462,0.033823,0.035561,0.024063,0.015907,0.015901,0.024089,0.017579,0.02842,0.018639,0.015944,0.02056,0.015901
0.039597,0.098928,0.034421,0.035996,0.024255,0.015994,0.015878,0.024255,0.017327,0.028833,0.019192,0.015763,0.020335,0.015878
0.038017,0.093375,0.035609,0.034579,0.024127,0.015721,0.015826,0.024127,0.017555,0.028428,0.019115,0.015936,0.019987,0.015826
0.034656,0.086296,0.035686,0.03478,0.024245,0.015913,0.015914,0.024245,0.017636,0.028966,0.019533,0.015952,0.021586,0.015914
0.038006,0.081015,0.035388,0.034553,0.024277,0.015742,0.015729,0.024277,0.017351,0.02885,0.019688,0.016056,0.021671,0.015729
0.036735,0.076471,0.034959,0.033892,0.023965,0.015693,0.015802,0.023965,0.017323,0.028223,0.019345,0.015871,0.020876,0.015802
0.038468,0.070833,0.033838,0.035475,0.024075,0.015743,0.015596,0.024075,0.017239,0.028796,0.019045,0.01591,0.020623,0.015596
0.039157,0.068077,0.034513,0.034852,0.023971,0.015554,0.015803,0.023971,0.017252,0.028789,0.018936,0.015965,0.020277,0.015803
0.036801,0.063537,0.035674,0.033825,0.02401,0.015524,0.015862,0.02401,0.017478,0.028923,0.01891,0.015877,0.02192,0.015862
0.035666,0.059511,0.036238,0.0342,0.024112,0.015593,0.01573,0.024112,0.017206,0.028038,0.019276,0.016009,0.021675,0.01573
0.039212,0.055872,0.035537,0.033966,0.024018,0.015646,0.015958,0.024018,0.018224,0.02826,0.021343,0.01596,0.020641,0.015958
0.037172,0.052721,0.035846,0.034048,0.024049,0.016829,0.016048,0.024049,0.042982,0.028282,0.047155,0.015848,0.02094,0.016048
0.038649,0.048986,0.033643,0.035163,0.02426,0.020923,0.016027,0.02426,0.05725,0.028942,0.055176,0.01593,0.021763,0.016027
0.038423,0.046855,0.03373,0.036202,0.024245,0.023783,0.015772,0.024245,0.045606,0.028469,0.051194,0.015813,0.02229,0.015772
0.036567,0.043273,0.034838,0.033863,0.024222,0.016335,0.015806,0.024222,0.043593,0.028264,0.052057,0.015802,0.02337,0.015806
0.036575,0.040834,0.035719,0.035137,0.024117,0.015465,0.015859,0.024117,0.060539,0.028385,0.038941,0.015819,0.021392,0.015859
0.0378,0.038243,0.035389,0.034306,0.024112,0.015526,0.016117,0.024112,0.053027,0.028243,0.032451,0.015892,0.021402,0.016117
0.036989,0.035584,0.035747,0.03434,0.024118,0.015573,0.015942,0.024118,0.036414,0.028138,0.029988,0.015992,0.0209,0.015942
0.038675,0.034347,0.033632,0.035515,0.024041,0.018605,0.016036,0.024041,0.027401,0.028178,0.026112,0.015891,0.021751,0.016036
0.037951,0.03287,0.033855,0.035992,0.024058,0.019906,0.015959,0.024058,0.0234,0.027854,0.024473,0.015653,0.022263,0.015959
0.035768,0.031375,0.035121,0.034669,0.024288,0.018283,0.015893,0.024288,0.021438,0.02843,0.023137,0.015959,0.020764,0.015893
0.037843,0.03083,0.035956,0.035152,0.024235,0.017559,0.015765,0.024235,0.020359,0.028657,0.022537,0.015903,0.020715,0.015765
0.037825,0.02999,0.035534,0.03453,0.024329,0.016863,0.015827,0.024329,0.019498,0.029061,0.022104,0.015855,0.020257,0.015827
0.038372,0.028549,0.035302,0.034088,0.0242,0.016464,0.015739,0.0242,0.018672,0.028406,0.020889,0.015731,0.021357,0.015739
0.040368,0.027862,0.033901,0.035545,0.024099,0.016129,0.01584,0.024099,0.018502,0.027768,0.020503,0.015812,0.021923,0.01584
0.44547,0.02748,0.033808,0.035642,0.023968,0.016192,0.015823,0.023968,0.018361,0.028151,0.020628,0.015795,0.019993,0.015823
0.7172,0.027039,0.034954,0.034341,0.024152,0.015958,0.015774,0.024152,0.020022,0.028962,0.020469,0.015762,0.035926,0.015774
0.38396,0.025569,0.035144,0.03555,0.024225,0.016042,0.015836,0.024225,0.026925,0.035568,0.019819,0.015926,0.15763,0.015836
0.35547,0.025687,0.03568,0.035417,0.024015,0.016006,0.015789,0.024015,0.032724,0.029093,0.020124,0.016122,0.20921,0.015789
0.27951,0.024365,0.035209,0.035215,0.023932,0.015911,0.015863,0.023932,0.026949,0.029204,0.019735,0.016117,0.093554,0.015863
0.27204,0.024137,0.033483,0.035468,0.024067,0.01587,0.015822,0.024067,0.02757,0.029225,0.01974,0.01602,0.079896,0.015822
0.22767,0.023551,0.034384,0.035074,0.024428,0.015957,0.01576,0.024428,0.024074,0.028284,0.019879,0.015817,0.075063,0.01576
0.15867,0.022835,0.035329,0.033901,0.024039,0.015881,0.015871,0.024039,0.022136,0.028486,0.020094,0.015909,0.06091,0.015871
0.17632,0.023345,0.035666,0.034456,0.02408,0.015738,0.015824,0.02408,0.021142,0.028012,0.019518,0.015968,0.049993,0.015824
0.11119,0.022781,0.036337,0.034328,0.024196,0.015817,0.015901,0.024196,0.020327,0.028311,0.019933,0.015807,0.043234,0.015901
0.077651,0.021983,0.035529,0.033799,0.024284,0.01573,0.015811,0.024284,0.01945,0.028464,0.019414,0.015824,0.034056,0.015811
0.064448,0.021171,0.033579,0.035048,0.023969,0.015827,0.015922,0.023969,0.019022,0.027806,0.019778,0.015975,0.028707,0.015922
0.061466,0.021212,0.034274,0.035376,0.023899,0.015965,0.015897,0.023899,0.01873,0.0282,0.019782,0.015816,0.02681,0.015897
0.052887,0.020593,0.034936,0.03379,0.024249,0.015748,0.015764,0.024249,0.018345,0.028127,0.019819,0.015793,0.025148,0.015764
0.046408,0.019922,0.035899,0.034086,0.024305,0.01582,0.015809,0.024305,0.018051,0.027606,0.019665,0.015864,0.023632,0.015809
0.044819,0.019723,0.035544,0.034394,0.023944,0.01587,0.015943,0.023944,0.017805,0.028386,0.019612,0.015912,0.022593,0.015943
0.043627,0.01927,0.035881,0.034161,0.024069,0.015748,0.015758,0.024069,0.017769,0.027822,0.019709,0.015917,0.022519,0.015758
0.040327,0.018901,0.034196,0.035727,0.02406,0.015545,0.015821,0.02406,0.017679,0.028174,0.019489,0.015872,0.021853,0.015821
0.038022,0.01832,0.034458,0.03521,0.024,0.015762,0.015989,0.024,0.017399,0.027835,0.019482,0.015905,0.021516,0.015989
0.038517,0.017556,0.03526,0.034128,0.024002,0.015866,0.016059,0.024002,0.017277,0.027983,0.028852,0.016001,0.021925,0.016059
0.037979,0.017174,0.035455,0.034327,0.024094,0.015641,0.016046,0.024094,0.017114,0.028251,0.035098,0.016018,0.021621,0.016046
0.0388,0.01662,0.035846,0.03464,0.023991,0.015644,0.015814,0.023991,0.017126,0.027992,0.036887,0.015798,0.021097,0.015814
0.039051,0.016083,0.035291,0.034532,0.024023,0.015692,0.015637,0.024023,0.017316,0.02836,0.036301,0.015891,0.020733,0.015637
0.037403,0.015582,0.034008,0.03539,0.024355,0.015775,0.015827,0.024355,0.017095,0.027564,0.032002,0.016032,0.02095,0.015827
0.035695,0.021806,0.034165,0.034673,0.024067,0.015735,0.015815,0.024067,0.017034,0.028763,0.037057,0.015852,0.021128,0.015815
0.036577,0.032766,0.035923,0.033207,0.023965,0.015594,0.01584,0.023965,0.016999,0.02817,0.031699,0.015749,0.020942,0.01584
0.038933,0.043527,0.035346,0.033753,0.023983,0.015555,0.01577,0.023983,0.016778,0.028277,0.027836,0.015957,0.020827,0.01577
0.039192,0.075007,0.036627,0.034813,0.024083,0.015674,0.015884,0.024083,0.016581,0.028297,0.031594,0.015872,0.020388,0.015884
0.037604,0.078367,0.037627,0.034583,0.023846,0.015609,0.015923,0.023846,0.016714,0.028212,0.034145,0.015897,0.020417,0.015923
0.03585,0.0599,0.036967,0.035748,0.024015,0.015531,0.015893,0.024015,0.016712,0.028172,0.024946,0.015946,0.020649,0.015893
0.037165,0.066014,0.03573,0.034506,0.023895,0.015554,0.015659,0.023895,0.016833,0.028145,0.022899,0.015932,0.020702,0.015659
0.037567,0.094454,0.037766,0.03337,0.023756,0.015606,0.015974,0.023756,0.016655,0.028098,0.02242,0.015877,0.020456,0.015974
0.038488,0.10485,0.035892,0.034429,0.023862,0.015614,0.016014,0.023862,0.045381,0.027686,0.064107,0.015805,0.02011,0.016014
0.039394,0.084819,0.035975,0.034736,0.023866,0.015597,0.015793,0.023866,0.074987,0.027901,0.094066,0.015902,0.020161,0.015793
0.037324,0.11205,0.038211,0.034311,0.024103,0.015547,0.015771,0.024103,0.052214,0.028278,0.078623,0.015844,0.020679,0.015771
0.035074,0.061204,0.035637,0.035708,0.024239,0.01553,0.015833,0.024239,0.034037,0.028047,0.059098,0.015809,0.020935,0.015833
0.037041,0.032298,0.034203,0.034245,0.02409,0.015553,0.015803,0.02409,0.024547,0.027872,0.044969,0.015967,0.020473,0.015803
0.037493,0.029958,0.035578,0.03326,0.024295,0.015471,0.015958,0.024295,0.049057,0.028043,0.087484,0.015961,0.020117,0.015958
0.038101,0.039123,0.035438,0.033922,0.02417,0.015623,0.015933,0.02417,0.060222,0.027867,0.09627,0.015963,0.020071,0.015933
0.038902,0.03947,0.034988,0.03474,0.024067,0.015684,0.016002,0.024067,0.061226,0.027546,0.077113,0.01592,0.020434,0.016002
0.03642,0.037853,0.035513,0.034157,0.024107,0.015634,0.01577,0.024107,0.059538,0.028094,0.08199,0.015802,0.020532,0.01577
0.036961,0.039179,0.03449,0.034472,0.024231,0.015566,0.015753,0.024231,0.04389,0.028358,0.050075,0.015948,0.020585,0.015753
0.036732,0.037958,0.0343,0.034652,0.024123,0.015577,0.015912,0.024123,0.026996,0.028014,0.030534,0.015904,0.020301,0.015912
0.038178,0.035043,0.035636,0.033496,0.024141,0.015624,0.01587,0.024141,0.026389,0.028251,0.029358,0.015922,0.020096,0.01587
0.039028,0.034745,0.035103,0.034159,0.024055,0.015659,0.015802,0.024055,0.025288,0.028731,0.026644,0.015968,0.020637,0.015802
0.036961,0.033115,0.035829,0.034755,0.02406,0.01543,0.015831,0.02406,0.021033,0.027643,0.022431,0.015953,0.020718,0.015831
0.035478,0.028881,0.035055,0.034488,0.024188,0.015594,0.015809,0.024188,0.019299,0.028499,0.021893,0.015782,0.020276,0.015809
0.03778,0.028829,0.034452,0.0353,0.023995,0.015665,0.015723,0.023995,0.017946,0.028329,0.020523,0.015963,0.020114,0.015723
0.037269,0.02513,0.03422,0.033994,0.024104,0.015735,0.015576,0.024104,0.017954,0.028016,0.02072,0.01586,0.020198,0.015576
3.6385,4.8057,3.5282,3.5471,3.8556,4.8195,4.7763,3.8556,4.7534,3.9993,4.5977,4.7881,4.594,4.7763
0,0,0,0,0,0,0,0,0,0,0,0,0,0
0,0,0,0,0,0,0,0,0,0,0,0,0,0
0,0,0,0,0,0,0,0,0,0,0,0,0,0
0,0,0,0,0,0,0,0,0,0,0,0,0,0
0,0,0,0,0,0,0,0,0,0,0,0,0,0
0,0,0,0,0,0,0,0,0,0,0,0,0,0
0,0,0,0,0,0,0,0,0,0,0,0,0,0
0,0,0,0,0,0,0,0,0,0,0,0,0,0
0,0,0,0,0,0,0,0,0,0,0,0,0,0
0,0,0,0,0,0,0,0,0,0,0,0,0,0
3.2149,4.7691,3.5271,3.5395,0.57788,2.7294,0,0.57788,4.7504,3.9799,4.5971,0.023053,4.5827,0
0.41716,0.016876,0.035977,0.034898,3.1841,2.028,4.7685,3.1841,0.017462,0.028815,0.020478,4.7477,0.020528,4.7685
0.037684,0.016823,0.035908,0.034894,0.027659,0.015608,0.016004,0.027659,0.017483,0.028289,0.020632,0.015924,0.020207,0.016004
0.034763,0.016933,0.035512,0.035381,0.026682,0.01558,0.015819,0.026682,0.017318,0.027645,0.020194,0.015813,0.020114,0.015819
0.037044,0.01626,0.034562,0.034753,0.025113,0.01551,0.015754,0.025113,0.017398,0.028451,0.020718,0.015791,0.0542,0.015754
0.036948,0.016228,0.033614,0.034801,0.024479,0.015508,0.01584,0.024479,0.01724,0.027971,0.020415,0.015922,0.088408,0.01584
0.038059,0.01602,0.034691,0.033742,0.024146,0.015582,0.015834,0.024146,0.017416,0.029488,0.020527,0.015879,0.12916,0.015834
0.15357,0.015992,0.034931,0.034932,0.024342,0.015605,0.015987,0.024342,0.017405,0.028509,0.020521,0.015906,0.13343,0.015987
0.26729,0.015695,0.034949,0.034631,0.024296,0.015649,0.015914,0.024296,0.017333,0.028344,0.020668,0.015964,0.13764,0.015914
0.25779,0.015757,0.035281,0.034638,0.024518,0.015569,0.015913,0.024518,0.017274,0.029585,0.019919,0.015866,0.15897,0.015913
0.44692,0.015946,0.034806,0.035187,0.024357,0.015491,0.015806,0.024357,0.017441,0.17709,0.020423,0.015929,0.13186,0.015806
0.61359,0.015951,0.033787,0.036111,0.024303,0.016233,0.015692,0.024303,0.022019,0.32566,0.034919,0.016001,0.13874,0.015692
0.51611,0.015918,0.035134,0.034491,0.024342,0.017979,0.015872,0.024342,0.058393,0.39735,0.087702,0.0159,0.08378,0.015872
0.30602,0.015763,0.036148,0.033837,0.024301,0.018353,0.015809,0.024301,0.068851,0.22029,0.1231,0.015707,0.054567,0.015809
0.21373,0.015568,0.035833,0.034742,0.024434,0.018703,0.015806,0.024434,0.05691,0.15579,0.086178,0.015883,0.038775,0.015806
0.25673,0.015683,0.03634,0.03422,0.02467,0.019948,0.015767,0.02467,0.044883,0.067729,0.07866,0.015946,0.029278,0.015767
0.18309,0.015349,0.034653,0.035372,0.024581,0.020521,0.015954,0.024581,0.055902,0.05665,0.11508,0.015858,0.02585,0.015954
0.1179,0.015366,0.034335,0.034726,0.024272,0.023621,0.015808,0.024272,0.067085,0.047453,0.12897,0.015858,0.025108,0.015808
0.08643,0.016544,0.22205,0.033842,0.02428,0.02246,0.015897,0.02428,0.057979,0.044293,0.11584,0.015917,0.024396,0.015897
0.070913,0.016214,0.2816,0.034189,0.024513,0.025851,0.015828,0.024513,0.051211,0.038849,0.084548,0.015926,0.021606,0.015828
0.061125,0.017436,0.40649,0.034811,0.024591,0.019438,0.015946,0.024591,0.031101,0.036324,0.042106,0.015806,0.021751,0.015946
0.052917,0.019484,0.38924,0.034461,0.02429,0.017932,0.01599,0.02429,0.025366,0.034425,0.039053,0.015795,0.020806,0.01599
0.049756,0.017057,0.16347,0.035312,0.024327,0.017523,0.015981,0.024327,0.024358,0.10431,0.036153,0.015925,0.020688,0.015981
0.048126,0.016155,0.10267,0.03491,0.024242,0.016891,0.015947,0.024242,0.026604,0.21371,0.03803,0.015852,0.020222,0.015947
0.047027,0.015881,0.1034,0.034272,0.02442,0.017333,0.015676,0.02442,0.028878,0.33615,0.040782,0.015922,0.020407,0.015676
0.044182,0.016181,0.09919,0.034158,0.0246,0.017992,0.015826,0.0246,0.025944,0.43379,0.053663,0.015994,0.020847,0.015826
0.060037,0.016389,0.077325,0.038662,0.024434,0.018502,0.015889,0.024434,0.019918,0.19796,0.052795,0.015876,0.020209,0.015889
0.042951,0.015305,0.059839,0.034433,0.024405,0.017148,0.015737,0.024405,0.01946,0.12673,0.039221,0.016008,0.020084,0.015737
0.042561,0.015364,0.049732,0.034713,0.024227,0.015856,0.015787,0.024227,0.018894,0.12804,0.032119,0.015979,0.019773,0.015787
0.044121,0.01524,0.046849,0.034367,0.024275,0.015936,0.015779,0.024275,0.018399,0.092677,0.030228,0.015806,0.019719,0.015779
0.043849,0.015184,0.043662,0.033307,0.024299,0.015999,0.015889,0.024299,0.018356,0.066398,0.028895,0.01585,0.02022,0.015889
0.038634,0.015166,0.041454,0.033282,0.024188,0.020942,0.015697,0.024188,0.045207,0.05478,0.094988,0.015839,0.024291,0.015697
0.43566,0.015309,0.038791,0.034959,0.024059,0.022504,0.015775,0.024059,0.045421,0.048971,0.099539,0.015901,0.037321,0.015775
0.65197,0.015635,0.038415,0.036375,0.024209,0.022331,0.016053,0.024209,0.05369,0.041266,0.078764,0.016055,0.034659,0.016053
0.48899,0.015434,0.037348,0.037029,0.024225,0.02076,0.015976,0.024225,0.045309,0.039386,0.099738,0.015921,0.025522,0.015976
0.26762,0.015471,0.036258,0.034544,0.024207,0.023897,0.015783,0.024207,0.057649,0.034517,0.12022,0.015944,0.02993,0.015783
0.16877,0.015321,0.037254,0.034689,0.024201,0.017028,0.015753,0.024201,0.075375,0.03405,0.10869,0.016038,0.039418,0.015753
0.17812,0.015104,0.037255,0.034165,0.024025,0.016917,0.015938,0.024025,0.030181,0.060146,0.071036,0.015939,0.030424,0.015938
0.20364,0.020734,0.036553,0.034811,0.024272,0.016293,0.016008,0.024272,0.028549,0.34488,0.04757,0.015841,0.025548,0.016008
0.19573,0.040577,0.035963,0.036053,0.02421,0.0162,0.015813,0.02421,0.032457,0.43331,0.052624,0.015862,0.028032,0.015813
0.23931,0.037948,0.03564,0.036071,0.024304,0.016133,0.01584,0.024304,0.035196,0.25932,0.053558,0.01578,0.030549,0.01584
0.09553,0.10075,0.035457,0.034934,0.0243,0.01616,0.016094,0.0243,0.023205,0.12456,0.03384,0.015854,0.023452,0.016094
0.072619,0.057588,0.035579,0.18848,0.024271,0.015833,0.015901,0.024271,0.021132,0.078316,0.02795,0.015917,0.022185,0.015901
0.058452,0.020876,0.03608,0.29956,0.023991,0.015972,0.015739,0.023991,0.020506,0.067823,0.025993,0.016107,0.021613,0.015739
0.050674,0.019346,0.036278,0.3918,0.024328,0.015997,0.015897,0.024328,0.019916,0.058682,0.025939,0.015773,0.021663,0.015897
0.047856,0.018467,0.035984,0.40745,0.024002,0.015947,0.015977,0.024002,0.019451,0.052844,0.02433,0.01584,0.021801,0.015977
0.047312,0.035571,0.035358,0.24649,0.024209,0.015924,0.015715,0.024209,0.018742,0.050143,0.02292,0.015997,0.021781,0.015715
0.043604,0.024913,0.034753,0.359,0.024284,0.015838,0.015956,0.024284,0.018343,0.046837,0.021429,0.01602,0.021496,0.015956
0.043113,0.020475,0.034691,0.24748,0.024079,0.015991,0.015964,0.024079,0.01832,0.041589,0.021602,0.016024,0.021052,0.015964
0.041694,0.03133,0.037197,0.38121,0.023903,0.01602,0.015915,0.023903,0.017793,0.038396,0.021228,0.015797,0.020909,0.015915
0.040299,0.053781,0.036703,0.15401,0.024207,0.015926,0.015892,0.024207,0.017855,0.03713,0.020926,0.015854,0.021225,0.015892
0.042165,0.054725,0.036175,0.10032,0.024116,0.015915,0.015985,0.024116,0.017746,0.034427,0.021151,0.015972,0.021352,0.015985
0.041323,0.027011,0.034302,0.080229,0.024227,0.01577,0.016054,0.024227,0.017661,0.033571,0.020985,0.015914,0.021241,0.016054
0.040102,0.015898,0.034171,0.066858,0.024037,0.015795,0.015948,0.024037,0.017224,0.032694,0.020764,0.015944,0.020757,0.015948
0.039947,0.026066,0.22714,0.056062,0.024115,0.015839,0.015795,0.024115,0.017048,0.031154,0.020921,0.015951,0.020974,0.015795
0.040849,0.021632,0.78843,0.052768,0.024157,0.015847,0.015946,0.024157,0.017312,0.031433,0.020779,0.015915,0.021409,0.015946
0.039166,0.024318,0.528,0.049452,0.024295,0.015684,0.015938,0.024295,0.017003,0.030413,0.020476,0.015839,0.021173,0.015938
0.040754,0.016968,0.29649,0.049655,0.023971,0.015716,0.015791,0.023971,0.016845,0.030346,0.020202,0.015987,0.020833,0.015791
0.039007,0.01733,0.27625,0.04676,0.024268,0.015892,0.015885,0.024268,0.017009,0.029799,0.020587,0.015852,0.021269,0.015885
0.037833,0.020468,0.21157,0.045413,0.024311,0.015921,0.015744,0.024311,0.016746,0.028729,0.019897,0.01581,0.020458,0.015744
0.038401,0.02591,0.13664,0.044183,0.024258,0.015804,0.015761,0.024258,0.016882,0.17469,0.020102,0.015825,0.021172,0.015761
0.03895,0.021172,0.08657,0.04558,0.024157,0.015945,0.015892,0.024157,0.017013,0.37987,0.020184,0.015936,0.021248,0.015892
0.038585,0.020451,0.065706,0.04434,0.024008,0.015932,0.015886,0.024008,0.01688,0.41104,0.020388,0.0158,0.020787,0.015886
0.039339,0.020323,0.054467,0.045559,0.024029,0.015782,0.01575,0.024029,0.016947,0.1303,0.019858,0.015848,0.020833,0.01575
0.03764,0.019213,0.049547,0.044178,0.023955,0.015677,0.015778,0.023955,0.016983,0.11316,0.020179,0.016029,0.020868,0.015778
0.04303,0.018769,0.046282,0.04367,0.024154,0.015688,0.015833,0.024154,0.016947,0.11671,0.019554,0.015918,0.020803,0.015833
0.50197,0.020413,0.043442,0.050707,0.024334,0.015967,0.015766,0.024334,0.016679,0.11412,0.019686,0.015859,0.021149,0.015766
0.52943,0.019363,0.042208,0.054202,0.02412,0.016097,0.01595,0.02412,0.016827,0.098181,0.02,0.016071,0.020934,0.01595
0.53775,0.016972,0.040447,0.04382,0.024315,0.015827,0.015899,0.024315,0.016989,0.078672,0.020557,0.015989,0.021101,0.015899
0.45717,0.016251,0.039072,0.044946,0.024129,0.015793,0.015953,0.024129,0.016901,0.060465,0.019752,0.015904,0.020399,0.015953
0.3157,0.016498,0.037831,0.043188,0.024102,0.015621,0.015852,0.024102,0.017024,0.057748,0.019881,0.015946,0.020807,0.015852
0.20914,0.016361,0.037419,0.042646,0.024268,0.015716,0.015844,0.024268,0.049884,0.059865,0.019563,0.015876,0.021607,0.015844
0.25691,0.016141,0.037877,0.04191,0.024368,0.015883,0.015758,0.024368,0.066536,0.053225,0.019899,0.015926,0.021333,0.015758
0.19281,0.015961,0.037287,0.044586,0.02426,0.015719,0.015934,0.02426,0.050914,0.042855,0.01952,0.015893,0.020821,0.015934
0.096553,0.015424,0.037542,0.041656,0.024141,0.015631,0.015918,0.024141,0.028174,0.040109,0.019704,0.015825,0.020287,0.015918
0.06537,0.015158,0.037404,0.042063,0.02409,0.015618,0.01601,0.02409,0.022966,0.038224,0.019848,0.015857,0.020196,0.01601
0.053393,0.015317,0.036137,0.04163,0.024145,0.015672,0.015853,0.024145,0.021075,0.038141,0.01974,0.015809,0.020794,0.015853
0.046014,0.014889,0.036438,0.041327,0.024118,0.015524,0.015874,0.024118,0.019985,0.037006,0.019371,0.015852,0.020622,0.015874
0.042561,0.014937,0.036766,0.03944,0.024027,0.015616,0.015809,0.024027,0.01944,0.036117,0.019582,0.015926,0.020455,0.015809
0.041553,0.015143,0.036981,0.040717,0.024335,0.015512,0.015732,0.024335,0.019034,0.040997,0.020133,0.015944,0.051258,0.015732
0.040963,0.014821,0.037362,0.040582,0.024177,0.015447,0.015979,0.024177,0.019055,0.039081,0.020044,0.01587,0.056465,0.015979
0.037863,0.014897,0.03736,0.04244,0.023965,0.015719,0.01602,0.023965,0.019004,0.033678,0.020388,0.015872,0.084372,0.01602
0.035857,0.014906,0.035457,0.042078,0.02393,0.015522,0.01565,0.02393,0.019018,0.033954,0.019884,0.015935,0.063106,0.01565
0.037372,0.014949,0.035012,0.041649,0.024024,0.01565,0.015738,0.024024,0.018881,0.040361,0.01946,0.015821,0.051458,0.015738
0.036139,0.014773,0.035434,0.039552,0.023815,0.015714,0.01578,0.023815,0.018568,0.042729,0.019939,0.015924,0.04137,0.01578
0.037854,0.014608,0.036939,0.040532,0.024084,0.01584,0.015732,0.024084,0.018404,0.034508,0.019822,0.015823,0.033349,0.015732
0.037967,0.014508,0.038038,0.040664,0.024309,0.015836,0.015788,0.024309,0.018245,0.034356,0.019755,0.015909,0.029804,0.015788
0.036159,0.014322,0.03638,0.042262,0.02386,0.015994,0.015758,0.02386,0.018596,0.034384,0.019528,0.015928,0.027076,0.015758
0.035503,0.014563,0.035388,0.040411,0.023966,0.015804,0.015835,0.023966,0.018568,0.033706,0.01979,0.015882,0.024853,0.015835
0.035997,0.014252,0.034333,0.04094,0.024258,0.015703,0.015982,0.024258,0.019125,0.032473,0.019229,0.015965,0.023162,0.015982
0.036983,0.014069,0.035934,0.039504,0.024321,0.01589,0.015945,0.024321,0.019751,0.031992,0.01951,0.015928,0.02239,0.015945
0.038525,0.014045,0.036614,0.04161,0.024075,0.015874,0.015819,0.024075,0.019973,0.033006,0.019778,0.015862,0.021642,0.015819
0.037637,0.014158,0.036392,0.04073,0.024313,0.015935,0.015705,0.024313,0.019839,0.033255,0.019647,0.015759,0.020762,0.015705
0.033874,0.014046,0.036076,0.041718,0.024047,0.016036,0.015971,0.024047,0.01991,0.0327,0.019242,0.015811,0.020034,0.015971
0.036877,0.01406,0.035384,0.040348,0.024116,0.015954,0.015947,0.024116,0.019195,0.031322,0.019686,0.015901,0.020245,0.015947
0.035626,0.014256,0.035194,0.040861,0.024168,0.016131,0.015789,0.024168,0.019279,0.030492,0.01915,0.016051,0.020218,0.015789
0.03788,0.013884,0.035641,0.039799,0.024212,0.016263,0.015839,0.024212,0.018947,0.031502,0.019301,0.016031,0.019367,0.015839
0.038351,0.013769,0.035739,0.041083,0.024036,0.016146,0.015872,0.024036,0.018895,0.032046,0.019221,0.015948,0.019549,0.015872
0.036086,0.013834,0.035682,0.041147,0.024051,0.016214,0.015965,0.024051,0.018936,0.031891,0.01901,0.015973,0.018934,0.015965
0.033854,0.013904,0.035645,0.041948,0.024007,0.016151,0.015909,0.024007,0.018885,0.031132,0.018992,0.015788,0.019463,0.015909
0.036518,0.013752,0.035134,0.040842,0.024105,0.016235,0.015825,0.024105,0.01793,0.030187,0.019365,0.015751,0.019816,0.015825
0.035455,0.013928,0.03454,0.039691,0.023817,0.01618,0.015707,0.023817,0.017028,0.03198,0.019197,0.015952,0.019468,0.015707
0.03711,0.013799,0.035947,0.039339,0.024032,0.016074,0.015827,0.024032,0.016763,0.031957,0.019203,0.015927,0.019533,0.015827
0.037447,0.013525,0.036129,0.040676,0.023989,0.016098,0.015829,0.023989,0.016723,0.031666,0.019302,0.015903,0.018785,0.015829
0.036233,0.013704,0.036492,0.040603,0.024092,0.016083,0.015856,0.024092,0.016388,0.031716,0.019193,0.015876,0.019113,0.015856
0.03456,0.013722,0.037374,0.042032,0.024082,0.015912,0.015773,0.024082,0.016344,0.030417,0.018976,0.015805,0.01891,0.015773
0.035505,0.013488,0.035175,0.041428,0.024129,0.015846,0.015621,0.024129,0.016196,0.031948,0.019365,0.015865,0.019514,0.015621
0.035477,0.01321,0.0339,0.040329,0.024102,0.015932,0.015928,0.024102,0.016129,0.03218,0.018907,0.015848,0.019754,0.015928
0.037034,0.013286,0.03596,0.039056,0.023927,0.0159,0.015918,0.023927,0.016216,0.031527,0.019015,0.015965,0.019301,0.015918
0.036057,0.013274,0.036774,0.041159,0.02424,0.015829,0.015732,0.02424,0.016341,0.031054,0.019102,0.015954,0.019467,0.015732
0.034454,0.013071,0.035991,0.041196,0.024058,0.015944,0.015827,0.024058,0.016237,0.030361,0.019097,0.015999,0.018867,0.015827
0.036475,0.013147,0.036761,0.041587,0.024291,0.015735,0.015812,0.024291,0.015799,0.032356,0.018884,0.016051,0.018611,0.015812
0.035586,0.013382,0.034827,0.040481,0.024173,0.01561,0.015833,0.024173,0.015787,0.032848,0.018816,0.015925,0.018619,0.015833
0.036792,0.013048,0.034618,0.040072,0.024065,0.015429,0.015934,0.024065,0.015859,0.031082,0.018682,0.015945,0.01911,0.015934
0.037215,0.012964,0.03577,0.03901,0.024172,0.015646,0.0159,0.024172,0.015754,0.031211,0.018635,0.016046,0.019498,0.0159
0.035084,0.012899,0.0355,0.040972,0.02409,0.015633,0.015834,0.02409,0.015682,0.030232,0.018528,0.016051,0.019354,0.015834
0.033228,0.012879,0.036238,0.040498,0.024242,0.015572,0.01597,0.024242,0.015581,0.032106,0.01849,0.015879,0.019462,0.01597
0.035611,0.012624,0.0369,0.041385,0.024219,0.01544,0.015814,0.024219,0.015439,0.032252,0.018472,0.015918,0.019031,0.015814
0.034671,0.013085,0.035361,0.040221,0.023981,0.015703,0.015926,0.023981,0.015375,0.03121,0.01848,0.01586,0.018513,0.015926
0.036821,0.012904,0.034015,0.039781,0.024097,0.015528,0.016089,0.024097,0.015293,0.031691,0.018141,0.015811,0.01841,0.016089
0.036666,0.01259,0.035636,0.038912,0.024127,0.015577,0.015835,0.024127,0.015199,0.03021,0.018339,0.015909,0.019588,0.015835
0.034821,0.012383,0.036355,0.040762,0.02401,0.015569,0.015768,0.02401,0.01526,0.031822,0.018127,0.015805,0.019615,0.015768
0.034776,0.012596,0.036026,0.041907,0.023843,0.015694,0.015876,0.023843,0.01517,0.032287,0.018031,0.015847,0.01992,0.015876
0.034539,0.012934,0.036872,0.041082,0.023942,0.015645,0.01602,0.023942,0.015193,0.031285,0.018064,0.015811,0.019358,0.01602
0.035751,0.012984,0.035445,0.040711,0.024015,0.015606,0.016061,0.024015,0.015299,0.030852,0.017882,0.015821,0.01877,0.016061
0.036562,0.012536,0.034076,0.040258,0.02422,0.015618,0.015907,0.02422,0.015324,0.030784,0.017978,0.015837,0.01851,0.015907
0.035868,0.012624,0.035613,0.039732,0.024141,0.015458,0.015933,0.024141,0.015336,0.032465,0.018024,0.015957,0.018533,0.015933
0.033239,0.012833,0.036676,0.041151,0.024039,0.015544,0.015825,0.024039,0.015239,0.032094,0.017909,0.015922,0.020416,0.015825
0.035454,0.013649,0.037948,0.041881,0.023924,0.015733,0.015815,0.023924,0.015156,0.030655,0.017947,0.01581,0.019354,0.015815
0.034784,0.012896,0.037544,0.041974,0.024108,0.015596,0.015782,0.024108,0.015075,0.031156,0.017746,0.015957,0.019859,0.015782
0.035854,0.012841,0.03532,0.04183,0.023907,0.015698,0.015907,0.023907,0.015258,0.030228,0.017781,0.016028,0.019072,0.015907
0.0367,0.012701,0.034804,0.040522,0.023916,0.015564,0.01571,0.023916,0.015244,0.031299,0.017563,0.015923,0.01847,0.01571
0.035479,0.013204,0.035693,0.040096,0.02401,0.01562,0.015736,0.02401,0.015093,0.031497,0.017406,0.015938,0.018908,0.015736
0.03389,0.012952,0.03601,0.040227,0.024026,0.015768,0.015934,0.024026,0.015328,0.030917,0.017447,0.01587,0.018649,0.015934
0.03514,0.012651,0.035856,0.040512,0.024057,0.0157,0.015788,0.024057,0.015302,0.030902,0.017326,0.015819,0.020248,0.015788
0.035788,0.012583,0.036512,0.040984,0.024292,0.015637,0.015667,0.024292,0.01535,0.030916,0.017283,0.015945,0.019217,0.015667
0.036863,0.013217,0.03643,0.041292,0.024155,0.015618,0.015688,0.024155,0.015152,0.031969,0.017122,0.016061,0.020021,0.015688
0.036026,0.013073,0.03545,0.039727,0.024039,0.015597,0.015723,0.024039,0.015287,0.032103,0.017101,0.015957,0.019311,0.015723
0.033149,0.013004,0.036014,0.039732,0.024087,0.015625,0.015741,0.024087,0.015183,0.030783,0.017003,0.015686,0.018602,0.015741
0.034847,0.012983,0.036484,0.039615,0.023859,0.015619,0.01592,0.023859,0.015225,0.030944,0.016967,0.01576,0.018513,0.01592
0.033808,0.012784,0.03631,0.041283,0.024145,0.015592,0.016006,0.024145,0.015311,0.030834,0.017042,0.015837,0.018564,0.016006
0.035691,0.012711,0.036416,0.04032,0.023896,0.015577,0.01593,0.023896,0.015348,0.032435,0.016915,0.01573,0.020407,0.01593
0.037283,0.013234,0.035912,0.040844,0.023821,0.015636,0.015928,0.023821,0.015277,0.032764,0.016939,0.015891,0.018814,0.015928
0.035363,0.01279,0.034459,0.038201,0.024102,0.015834,0.015936,0.024102,0.015395,0.030304,0.017073,0.015967,0.019901,0.015936
0.032469,0.0133,0.035143,0.040284,0.023601,0.015776,0.015996,0.023601,0.015465,0.030677,0.016872,0.015876,0.018932,0.015996
0.035627,0.012646,0.03584,0.040956,0.023463,0.015686,0.015805,0.023463,0.015638,0.031844,0.016612,0.015861,0.018563,0.015805
0.034496,0.012807,0.036391,0.041618,0.023595,0.015775,0.015843,0.023595,0.015659,0.032429,0.016896,0.015883,0.018664,0.015843
0.035864,0.012728,0.035809,0.039865,0.023779,0.015642,0.015879,0.023779,0.01561,0.031995,0.01675,0.015861,0.018804,0.015879
0.036385,0.012849,0.036569,0.040557,0.023969,0.015635,0.01586,0.023969,0.01563,0.030722,0.016671,0.015883,0.020319,0.01586
0.03513,0.012812,0.034867,0.038903,0.023843,0.015668,0.015694,0.023843,0.015627,0.030186,0.016704,0.015965,0.018297,0.015694
0.033729,0.012871,0.034806,0.040104,0.024026,0.015606,0.015815,0.024026,0.015797,0.030929,0.016561,0.01587,0.020097,0.015815
0.033429,0.013149,0.036276,0.041065,0.024072,0.015666,0.015833,0.024072,0.01561,0.031995,0.016574,0.015856,0.018795,0.015833
0.034585,0.012606,0.036039,0.042114,0.024322,0.015687,0.015769,0.024322,0.015699,0.031407,0.016544,0.015776,0.018717,0.015769
0.036592,0.013154,0.036257,0.039555,0.024037,0.015645,0.015784,0.024037,0.015616,0.030589,0.016307,0.015799,0.018713,0.015784
0.035312,0.012874,0.036906,0.03956,0.024075,0.015631,0.015906,0.024075,0.015624,0.030389,0.016268,0.015855,0.018742,0.015906
0.033973,0.01304,0.035188,0.038151,0.024157,0.015698,0.015846,0.024157,0.015549,0.030726,0.016245,0.01595,0.020604,0.015846
0.034509,0.012671,0.034821,0.040871,0.024125,0.015598,0.015947,0.024125,0.015733,0.032024,0.016087,0.015842,0.018474,0.015947
0.034588,0.012782,0.036333,0.040716,0.024034,0.015643,0.015849,0.024034,0.01568,0.032088,0.016067,0.015958,0.019825,0.015849
0.035238,0.012717,0.036285,0.042286,0.02411,0.015733,0.015811,0.02411,0.015552,0.031163,0.016022,0.015848,0.019093,0.015811
0.035691,0.013092,0.036438,0.040232,0.024189,0.015884,0.015823,0.024189,0.015642,0.030517,0.016078,0.015905,0.01866,0.015823
0.035192,0.012899,0.03641,0.040984,0.024135,0.015958,0.015822,0.024135,0.015692,0.031117,0.016221,0.015942,0.018884,0.015822
0.032819,0.01295,0.035123,0.039492,0.023945,0.015846,0.015894,0.023945,0.015605,0.032832,0.016131,0.015838,0.018812,0.015894
0.035176,0.012739,0.034386,0.041134,0.023971,0.015737,0.015922,0.023971,0.015614,0.031944,0.015938,0.016016,0.020244,0.015922
0.035028,0.012941,0.03623,0.040864,0.024059,0.015797,0.015876,0.024059,0.015504,0.030888,0.01613,0.015779,0.018748,0.015876
0.034941,0.012994,0.036381,0.0412,0.02415,0.015606,0.015735,0.02415,0.015632,0.030511,0.015877,0.015823,0.019608,0.015735
0.036362,0.012446,0.035955,0.039535,0.024262,0.015677,0.015774,0.024262,0.015769,0.031725,0.015999,0.015921,0.019038,0.015774
0.035421,0.012491,0.036621,0.039648,0.024057,0.015716,0.015805,0.024057,0.015678,0.032611,0.015949,0.015799,0.01866,0.015805
0.032722,0.012908,0.035138,0.038065,0.024079,0.015827,0.015856,0.024079,0.015482,0.03216,0.015947,0.015764,0.01844,0.015856
0.034979,0.012517,0.034044,0.040803,0.024107,0.01574,0.015932,0.024107,0.015397,0.031462,0.015981,0.015741,0.020216,0.015932
0.034221,0.012289,0.034871,0.041374,0.024108,0.015784,0.015841,0.024108,0.015465,0.029571,0.015968,0.015854,0.019535,0.015841
0.035098,0.012344,0.036013,0.041372,0.023946,0.015968,0.015903,0.023946,0.015469,0.030873,0.016116,0.015906,0.01987,0.015903
0.035508,0.01273,0.036044,0.039305,0.023855,0.015965,0.015881,0.023855,0.015476,0.031318,0.016163,0.01587,0.019303,0.015881
0.034103,0.012435,0.035514,0.040113,0.023967,0.015985,0.015782,0.023967,0.015629,0.031773,0.015983,0.015819,0.018761,0.015782
0.034658,0.012888,0.035586,0.038935,0.024245,0.015926,0.01576,0.024245,0.015393,0.031758,0.016179,0.015889,0.018377,0.01576
0.034674,0.012657,0.034299,0.040454,0.024254,0.015706,0.015746,0.024254,0.015491,0.030257,0.015746,0.015913,0.018601,0.015746
0.034314,0.012358,0.035033,0.040635,0.024324,0.016053,0.015844,0.024324,0.015493,0.031123,0.016095,0.015927,0.020056,0.015844
0.03608,0.012576,0.03539,0.040863,0.023982,0.015999,0.015938,0.023982,0.015406,0.032047,0.01594,0.015756,0.018773,0.015938
0.03536,0.01254,0.036053,0.040389,0.024096,0.015846,0.015897,0.024096,0.015514,0.031519,0.015859,0.015835,0.019939,0.015897
0.033429,0.012631,0.035703,0.040562,0.024067,0.015925,0.015614,0.024067,0.015259,0.030658,0.015773,0.015811,0.019063,0.015614
3.6189,5.0517,3.4958,3.3662,3.8568,4.7972,4.776,3.8568,4.8248,3.9714,4.8113,4.7855,4.6318,4.776
0,0,0,0,0,0,0,0,0,0,0,0,0,0
0,0,0,0,0,0,0,0,0,0,0,0,0,0
0,0,0,0,0,0,0,0,0,0,0,0,0,0
0,0,0,0,0,0,0,0,0,0,0,0,0,0
0,0,0,0,0,0,0,0,0,0,0,0,0,0
0,0,0,0,0,0,0,0,0,0,0,0,0,0
0,0,0,0,0,0,0,0,0,0,0,0,0,0
0,0,0,0,0,0,0,0,0,0,0,0,0,0
0,0,0,0,0,0,0,0,0,0,0,0,0,0
0,0,0,0,0,0,0,0,0,0,0,0,0,0
2.4741,5.0327,3.4967,3.3614,0.20144,2.2793,0,0.20144,4.3955,3.9511,2.2576,0,4.6295,0
1.0993,0.013015,0.036753,0.042014,3.5724,2.4538,4.766,3.5724,0.35615,0.032653,2.5026,4.7853,0.019705,4.766
0.034265,0.01307,0.035754,0.041149,0.030604,0.016033,0.018355,0.030604,0.016609,0.031708,0.015687,0.015927,0.018287,0.018355
0.035242,0.012753,0.034898,0.041488,0.027398,0.015962,0.01746,0.027398,0.01628,0.031458,0.015653,0.015891,0.0183,0.01746
0.036087,0.01273,0.035815,0.040557,0.02497,0.015929,0.016743,0.02497,0.016303,0.03101,0.015549,0.015827,0.018615,0.016743
0.034605,0.013051,0.03661,0.04042,0.024751,0.015867,0.016125,0.024751,0.015942,0.031874,0.015489,0.015971,0.019245,0.016125
0.033933,0.01297,0.036116,0.039013,0.024839,0.015928,0.015873,0.024839,0.016062,0.03326,0.015637,0.015982,0.019729,0.015873
0.034396,0.012883,0.036201,0.039568,0.024397,0.01587,0.016076,0.024397,0.016042,0.031966,0.015608,0.015967,0.019576,0.016076
0.034449,0.012755,0.035138,0.040029,0.024517,0.01588,0.015843,0.024517,0.016046,0.031277,0.015488,0.015868,0.018863,0.015843
0.03695,0.01302,0.034936,0.041462,0.024717,0.016003,0.015896,0.024717,0.015848,0.030048,0.015737,0.015917,0.018498,0.015896
0.035422,0.012632,0.035818,0.040574,0.02454,0.015748,0.016008,0.02454,0.015977,0.031119,0.015395,0.015883,0.018162,0.016008
0.032864,0.012588,0.036088,0.040201,0.024785,0.015848,0.016028,0.024785,0.015936,0.032416,0.015472,0.015816,0.01847,0.016028
0.035301,0.012622,0.036265,0.038976,0.02461,0.015924,0.016041,0.02461,0.015838,0.032004,0.015596,0.015793,0.019492,0.016041
0.033919,0.012633,0.037145,0.040115,0.024355,0.015789,0.015995,0.024355,0.016016,0.031233,0.015427,0.015696,0.019546,0.015995
0.035434,0.012501,0.035142,0.040753,0.024257,0.015573,0.015919,0.024257,0.015807,0.029569,0.015394,0.015924,0.019449,0.015919
0.036375,0.012843,0.034558,0.040987,0.024636,0.015885,0.016031,0.024636,0.016034,0.031832,0.015719,0.015891,0.019146,0.016031
0.035134,0.012936,0.035547,0.040453,0.024666,0.015823,0.015878,0.024666,0.016064,0.032218,0.015579,0.015849,0.018652,0.015878
0.032034,0.013026,0.036989,0.0401,0.024568,0.015863,0.015872,0.024568,0.015869,0.031583,0.015667,0.015951,0.018618,0.015872
0.034664,0.013208,0.037136,0.038832,0.024658,0.015791,0.015698,0.024658,0.015847,0.030958,0.015561,0.015956,0.018515,0.015698
0.03343,0.012941,0.037145,0.039607,0.02502,0.015619,0.015815,0.02502,0.015997,0.02954,0.015483,0.015867,0.019611,0.015815
0.03488,0.013011,0.035918,0.039776,0.024418,0.015762,0.01585,0.024418,0.01596,0.031281,0.015584,0.015895,0.019813,0.01585
0.03525,0.012762,0.034501,0.041544,0.024371,0.015587,0.015782,0.024371,0.015928,0.11744,0.015496,0.015989,0.019639,0.015782
0.034425,0.012746,0.035732,0.040194,0.024681,0.015821,0.015718,0.024681,0.015989,0.416,0.015651,0.015731,0.019477,0.015718
0.1107,0.012665,0.036221,0.040092,0.024448,0.015782,0.015803,0.024448,0.015872,0.45004,0.01568,0.015914,0.018509,0.015803
0.24223,0.012456,0.036089,0.039373,0.024361,0.015592,0.01578,0.024361,0.015834,0.25632,0.015523,0.015867,0.01847,0.01578
0.61546,0.012692,0.036682,0.045512,0.024336,0.015627,0.015852,0.024336,0.015973,0.13785,0.015567,0.015806,0.018879,0.015852
0.73311,0.012924,0.035213,0.042421,0.024484,0.015708,0.015816,0.024484,0.015915,0.09093,0.015596,0.015889,0.019515,0.015816
0.44317,0.012821,0.034732,0.042229,0.024419,0.015639,0.015786,0.024419,0.015756,0.081171,0.015565,0.015988,0.019869,0.015786
0.40183,0.013019,0.035372,0.04066,0.02431,0.015592,0.015659,0.02431,0.015645,0.08489,0.015496,0.015907,0.019773,0.015659
0.29018,0.013198,0.036422,0.040482,0.02419,0.015735,0.015887,0.02419,0.015694,0.082694,0.015635,0.015885,0.019489,0.015887
0.12704,0.01314,0.036715,0.039052,0.02428,0.015726,0.015907,0.02428,0.015635,0.077955,0.015609,0.016042,0.018715,0.015907
0.10899,0.012453,0.036319,0.04117,0.024494,0.015756,0.015914,0.024494,0.015738,0.070646,0.015697,0.015921,0.018814,0.015914
0.079546,0.012726,0.035452,0.040416,0.024472,0.015702,0.016022,0.024472,0.015741,0.061028,0.01562,0.015856,0.018815,0.016022
0.083288,0.012762,0.034413,0.041574,0.024444,0.015619,0.01584,0.024444,0.015868,0.05786,0.015546,0.015925,0.019971,0.01584
0.063859,0.013526,0.036027,0.038997,0.024185,0.015693,0.015852,0.024185,0.015743,0.051244,0.015533,0.015922,0.019363,0.015852
0.056897,0.012957,0.035577,0.040045,0.024635,0.01562,0.01604,0.024635,0.015829,0.046386,0.015616,0.015838,0.019922,0.01604
0.050689,0.013181,0.036276,0.038882,0.02441,0.015571,0.015939,0.02441,0.015617,0.040029,0.015522,0.016049,0.019149,0.015939
0.049248,0.012642,0.036745,0.041327,0.024427,0.015561,0.01584,0.024427,0.015677,0.035978,0.015546,0.016051,0.018701,0.01584
0.04689,0.012831,0.034665,0.041366,0.024297,0.015595,0.01578,0.024297,0.015605,0.033954,0.015592,0.015936,0.01865,0.01578
0.044915,0.012614,0.034504,0.041781,0.02428,0.015486,0.015953,0.02428,0.015724,0.03295,0.015439,0.01609,0.018427,0.015953
0.040567,0.012999,0.035653,0.040741,0.024265,0.015512,0.015853,0.024265,0.015819,0.031707,0.015485,0.015925,0.02036,0.015853
0.042818,0.012897,0.035908,0.040704,0.02448,0.015584,0.015775,0.02448,0.01588,0.030667,0.015536,0.0159,0.018976,0.015775
0.042757,0.013079,0.036217,0.039502,0.024454,0.015508,0.015926,0.024454,0.015664,0.029796,0.015483,0.015977,0.019938,0.015926
0.044111,0.012638,0.036686,0.040594,0.024426,0.015511,0.01578,0.024426,0.015837,0.029886,0.015506,0.015949,0.019045,0.01578
0.043754,0.012656,0.035178,0.041771,0.024436,0.015462,0.015881,0.024436,0.015612,0.029474,0.015387,0.015857,0.018501,0.015881
0.04186,0.012757,0.034676,0.041458,0.024372,0.01561,0.015817,0.024372,0.015666,0.02968,0.015515,0.015904,0.018529,0.015817
0.03955,0.012851,0.03534,0.040166,0.024439,0.015582,0.015717,0.024439,0.015735,0.0291,0.015516,0.015862,0.018846,0.015717
0.041706,0.01288,0.036254,0.039696,0.02423,0.015623,0.015736,0.02423,0.015723,0.027465,0.015592,0.015919,0.020025,0.015736
0.041696,0.012883,0.036298,0.039853,0.024241,0.015547,0.015924,0.024241,0.015637,0.028851,0.015465,0.016016,0.018679,0.015924
0.042728,0.013138,0.036772,0.040637,0.024176,0.015711,0.015835,0.024176,0.015911,0.028727,0.015582,0.015869,0.019696,0.015835
0.043153,0.013175,0.035887,0.041172,0.024106,0.015554,0.015802,0.024106,0.015648,0.028525,0.015504,0.015882,0.01893,0.015802
0.040545,0.012856,0.035203,0.04169,0.024238,0.015518,0.015895,0.024238,0.015582,0.02846,0.015493,0.015839,0.018945,0.015895
0.040053,0.013042,0.035235,0.0409,0.024177,0.01571,0.015988,0.024177,0.015676,0.027336,0.015596,0.015855,0.018777,0.015988
0.042892,0.01253,0.036257,0.038449,0.02419,0.015576,0.015956,0.02419,0.015514,0.028547,0.015477,0.01593,0.018646,0.015956
0.043885,0.012887,0.036218,0.039666,0.024325,0.015791,0.015915,0.024325,0.015476,0.028904,0.015698,0.015983,0.0197,0.015915
0.043308,0.012787,0.036345,0.040324,0.024035,0.015556,0.01593,0.024035,0.01568,0.028651,0.015491,0.015834,0.018558,0.01593
0.043869,0.013082,0.036369,0.041525,0.02424,0.015511,0.016066,0.02424,0.015555,0.0285,0.015444,0.015927,0.019961,0.016066
0.039468,0.012663,0.034789,0.04092,0.024317,0.015543,0.015688,0.024317,0.015518,0.027335,0.015429,0.015906,0.019006,0.015688
0.042311,0.012909,0.035161,0.040801,0.02435,0.015568,0.015965,0.02435,0.015496,0.028286,0.015503,0.015858,0.01857,0.015965
0.041533,0.013518,0.036565,0.039022,0.024258,0.01569,0.015786,0.024258,0.015501,0.027601,0.015678,0.016016,0.0184,0.015786
0.044194,0.012965,0.036063,0.040029,0.024121,0.015725,0.016017,0.024121,0.015605,0.028665,0.015739,0.016062,0.018429,0.016017
0.043184,0.012844,0.035863,0.040516,0.024051,0.015593,0.015835,0.024051,0.015483,0.028665,0.015586,0.015884,0.020463,0.015835
0.04147,0.012853,0.03602,0.041517,0.024209,0.015622,0.015967,0.024209,0.015498,0.026994,0.015607,0.01584,0.018991,0.015967
0.039043,0.013702,0.035863,0.039756,0.02434,0.015506,0.015957,0.02434,0.015635,0.028619,0.015492,0.015916,0.019815,0.015957
0.040998,0.013312,0.034594,0.040209,0.024373,0.015582,0.016034,0.024373,0.015633,0.027888,0.015561,0.015939,0.018695,0.016034
0.041259,0.012982,0.035287,0.03898,0.024514,0.015491,0.015965,0.024514,0.015469,0.028481,0.01549,0.015909,0.01823,0.015965
0.041854,0.012978,0.036344,0.040891,0.024233,0.01562,0.016199,0.024233,0.015504,0.029015,0.015608,0.015719,0.018734,0.016199
0.042437,0.013005,0.035871,0.040735,0.024029,0.015666,0.015965,0.024029,0.015518,0.027251,0.015666,0.015774,0.019136,0.015965
0.040123,0.012907,0.03654,0.041559,0.024237,0.015628,0.015785,0.024237,0.015621,0.028246,0.015628,0.015755,0.020083,0.015785
0.040408,0.013288,0.035703,0.040328,0.023895,0.01562,0.015948,0.023895,0.015507,0.028203,0.01562,0.015996,0.018768,0.015948
0.042102,0.013112,0.034857,0.040306,0.023936,0.015555,0.016098,0.023936,0.015462,0.028765,0.015555,0.015994,0.019549,0.016098
0.043752,0.012703,0.034994,0.039775,0.024417,0.015605,0.01601,0.024417,0.015375,0.02843,0.015605,0.015826,0.019131,0.01601
0.04189,0.012772,0.03636,0.040965,0.02428,0.015587,0.015915,0.02428,0.015699,0.027178,0.015587,0.015777,0.018842,0.015915
0.042932,0.012958,0.037307,0.040965,0.023838,0.015458,0.015907,0.023838,0.015575,0.028734,0.015458,0.015926,0.018641,0.015907
0.040244,0.012889,0.037641,0.041379,0.024079,0.015526,0.015924,0.024079,0.015518,0.028015,0.015526,0.015936,0.01895,0.015924
0.041096,0.01292,0.035509,0.040374,0.024061,0.015657,0.015959,0.024061,0.015473,0.028808,0.015657,0.01592,0.019696,0.015959
0.041412,0.012951,0.034804,0.039604,0.024211,0.015599,0.016287,0.024211,0.015518,0.02873,0.015599,0.015835,0.019147,0.016287
0.043399,0.012645,0.035303,0.039867,0.024549,0.015602,0.016374,0.024549,0.015495,0.028258,0.015602,0.01587,0.019612,0.016374
0.043867,0.013038,0.035994,0.040209,0.024469,0.015593,0.016416,0.024469,0.015588,0.028944,0.015593,0.015913,0.01851,0.016416
0.042387,0.013104,0.036612,0.04009,0.024162,0.015568,0.016231,0.024162,0.015701,0.028118,0.015568,0.015772,0.018643,0.016231
0.039297,0.012966,0.037298,0.040339,0.024012,0.01559,0.015792,0.024012,0.015642,0.028946,0.01559,0.015911,0.018188,0.015792
0.040978,0.012803,0.035261,0.039934,0.024211,0.015644,0.01581,0.024211,0.015598,0.028527,0.015644,0.015879,0.018672,0.01581
0.04081,0.01308,0.034566,0.038638,0.024235,0.015674,0.015974,0.024235,0.015519,0.027126,0.015674,0.016038,0.019895,0.015974
0.042714,0.012949,0.036285,0.040651,0.024063,0.015613,0.015854,0.024063,0.015537,0.028114,0.015613,0.015954,0.019341,0.015854
0.04458,0.012672,0.03655,0.041131,0.024156,0.015637,0.016124,0.024156,0.015533,0.02745,0.015637,0.015959,0.019399,0.016124
0.041465,0.012618,0.035445,0.041546,0.023942,0.015545,0.016003,0.023942,0.015567,0.028771,0.015545,0.016082,0.018772,0.016003
0.039595,0.01339,0.037549,0.040449,0.023756,0.015516,0.015741,0.023756,0.015523,0.028532,0.015516,0.015912,0.018653,0.015741
0.042176,0.013154,0.035774,0.04048,0.023873,0.015547,0.015823,0.023873,0.015469,0.026952,0.015547,0.015756,0.018815,0.015823
0.042042,0.01269,0.034643,0.039097,0.024357,0.015544,0.015956,0.024357,0.015621,0.028083,0.015544,0.015825,0.019575,0.015956
0.041527,0.012597,0.035226,0.040976,0.024251,0.015453,0.015844,0.024251,0.015529,0.027825,0.015453,0.015811,0.019786,0.015844
0.042982,0.012794,0.036033,0.040782,0.024101,0.015453,0.015925,0.024101,0.015524,0.028193,0.015453,0.015846,0.01917,0.015925
0.041036,0.012761,0.03615,0.040832,0.023857,0.015666,0.016011,0.023857,0.01559,0.028813,0.015666,0.016009,0.019226,0.016011
0.039429,0.012659,0.036557,0.039515,0.024096,0.01575,0.015766,0.024096,0.015627,0.027332,0.01575,0.016022,0.019027,0.015766
0.042282,0.013133,0.035615,0.04075,0.024245,0.015698,0.015989,0.024245,0.015531,0.028108,0.015698,0.015842,0.018318,0.015989
0.04309,0.012842,0.034791,0.040172,0.024207,0.015682,0.015956,0.024207,0.015488,0.02802,0.015682,0.015885,0.018701,0.015956
0.042358,0.012865,0.03557,0.041176,0.024507,0.015729,0.015907,0.024507,0.015563,0.028659,0.015729,0.015978,0.01919,0.015907
0.043248,0.01275,0.036056,0.041015,0.024157,0.015666,0.015958,0.024157,0.015752,0.02804,0.015666,0.015836,0.019602,0.015958
0.044267,0.012769,0.036301,0.041989,0.024174,0.015652,0.015901,0.024174,0.015387,0.028764,0.015652,0.015773,0.020907,0.015901
0.042112,0.012751,0.036074,0.039586,0.024123,0.015647,0.015958,0.024123,0.015582,0.028082,0.015647,0.01573,0.019002,0.015958
0.043343,0.012685,0.035403,0.038934,0.024102,0.015541,0.015842,0.024102,0.015507,0.028614,0.015541,0.015811,0.018615,0.015842
0.04345,0.012685,0.034869,0.039402,0.024154,0.015677,0.015836,0.024154,0.01547,0.028074,0.015677,0.015763,0.018582,0.015836
0.041575,0.012712,0.035785,0.040739,0.024063,0.015684,0.015796,0.024063,0.015461,0.02673,0.015684,0.015813,0.019857,0.015796
0.039738,0.012741,0.036088,0.040944,0.024325,0.015582,0.015917,0.024325,0.015423,0.028302,0.015582,0.015971,0.019755,0.015917
0.041276,0.012851,0.035487,0.040302,0.024276,0.01579,0.015963,0.024276,0.015491,0.028335,0.01579,0.016022,0.019696,0.015963
0.041888,0.013156,0.036261,0.038687,0.024364,0.01561,0.015863,0.024364,0.015455,0.028733,0.01561,0.01592,0.019173,0.015863
0.043205,0.013064,0.035559,0.041172,0.024393,0.015618,0.015769,0.024393,0.015587,0.0286,0.015618,0.015769,0.018328,0.015769
0.043548,0.012829,0.035209,0.040678,0.024046,0.015604,0.015869,0.024046,0.015405,0.026944,0.015604,0.015825,0.018528,0.015869
0.041124,0.013038,0.036759,0.041019,0.024144,0.015522,0.015945,0.024144,0.015315,0.028375,0.015522,0.015854,0.018653,0.015945
0.039905,0.013016,0.036816,0.039917,0.024093,0.015696,0.015942,0.024093,0.015399,0.028425,0.015696,0.015774,0.019745,0.015942
0.041684,0.012801,0.035745,0.040885,0.024072,0.015735,0.015788,0.024072,0.015393,0.028536,0.015735,0.015977,0.019592,0.015788
0.042175,0.01322,0.036473,0.038846,0.024071,0.015598,0.015954,0.024071,0.015378,0.028073,0.015598,0.01601,0.019657,0.015954
0.042393,0.012889,0.035314,0.041086,0.024175,0.015674,0.015863,0.024175,0.015309,0.027058,0.015674,0.015989,0.019188,0.015863
0.043468,0.012621,0.033773,0.040397,0.023982,0.015753,0.015927,0.023982,0.015363,0.028186,0.015753,0.015768,0.018615,0.015927
0.041528,0.012657,0.035789,0.041,0.024091,0.01574,0.015784,0.024091,0.015485,0.028341,0.01574,0.015877,0.018285,0.015784
0.039365,0.013013,0.036984,0.039955,0.023965,0.015786,0.015754,0.023965,0.015407,0.028885,0.015786,0.016039,0.018667,0.015754
0.041997,0.012708,0.036187,0.040557,0.024102,0.015816,0.015797,0.024102,0.015446,0.028228,0.015816,0.016021,0.01958,0.015797
0.042541,0.012917,0.036717,0.038956,0.023844,0.015692,0.015803,0.023844,0.015621,0.026939,0.015692,0.015894,0.01958,0.015803
0.042746,0.01311,0.034652,0.040467,0.023856,0.015698,0.015824,0.023856,0.015557,0.02804,0.015698,0.015946,0.019799,0.015824
0.044623,0.013087,0.035245,0.041165,0.02418,0.015821,0.015962,0.02418,0.015329,0.027903,0.015821,0.015717,0.019301,0.015962
0.041372,0.012976,0.035699,0.041288,0.02411,0.015761,0.015919,0.02411,0.015377,0.028758,0.015761,0.015922,0.019056,0.015919
0.041045,0.01279,0.036562,0.039226,0.023973,0.015788,0.015727,0.023973,0.015446,0.028668,0.015788,0.015956,0.018474,0.015727
0.043861,0.012864,0.036786,0.040112,0.024088,0.015774,0.015902,0.024088,0.015307,0.027163,0.015774,0.015901,0.018697,0.015902
0.045342,0.013316,0.037411,0.03909,0.023905,0.015796,0.015854,0.023905,0.01547,0.027659,0.015796,0.015928,0.019935,0.015854
0.04338,0.013227,0.035679,0.040501,0.024143,0.019935,0.015938,0.024143,0.015391,0.028053,0.019935,0.015922,0.022007,0.015938
0.043029,0.012859,0.035011,0.040858,0.024079,0.019571,0.015939,0.024079,0.015469,0.028485,0.019571,0.01599,0.025598,0.015939
0.039648,0.012779,0.035999,0.04103,0.024473,0.020896,0.016055,0.024473,0.015385,0.02814,0.020896,0.015835,0.025954,0.016055
0.041327,0.013287,0.036699,0.040147,0.02417,0.020685,0.016262,0.02417,0.015225,0.027477,0.020685,0.015911,0.026596,0.016262
0.042534,0.013446,0.036627,0.040435,0.02425,0.019288,0.016079,0.02425,0.01536,0.02816,0.019288,0.015915,0.028874,0.016079
0.044119,0.012956,0.036489,0.039622,0.024467,0.020038,0.01611,0.024467,0.015225,0.028447,0.020038,0.01595,0.022678,0.01611
0.04331,0.013154,0.035442,0.039945,0.024555,0.020229,0.015865,0.024555,0.015278,0.029141,0.020229,0.015842,0.025227,0.015865
0.041349,0.01291,0.034396,0.040735,0.02383,0.018895,0.015936,0.02383,0.015226,0.027549,0.018895,0.015776,0.024019,0.015936
0.039128,0.013083,0.035499,0.040942,0.024333,0.017452,0.015828,0.024333,0.015305,0.02733,0.017452,0.015797,0.025358,0.015828
0.041931,0.013021,0.03685,0.040176,0.023956,0.01681,0.015757,0.023956,0.015426,0.027792,0.01681,0.015885,0.023359,0.015757
0.040936,0.012872,0.036365,0.038599,0.024066,0.016565,0.015805,0.024066,0.015216,0.028054,0.016565,0.015913,0.021686,0.015805
0.042021,0.013156,0.036848,0.039468,0.024437,0.016548,0.015756,0.024437,0.01545,0.028816,0.016548,0.016051,0.021707,0.015756
0.04359,0.013412,0.03626,0.039876,0.024073,0.016497,0.015871,0.024073,0.015472,0.027384,0.016497,0.016104,0.021185,0.015871
0.041857,0.013161,0.035379,0.040648,0.024278,0.016364,0.015785,0.024278,0.015354,0.027674,0.016364,0.015962,0.021769,0.015785
0.040033,0.013031,0.035492,0.040828,0.024217,0.015968,0.015764,0.024217,0.015356,0.028029,0.015968,0.015944,0.020724,0.015764
0.043079,0.012979,0.036264,0.039855,0.024053,0.016262,0.015949,0.024053,0.015181,0.027865,0.016262,0.015784,0.021104,0.015949
0.042033,0.012704,0.035969,0.039875,0.024209,0.01654,0.016084,0.024209,0.015186,0.028392,0.01654,0.015921,0.020301,0.016084
0.041985,0.012679,0.036201,0.040915,0.024065,0.016376,0.015927,0.024065,0.015253,0.027343,0.016376,0.015837,0.02055,0.015927
0.0424,0.012978,0.036213,0.040941,0.024156,0.016171,0.015872,0.024156,0.015311,0.028052,0.016171,0.015987,0.03045,0.015872
0.040222,0.013098,0.035213,0.041188,0.02402,0.016112,0.015686,0.02402,0.015409,0.027541,0.016112,0.016014,0.029214,0.015686
0.040221,0.013162,0.035161,0.039341,0.024026,0.016104,0.015739,0.024026,0.015373,0.027965,0.016104,0.01594,0.030955,0.015739
0.043438,0.012976,0.036184,0.040053,0.024105,0.016199,0.015859,0.024105,0.015333,0.02808,0.016199,0.015977,0.028669,0.015859
0.043352,0.01288,0.036483,0.039166,0.024043,0.016154,0.015929,0.024043,0.015366,0.02741,0.016154,0.015952,0.028729,0.015929
0.043029,0.012959,0.035939,0.040923,0.024016,0.016182,0.015985,0.024016,0.015342,0.028237,0.016182,0.015864,0.034628,0.015985
0.043145,0.012976,0.036342,0.041502,0.024152,0.016098,0.015895,0.024152,0.015303,0.027715,0.016098,0.015846,0.027216,0.015895
0.040587,0.012928,0.035058,0.041686,0.024174,0.016169,0.01597,0.024174,0.015259,0.028617,0.016169,0.015971,0.028424,0.01597
0.041444,0.012808,0.035161,0.040178,0.024295,0.016091,0.015984,0.024295,0.015308,0.028418,0.016091,0.015831,0.029775,0.015984
0.043038,0.012822,0.036621,0.039357,0.024162,0.016084,0.015797,0.024162,0.015406,0.028091,0.016084,0.015826,0.02582,0.015797
0.045166,0.012558,0.035553,0.040614,0.023865,0.016153,0.015717,0.023865,0.015262,0.028385,0.016153,0.015917,0.022898,0.015717
0.043298,0.012591,0.035846,0.040616,0.023697,0.016084,0.015779,0.023697,0.015317,0.027422,0.016084,0.015991,0.022144,0.015779
0.043098,0.01284,0.036622,0.041274,0.023613,0.016092,0.015741,0.023613,0.015313,0.028485,0.016092,0.016059,0.021257,0.015741
0.038925,0.0128,0.035107,0.040675,0.023631,0.015986,0.015913,0.023631,0.015333,0.02864,0.015986,0.016033,0.020606,0.015913
0.042487,0.013134,0.035469,0.039846,0.024037,0.015898,0.01589,0.024037,0.015543,0.027687,0.015898,0.015975,0.020481,0.01589
0.041159,0.01275,0.036428,0.039164,0.024185,0.016001,0.015891,0.024185,0.015397,0.02818,0.016001,0.01592,0.019942,0.015891
0.04245,0.013372,0.036866,0.040495,0.02407,0.016021,0.015877,0.02407,0.015513,0.027887,0.016021,0.015877,0.02064,0.015877
0.043308,0.013361,0.036919,0.040247,0.023942,0.015919,0.015913,0.023942,0.015428,0.028549,0.015919,0.015939,0.020463,0.015913
0.042089,0.012872,0.036793,0.041761,0.024079,0.01586,0.015883,0.024079,0.015502,0.028608,0.01586,0.015934,0.020495,0.015883
0.039561,0.012722,0.035225,0.04101,0.023958,0.015778,0.015918,0.023958,0.015441,0.027672,0.015778,0.015942,0.019969,0.015918
0.042277,0.012665,0.034509,0.040803,0.024116,0.015865,0.015869,0.024116,0.01552,0.028405,0.015865,0.015881,0.019842,0.015869
0.042143,0.012556,0.035859,0.039371,0.024072,0.015859,0.015687,0.024072,0.015383,0.027105,0.015859,0.0157,0.019281,0.015687
0.041494,0.01285,0.036406,0.040181,0.024102,0.015675,0.015681,0.024102,0.015377,0.028387,0.015675,0.015814,0.020659,0.015681
0.043141,0.012403,0.035766,0.040705,0.024266,0.015754,0.015748,0.024266,0.015217,0.028131,0.015754,0.015951,0.020655,0.015748
0.039941,0.012866,0.035947,0.041735,0.024215,0.015883,0.015927,0.024215,0.015498,0.027365,0.015883,0.015928,0.020356,0.015927
0.040713,0.012669,0.034533,0.040088,0.024151,0.01576,0.015872,0.024151,0.015527,0.027652,0.01576,0.015829,0.020162,0.015872
0.04135,0.013189,0.035621,0.040225,0.024161,0.015881,0.015733,0.024161,0.015278,0.027652,0.015881,0.015869,0.019539,0.015733
0.044629,0.012817,0.036152,0.038252,0.024295,0.015838,0.015821,0.024295,0.015357,0.028144,0.015838,0.015901,0.019749,0.015821
0.042742,0.013086,0.036772,0.04086,0.024198,0.015866,0.01587,0.024198,0.015346,0.028367,0.015866,0.015819,0.019705,0.01587
0.04203,0.013084,0.036387,0.040299,0.023887,0.015815,0.016027,0.023887,0.015301,0.027809,0.015815,0.015976,0.020276,0.016027
0.039212,0.013014,0.037058,0.041282,0.023838,0.015876,0.015866,0.023838,0.015325,0.028583,0.015876,0.015987,0.020247,0.015866
0.041995,0.013349,0.036088,0.040127,0.024215,0.015723,0.0159,0.024215,0.015352,0.027649,0.015723,0.015938,0.020296,0.0159
0.041141,0.01354,0.035133,0.040897,0.024143,0.015811,0.015954,0.024143,0.01545,0.028264,0.015811,0.015836,0.020029,0.015954
0.041679,0.01321,0.035889,0.038966,0.024061,0.015815,0.015989,0.024061,0.015428,0.028532,0.015815,0.015811,0.019366,0.015989
0.042868,0.012534,0.03653,0.040342,0.024184,0.015769,0.015978,0.024184,0.015517,0.027506,0.015769,0.015905,0.019047,0.015978
0.041363,0.012578,0.035836,0.042377,0.024097,0.015774,0.015957,0.024097,0.01533,0.028461,0.015774,0.015887,0.018984,0.015957
0.039385,0.012787,0.036722,0.0418,0.023982,0.015709,0.015756,0.023982,0.015389,0.02732,0.015709,0.015915,0.019705,0.015756
0.041636,0.013294,0.03591,0.040283,0.023925,0.015661,0.015915,0.023925,0.015355,0.028505,0.015661,0.015888,0.019261,0.015915
