NaN,NaN,NaN,NaN,NaN,NaN,NaN
0.33797,1.1847,1.2959,1.2574,1.3661,1.258,1.226
0.041003,0.038597,0.034104,0.034,0.056151,0.13997,0.029081
0.042661,0.03731,0.033943,0.034064,0.05687,0.11661,0.029081
0.04276,0.036954,0.034119,0.034211,0.056426,0.097914,0.029099
0.041521,0.036496,0.034057,0.033976,0.060391,0.081636,0.02914
0.041122,0.035776,0.033914,0.034009,0.054667,0.073995,0.028921
0.041663,0.035468,0.03448,0.034042,0.052829,0.072217,0.028999
0.04186,0.034796,0.034824,0.034223,0.054693,0.074163,0.028882
0.0425,0.03431,0.035477,0.034023,0.054198,0.072588,0.02911
0.042045,0.033922,0.035706,0.033845,0.054547,0.068859,0.028763
0.041316,0.033887,0.034751,0.03379,0.052786,0.064285,0.028686
0.041335,0.033648,0.03455,0.034162,0.05295,0.058994,0.028301
0.041896,0.033543,0.034719,0.03407,0.053111,0.054846,0.02861
0.042265,0.03381,0.034547,0.034017,0.053143,0.052458,0.028702
0.041959,0.033108,0.034592,0.03403,0.053868,0.049197,0.02878
0.041814,0.032846,0.034593,0.033889,0.053508,0.048235,0.028738
0.041671,0.032918,0.034009,0.034063,0.0518,0.04634,0.029107
0.040983,0.032797,0.034014,0.034104,0.05187,0.044551,0.029687
0.041863,0.032723,0.033748,0.033957,0.05249,0.042637,0.029121
0.041785,0.03253,0.033525,0.033943,0.052162,0.041537,0.029174
0.042913,0.032501,0.033707,0.033902,0.051715,0.040528,0.028852
0.042855,0.032515,0.033503,0.034441,0.050909,0.040044,0.028924
0.041868,0.03276,0.033765,0.034238,0.051058,0.039478,0.028988
0.040953,0.032456,0.033617,0.033932,0.051921,0.03938,0.02836
0.041989,0.033018,0.034084,0.034068,0.051326,0.03843,0.02874
0.042658,0.032538,0.033986,0.034007,0.052025,0.038246,0.02879
0.0423,0.032462,0.18452,0.033926,0.050954,0.037074,0.028785
0.042639,0.033112,0.45834,0.033984,0.050659,0.037026,0.029127
0.041209,0.032471,0.47639,0.034185,0.051892,0.059175,0.028795
0.041205,0.03286,0.42897,0.033917,0.05248,0.13825,0.19687
0.041954,0.033384,0.25795,0.034175,0.051875,0.12918,0.36115
0.041632,0.032224,0.19685,0.033905,0.050862,0.10899,0.44365
0.043121,0.032659,0.16955,0.033941,0.050112,0.093801,0.34435
0.042194,0.032056,0.19423,0.033866,0.05096,0.082626,0.23648
0.041747,0.032318,0.20628,0.034273,0.051874,0.071493,0.18099
0.040492,0.032043,0.16325,0.035214,0.05087,0.0632,0.15471
0.040529,0.031925,0.14199,0.035015,0.050232,0.062083,0.14201
0.041965,0.031913,0.11133,0.034379,0.05082,0.067419,0.19923
0.042126,0.032182,0.30421,0.034304,0.051056,0.069818,0.16694
0.043165,0.032287,0.14485,0.034529,0.051399,0.073321,0.17079
0.04193,0.032443,0.17536,0.034038,0.050167,0.072888,0.35085
0.041323,0.03239,0.20144,0.033732,0.051033,0.067419,0.40271
0.040845,0.032268,0.15468,0.034166,0.050321,0.063892,0.29423
0.042797,0.032058,0.13456,0.034219,0.051248,0.059014,0.20668
0.041628,0.031654,0.12973,0.033748,0.052907,0.055952,0.1938
0.042854,0.032287,0.29301,0.034456,0.051205,0.052102,0.15697
0.042846,0.031944,0.42855,0.034626,0.050905,0.050446,0.12686
0.041463,0.032225,0.47244,0.034005,0.051452,0.049629,0.1187
0.040584,0.031649,0.41224,0.034125,0.050892,0.046629,0.098268
0.041808,0.031783,0.25595,0.033983,0.051513,0.045193,0.080873
0.041829,0.031684,0.20529,0.033862,0.17813,0.044277,0.07297
0.042963,0.031575,0.16505,0.033926,0.30117,0.043575,0.074527
0.043276,0.03195,0.12674,0.033818,0.55603,0.092264,0.077489
0.041753,0.032098,0.1943,0.033924,0.31613,0.18033,0.080672
0.041706,0.031742,0.22528,0.033796,0.35099,0.15928,0.079653
0.042894,0.032114,0.15524,0.034011,0.35131,0.13859,0.077883
0.041937,0.031817,0.14106,0.033901,0.28888,0.11085,0.08215
0.043145,0.031973,0.12505,0.034265,0.21642,0.088214,0.075608
0.042338,0.031736,0.11488,0.035047,0.20768,0.078745,0.073748
0.040962,0.031839,0.11041,0.034492,0.16848,0.077834,0.071838
0.040445,0.031537,0.10417,0.033981,0.42155,0.080906,0.069767
0.043067,0.031583,0.096168,0.033936,0.56421,0.076924,0.066568
0.040838,0.031196,0.081977,0.03411,0.57744,0.073051,0.061348
0.042153,0.031894,0.075556,0.034125,0.52234,0.064888,0.055973
0.04191,0.031501,0.077202,0.034062,0.43417,0.057922,0.052374
0.040465,0.031604,0.078028,0.034206,0.3737,0.055259,0.05081
0.040505,0.031535,0.081427,0.034423,0.23464,0.052521,0.04932
0.042756,0.03142,0.083094,0.034313,0.13127,0.049621,0.048391
0.04199,0.032161,0.46723,0.033749,0.10853,0.048004,0.047583
0.042791,0.031759,0.50401,0.03405,0.10041,0.045343,0.044679
0.043813,0.03232,0.50741,0.034097,0.097304,0.043038,0.045055
0.040734,0.031702,0.28921,0.033991,0.095508,0.041384,0.043441
0.040572,0.031581,0.2041,0.034189,0.091504,0.039925,0.04296
0.041767,0.031394,0.21018,0.03399,0.088794,0.039451,0.041257
0.040979,0.031657,0.21824,0.034083,0.08766,0.038609,0.040836
0.042392,0.031448,0.16695,0.033985,0.088036,0.038784,0.040091
0.04179,0.031451,0.15607,0.034315,0.082968,0.039458,0.039752
0.041413,0.031252,0.14553,0.034101,0.079004,0.039324,0.039453
0.041253,0.031585,0.13316,0.034122,0.076276,0.037981,0.039475
0.042684,0.031427,0.11216,0.034163,0.073627,0.036486,0.039631
0.042508,0.031659,0.089987,0.034104,0.072935,0.035077,0.039591
0.043229,0.031277,0.090175,0.03405,0.072304,0.034617,0.03957
0.042969,0.031422,0.091764,0.034308,0.073159,0.034533,0.038896
0.041476,0.031481,0.084652,0.034188,0.07221,0.034095,0.038619
0.041247,0.032287,0.07953,0.034382,0.07298,0.033578,0.038144
0.042565,0.19656,0.076831,0.034269,0.072326,0.033502,0.036903
0.041309,0.33785,0.073803,0.034211,0.071823,0.032852,0.035996
0.042608,0.34331,0.071108,0.03398,0.069248,0.033129,0.036569
0.041957,0.24366,0.067807,0.034181,0.068315,0.032999,0.034945
0.040781,0.23016,0.063607,0.034355,0.069296,0.032404,0.035199
0.040972,0.33855,0.059539,0.03433,0.067982,0.032684,0.034886
0.04213,0.37178,0.058536,0.034012,0.065332,0.032427,0.034108
0.041826,0.21953,0.053871,0.033804,0.061847,0.031967,0.034115
0.043046,0.26938,0.051137,0.034011,0.058994,0.031892,0.033159
0.042589,0.13459,0.048429,0.033879,0.059526,0.031821,0.033122
0.04161,0.081563,0.047109,0.033872,0.060274,0.031616,0.032898
0.040711,0.058045,0.045564,0.034085,0.058658,0.031065,0.032538
0.041896,0.048685,0.04486,0.034135,0.057275,0.031331,0.031694
0.041415,0.044283,0.044478,0.033857,0.057006,0.031042,0.031377
0.04282,0.042321,0.044128,0.033875,0.058658,0.031317,0.031222
0.041884,0.040219,0.043127,0.033975,0.058153,0.031776,0.16207
0.041276,0.043012,0.043036,0.03394,0.055471,0.032304,0.43931
0.041243,0.03841,0.042532,0.033922,0.055309,0.031598,0.40132
0.04209,0.039496,0.041035,0.034192,0.054539,0.031638,0.36045
0.042269,0.03758,0.040449,0.033903,0.055547,0.030929,0.22674
0.042641,0.037024,0.040386,0.033999,0.054146,0.030705,0.16132
0.0425,0.037014,0.041186,0.033941,0.051892,0.030587,0.20186
0.041165,0.036646,0.041469,0.034267,0.052347,0.030622,0.17719
0.040407,0.035887,0.040908,0.033748,0.051336,0.030656,0.14086
0.042612,0.035595,0.039404,0.033871,0.052451,0.030707,0.13106
0.04165,0.035298,0.039154,0.033668,0.05354,0.030517,0.11998
0.042435,0.034652,0.038941,0.034052,0.051603,0.030622,0.10446
0.042593,0.033987,0.038348,0.034061,0.049936,0.03065,0.099049
0.041355,0.033709,0.038065,0.033982,0.050412,0.030487,0.099606
0.041033,0.033593,0.037401,0.033985,0.051714,0.030521,0.093169
0.042088,0.034941,0.037146,0.033979,0.052129,0.030851,0.23937
0.042899,0.033964,0.036808,0.03404,0.050264,0.030871,0.46376
0.04348,0.03371,0.036164,0.034167,0.049307,0.030746,0.37866
0.042437,0.033393,0.035913,0.033947,0.049652,0.030498,0.259
0.041021,0.03307,0.035548,0.033671,0.051413,0.030676,0.24713
0.040673,0.033407,0.035827,0.034104,0.051549,0.030342,0.20602
0.04225,0.033526,0.035229,0.034029,0.05004,0.030136,0.17234
0.041783,0.033806,0.035251,0.034098,0.048931,0.030089,0.15244
0.042773,0.033721,0.035235,0.033964,0.048091,0.030196,0.13846
0.041926,0.033475,0.035695,0.033934,0.05023,0.030367,0.1268
0.040966,0.033528,0.036867,0.03401,0.050455,0.029951,0.09803
0.040671,0.033581,0.036035,0.034138,0.048978,0.030447,0.073712
0.04268,0.03319,0.035873,0.033951,0.048236,0.030095,0.07744
0.042669,0.033033,0.035279,0.034108,0.047599,0.029831,0.082966
0.043636,0.033039,0.035804,0.034143,0.04986,0.029893,0.085006
0.04284,0.032936,0.035757,0.034104,0.050181,0.029862,0.087848
0.041395,0.033011,0.035471,0.033974,0.11892,0.029959,0.079488
0.042382,0.032997,0.035049,0.033954,0.67688,0.029991,0.072272
0.042239,0.032615,0.035114,0.034114,0.78473,0.030009,0.06662
0.042084,0.032665,0.035041,0.034173,0.4579,0.029911,0.062571
0.043244,0.032476,0.034138,0.034124,0.33612,0.030209,0.058168
0.042298,0.032417,0.034278,0.034315,0.36975,0.030086,0.05745
0.041162,0.032606,0.034306,0.034499,0.2278,0.030227,0.057555
0.041356,0.032216,0.034419,0.034246,0.1929,0.029764,0.058482
0.04257,0.032299,0.034565,0.033841,0.18182,0.030086,0.053254
0.042812,0.032374,0.034383,0.033941,0.17626,0.029959,0.049811
0.043054,0.032002,0.034358,0.034505,0.17448,0.030156,0.047759
0.042496,0.032129,0.034439,0.034228,0.17342,0.030495,0.045598
0.040469,0.031886,0.034636,0.034,0.1742,0.03033,0.044883
0.041587,0.03194,0.034793,0.034319,0.16833,0.03005,0.042822
0.042615,0.03189,0.036427,0.034148,0.15923,0.029824,0.041036
0.042834,0.031821,0.035549,0.034221,0.14277,0.029982,0.039328
0.042955,0.032049,0.035255,0.0341,0.12021,0.030038,0.039242
0.041899,0.031886,0.034927,0.033987,0.11993,0.03002,0.038097
0.040885,0.032071,0.03523,0.033798,0.12093,0.03027,0.037087
0.040457,0.031771,0.035155,0.034001,0.11842,0.029935,0.037042
0.04233,0.031562,0.034793,0.034211,0.11648,0.029996,0.035977
0.041781,0.031671,0.034666,0.034207,0.10605,0.029606,0.035703
0.042705,0.031581,0.034507,0.034004,0.10251,0.029837,0.035987
0.042272,0.031404,0.034428,0.034104,0.093521,0.029708,0.035942
0.040945,0.031866,0.034579,0.034003,0.079108,0.029473,0.035551
0.040781,0.031493,0.034558,0.034161,0.067531,0.029809,0.035002
0.042967,0.031401,0.034177,0.034236,0.057052,0.0298,0.034345
0.041792,0.031732,0.034029,0.034353,0.053082,0.029991,0.034401
0.043333,0.031656,0.034175,0.03441,0.050607,0.029871,0.034662
0.042435,0.031715,0.033917,0.034045,0.050023,0.030106,0.033939
0.041841,0.031782,0.034296,0.034227,0.049982,0.029982,0.033183
0.041213,0.03184,0.034166,0.033916,0.04865,0.03007,0.033138
0.041815,0.03179,0.033922,0.033616,0.04803,0.029826,0.032608
0.041211,0.031839,0.034094,0.034157,0.048646,0.02987,0.032345
0.043498,0.031819,0.034222,0.034346,0.049274,0.029584,0.031772
0.042882,0.03169,0.035293,0.034119,0.049244,0.029504,0.03169
0.041193,0.03185,0.03585,0.034131,0.047128,0.030074,0.031664
0.040655,0.03163,0.035333,0.034319,0.04718,0.02962,0.031582
0.043017,0.031417,0.034724,0.034156,0.04753,0.029789,0.031256
0.043131,0.031488,0.034365,0.033863,0.047972,0.029809,0.031232
0.044107,0.031668,0.034961,0.033919,0.047991,0.029642,0.031195
0.042257,0.031421,0.034721,0.034089,0.047223,0.029655,0.031196
0.041494,0.031555,0.034533,0.033915,0.047391,0.029727,0.030487
0.041201,0.031331,0.034314,0.034156,0.047083,0.029572,0.030803
0.043096,0.031289,0.034157,0.034288,0.38947,0.029948,0.031409
0.042271,0.031104,0.033754,0.034134,0.72019,0.029691,0.032635
0.04356,0.031135,0.034112,0.033921,0.58547,0.029646,0.032689
0.043294,0.031337,0.033944,0.033989,0.41982,0.029828,0.03174
0.041758,0.03152,0.034045,0.034333,0.33424,0.029637,0.031418
0.041486,0.031284,0.033972,0.034327,0.23315,0.029681,0.031989
0.042565,0.031584,0.033829,0.033875,0.15011,0.029752,0.031934
0.04193,0.031308,0.033869,0.034311,0.11599,0.029454,0.031435
0.043501,0.030987,0.033991,0.034084,0.11823,0.029627,0.031059
0.042934,0.031099,0.034131,0.034265,0.11998,0.064674,0.030752
0.041372,0.031132,0.03417,0.033918,0.12383,0.14176,0.030407
0.0408,0.031343,0.034317,0.033868,0.1227,0.14341,0.030258
0.042125,0.031344,0.033917,0.033949,0.12234,0.11097,0.030275
0.041425,0.031128,0.033822,0.033972,0.12429,0.089302,0.030544
0.045301,0.031381,0.033848,0.036874,0.12477,0.07462,0.035288
4.0331,4.1724,3.8029,3.7322,3.3651,4.3041,4.5097
0,0,0,0,0,0,0
0,0,0,0,0,0,0
0,0,0,0,0,0,0
0,0,0,0,0,0,0
0,0,0,0,0,0,0
0,0,0,0,0,0,0
0,0,0,0,0,0,0
0,0,0,0,0,0,0
0,0,0,0,0,0,0
2.0534,2.4234,0.69469,0,0,0,0
1.9554,1.7008,3.0509,3.7238,3.3611,4.2865,4.5293
0.044246,0.032931,0.034789,0.034448,0.30078,0.043978,0.11841
0.042743,0.031649,0.034685,0.034658,0.14194,0.043116,0.11555
0.041084,0.031539,0.033699,0.034728,0.1363,0.04198,0.10348
0.04322,0.030996,0.033842,0.034595,0.12933,0.039891,0.089374
0.042475,0.031076,0.034116,0.034196,0.1206,0.039773,0.0783
0.043806,0.032061,0.034299,0.034038,0.11907,0.038383,0.10923
0.043044,0.032265,0.034655,0.034154,0.11866,0.038346,0.43026
0.042037,0.031259,0.034223,0.03394,0.1096,0.037732,0.49186
0.041856,0.031234,0.034092,0.034055,0.10813,0.037504,0.32537
0.049151,0.031387,0.03392,0.033691,0.10545,0.056655,0.28001
0.44867,0.031146,0.034016,0.034039,0.10601,0.13282,0.1944
0.55168,0.031428,0.034362,0.033912,0.10419,0.12901,0.14512
0.47223,0.031632,0.034316,0.034057,0.099271,0.10615,0.14411
0.42253,0.031546,0.034196,0.034238,0.099032,0.094497,0.12234
0.21342,0.031431,0.034458,0.034196,0.094501,0.084148,0.1025
0.12253,0.031667,0.034012,0.033976,0.079165,0.074233,0.07213
0.093191,0.031311,0.033899,0.034085,0.068357,0.066717,0.069841
0.07966,0.031418,0.03428,0.034068,0.059641,0.061862,0.074855
0.06913,0.031591,0.034057,0.033971,0.060481,0.057345,0.082657
0.061149,0.031192,0.034138,0.034084,0.060017,0.060415,0.087597
0.054836,0.031082,0.034139,0.034028,0.05406,0.063034,0.082895
0.051311,0.03093,0.034258,0.033984,0.41781,0.068749,0.081072
0.051487,0.030861,0.034292,0.033791,0.748,0.068495,0.078274
0.049298,0.03095,0.034407,0.033714,0.55061,0.067625,0.076244
0.049154,0.047906,0.034232,0.033907,0.29414,0.064798,0.074507
0.047636,0.37329,0.034142,0.034089,0.31308,0.059902,0.0718
0.047598,0.49569,0.03473,0.033738,0.19111,0.056673,0.065082
0.046498,0.39377,0.034469,0.033869,0.1444,0.055426,0.061713
0.046416,0.30083,0.034223,0.033902,0.13517,0.052293,0.060451
0.04677,0.21956,0.033924,0.033972,0.12357,0.050435,0.055899
0.046795,0.25823,0.034287,0.033743,0.1172,0.048669,0.052356
0.045971,0.21848,0.034187,0.033929,0.11578,0.046429,0.051819
0.044905,0.22997,0.033982,0.034363,0.12069,0.044762,0.049548
0.044907,0.21849,0.034081,0.034238,0.12876,0.043166,0.047117
0.045199,0.16345,0.034554,0.034221,0.12449,0.041409,0.045774
0.045646,0.13035,0.035009,0.034416,0.12079,0.040076,0.044773
0.15535,0.10368,0.035846,0.034213,0.11715,0.03854,0.043446
0.64611,0.090827,0.035839,0.034408,0.10625,0.037555,0.042411
0.49858,0.08315,0.035089,0.034171,0.0919,0.036671,0.041645
0.21529,0.074566,0.034633,0.034216,0.083408,0.035471,0.04048
0.11896,0.067206,0.035295,0.034124,0.072095,0.035017,0.04028
0.095851,0.063595,0.034897,0.034111,0.069752,0.03452,0.039594
0.08127,0.059435,0.034834,0.034146,0.06767,0.034732,0.038859
0.069424,0.056516,0.035025,0.03413,0.068989,0.10818,0.038428
0.06565,0.053578,0.03444,0.034088,0.068973,0.16869,0.03813
0.061703,0.051141,0.034212,0.03429,0.064999,0.14654,0.038945
0.058716,0.049326,0.033964,0.034049,0.065162,0.13124,0.038626
0.057425,0.0482,0.03394,0.033814,0.064802,0.1076,0.038609
0.056883,0.046132,0.033908,0.033947,0.064251,0.082409,0.03807
0.052602,0.043999,0.033883,0.033929,0.065417,0.076472,0.037291
0.052563,0.04292,0.034073,0.033822,0.061794,0.075014,0.036698
0.050687,0.04148,0.033758,0.033966,0.061599,0.076668,0.036839
0.050336,0.040167,0.033798,0.034082,0.062655,0.074519,0.036475
0.049615,0.040213,0.033803,0.033632,0.064064,0.070073,0.037447
0.050179,0.039258,0.033923,0.033958,0.064499,0.06618,0.037258
0.049992,0.039951,0.03381,0.033804,0.065046,0.058995,0.037367
0.048705,0.039582,0.034019,0.033871,0.065526,0.054535,0.036713
0.048164,0.038798,0.033768,0.034131,0.065664,0.051131,0.036382
0.0475,0.037826,0.03357,0.034101,0.067816,0.049845,0.035638
0.047917,0.037669,0.03391,0.03399,0.069145,0.048478,0.035738
0.049255,0.036542,0.034016,0.03417,0.067165,0.046013,0.034482
0.048955,0.03649,0.033761,0.034131,0.066529,0.042663,0.034144
0.04752,0.035837,0.034092,0.034391,0.066651,0.04095,0.034121
0.04743,0.035722,0.034192,0.034087,0.069897,0.03962,0.033753
0.04716,0.034966,0.033927,0.034012,0.069117,0.039242,0.033348
0.048374,0.03464,0.056923,0.033971,0.067466,0.039207,0.033182
0.049667,0.034044,0.36855,0.033786,0.066396,0.039193,0.033025
0.049268,0.033903,0.46538,0.033902,0.067008,0.048978,0.032469
0.049182,0.034151,0.47024,0.033896,0.073494,0.11123,0.033007
0.049318,0.033583,0.30649,0.034434,0.076245,0.13545,0.033059
0.049459,0.033095,0.22836,0.03408,0.076072,0.12163,0.032858
0.050925,0.033112,0.18455,0.034011,0.2527,0.10698,0.032561
0.052884,0.032884,0.16401,0.033923,0.43787,0.089133,0.032723
0.052373,0.03294,0.22409,0.033806,0.4132,0.077983,0.032617
0.052239,0.032709,0.22616,0.033958,0.32165,0.067972,0.032765
0.052325,0.033301,0.17974,0.034196,0.54158,0.062723,0.032498
0.052767,0.034114,0.14326,0.03436,0.67362,0.059669,0.03228
0.05404,0.035498,0.13245,0.034512,0.45053,0.062456,0.032605
0.057258,0.03419,0.12499,0.034261,0.48051,0.066967,0.032426
0.057694,0.033945,0.10672,0.034057,0.30245,0.068847,0.033367
0.057577,0.033637,0.089695,0.033992,0.22176,0.071405,0.034586
0.057513,0.03394,0.079096,0.034209,0.20779,0.069489,0.034834
0.058753,0.033425,0.076126,0.034288,0.18105,0.06602,0.034141
0.060092,0.033189,0.071515,0.034003,0.13089,0.06312,0.033556
0.062403,0.033064,0.070348,0.034005,0.10532,0.056576,0.034068
0.062649,0.032206,0.065459,0.034034,0.10481,0.054579,0.033529
0.06187,0.032071,0.061473,0.034329,0.098617,0.051975,0.033068
0.061099,0.031834,0.058821,0.034415,0.098185,0.049133,0.032692
0.061984,0.032316,0.054741,0.033825,0.10063,0.048103,0.032245
0.060047,0.033243,0.053788,0.033937,0.10288,0.045484,0.032486
0.063162,0.033768,0.052014,0.034069,0.10529,0.043561,0.03196
0.060891,0.033601,0.053758,0.034204,0.10736,0.043215,0.031637
0.060233,0.033336,0.058155,0.034065,0.1109,0.041494,0.031539
0.057363,0.033422,0.06434,0.033933,0.11461,0.040302,0.031512
0.05703,0.033366,0.052159,0.034224,0.11321,0.039225,0.031669
0.055899,0.033073,0.044525,0.03374,0.11418,0.037926,0.031573
0.055913,0.032569,0.042069,0.034018,0.11862,0.036985,0.031395
0.055119,0.032415,0.041056,0.033765,0.12213,0.035873,0.031735
0.054535,0.032344,0.040553,0.034066,0.13056,0.035456,0.031767
0.052439,0.03194,0.040689,0.033884,0.12192,0.035362,0.032056
0.052483,0.031755,0.040609,0.034022,0.11849,0.03472,0.031904
0.051125,0.031932,0.041717,0.034464,0.12355,0.034061,0.032764
0.052223,0.032253,0.040538,0.034009,0.14207,0.033155,0.034693
0.050388,0.031995,0.040849,0.033869,0.15334,0.032711,0.03468
0.051119,0.031625,0.040397,0.033977,0.15389,0.032308,0.033924
0.047936,0.031711,0.040153,0.034157,0.15656,0.032384,0.033178
0.047989,0.03205,0.039357,0.033909,0.15386,0.031944,0.033507
0.048212,0.031737,0.038604,0.033681,0.13654,0.031694,0.03319
0.050209,0.031705,0.038059,0.034203,0.1331,0.031601,0.033528
0.049715,0.031645,0.038376,0.034215,0.12962,0.031497,0.032791
0.050724,0.031858,0.0378,0.034356,0.13059,0.031139,0.032581
0.048682,0.031589,0.037348,0.033841,0.12447,0.03092,0.032097
0.048697,0.031854,0.037028,0.034019,0.11988,0.030533,0.032031
0.048853,0.032478,0.036596,0.034179,0.12408,0.030699,0.031889
0.051856,0.033327,0.036203,0.034252,0.12374,0.030642,0.031911
0.050299,0.033755,0.036127,0.034151,0.13734,0.030398,0.031566
0.05007,0.033414,0.035891,0.033849,0.14036,0.030521,0.031649
0.048911,0.033593,0.036347,0.03386,0.14708,0.030347,0.031717
0.049562,0.033297,0.035943,0.034068,0.1471,0.03025,0.031663
0.048709,0.033259,0.035546,0.034028,0.14162,0.030209,0.031057
0.049976,0.032728,0.035478,0.034059,0.14064,0.029939,0.031242
0.05052,0.032719,0.035225,0.034292,0.13378,0.03029,0.0311
0.04988,0.032266,0.035018,0.034242,0.13189,0.030323,0.031057
0.048816,0.032033,0.035328,0.034155,0.1513,0.029742,0.030855
0.049363,0.031819,0.035091,0.034157,0.12674,0.030111,0.030789
0.048961,0.031641,0.035439,0.034078,0.13622,0.029733,0.031001
0.049455,0.032488,0.03646,0.033807,0.12773,0.029961,0.030739
0.050954,0.033162,0.035678,0.034081,0.12593,0.029869,0.030715
0.049698,0.033323,0.035696,0.034366,0.12047,0.029804,0.030793
0.050164,0.032944,0.035477,0.034044,0.12574,0.029858,0.032059
0.050111,0.033195,0.035302,0.034248,0.12773,0.030018,0.033565
0.050724,0.033047,0.035562,0.033872,0.12605,0.02953,0.032865
0.05192,0.032467,0.035106,0.033687,0.12094,0.029692,0.03243
0.05325,0.032817,0.034574,0.034288,0.12112,0.029751,0.031873
0.04987,0.032391,0.034859,0.034041,0.24485,0.02994,0.032206
0.04605,0.032094,0.0346,0.033796,0.64608,0.029662,0.031861
0.045636,0.031918,0.034814,0.034011,0.67926,0.029444,0.031336
0.043666,0.032044,0.034568,0.034332,0.41065,0.032291,0.031208
0.044197,0.031617,0.034477,0.034365,0.31502,0.14298,0.03106
0.043461,0.03184,0.034455,0.034234,0.29677,0.16505,0.030591
0.042175,0.032445,0.034093,0.033937,0.2245,0.13479,0.030326
0.040739,0.033198,0.033984,0.034255,0.15894,0.10958,0.030159
0.041293,0.033145,0.033897,0.033982,0.13269,0.091068,0.030189
0.041016,0.032664,0.03425,0.034111,0.11449,0.078287,0.029997
0.041305,0.033006,0.033973,0.034225,0.10413,0.076177,0.03028
0.04207,0.032602,0.0337,0.034053,0.097962,0.076694,0.029931
0.040951,0.032511,0.034032,0.034142,0.089826,0.076819,0.029939
0.040266,0.032706,0.034005,0.03422,0.086456,0.071483,0.029679
0.041136,0.03234,0.033633,0.034041,0.080488,0.067885,0.030173
0.039962,0.032281,0.034138,0.034132,0.080885,0.06112,0.030121
0.040216,0.031822,0.033848,0.033951,0.080038,0.057324,0.029746
0.041047,0.031465,0.033852,0.033958,0.076527,0.054817,0.030027
0.040565,0.031581,0.033864,0.034014,0.074777,0.051759,0.029901
0.040002,0.031993,0.033902,0.033907,0.070493,0.049754,0.029971
0.040213,0.03267,0.033741,0.033895,0.071763,0.046357,0.029889
0.040054,0.033219,0.033659,0.034223,0.071312,0.045042,0.029887
0.040015,0.032901,0.033932,0.033845,0.06905,0.043175,0.030371
0.040758,0.032824,0.033521,0.034069,0.067051,0.042684,0.032416
0.040106,0.032938,0.03388,0.033781,0.063692,0.041465,0.032334
0.038938,0.032609,0.033932,0.0342,0.067199,0.04106,0.031355
0.039836,0.032468,0.033533,0.034161,0.066757,0.040681,0.031325
0.039547,0.032547,0.033615,0.033874,0.063469,0.047092,0.031333
0.039686,0.032261,0.034057,0.033755,0.062007,0.12182,0.031557
0.041405,0.031944,0.034057,0.033851,0.059029,0.14087,0.030869
0.039892,0.031379,0.034146,0.033843,0.062718,0.11578,0.030361
0.0394,0.031781,0.03411,0.034286,0.063582,0.10138,0.03083
0.0394,0.032561,0.033725,0.034176,0.060263,0.085407,0.030323
0.038735,0.03293,0.03372,0.033823,0.058229,0.072613,0.029984
0.04064,0.032625,0.03376,0.034142,0.057573,0.065166,0.030082
0.041977,0.032558,0.033802,0.033849,0.06188,0.062225,0.029376
0.0408,0.032758,0.033843,0.033831,0.061874,0.064134,0.029556
0.039966,0.032607,0.034153,0.034241,0.060598,0.068445,0.029623
0.040603,0.032326,0.033802,0.034026,0.05744,0.070222,0.029591
0.039802,0.032657,0.033822,0.033868,0.058232,0.071825,0.029476
0.041053,0.032303,0.0338,0.033901,0.061977,0.069571,0.029172
0.041806,0.03182,0.033986,0.033966,0.06241,0.0649,0.029407
0.040611,0.031597,0.034072,0.034083,0.060071,0.061574,0.029323
0.039991,0.031112,0.033787,0.033921,0.058034,0.05664,0.029409
4.1119,4.1472,3.8503,3.735,3.3064,4.379,4.6129
0,0,0,0,0,0,0
0,0,0,0,0,0,0
0,0,0,0,0,0,0
0,0,0,0,0,0,0
0,0,0,0,0,0,0
0,0,0,0,0,0,0
0,0,0,0,0,0,0
0,0,0,0,0,0,0
0,0,0,0,0,0,0
1.9982,2.9636,0.9443,0,0,0,0
2.0796,1.1516,2.8408,3.7248,3.2766,4.3054,4.5841
0.040886,0.032115,0.034637,0.034332,0.060085,0.16437,0.029373
0.040688,0.03261,0.034567,0.034096,0.061365,0.14327,0.029317
0.03947,0.032757,0.034296,0.033938,0.066863,0.11664,0.029308
0.039427,0.032548,0.033892,0.034221,0.067887,0.093548,0.029041
0.040681,0.032751,0.034055,0.033949,0.068756,0.078791,0.028897
0.039979,0.032573,0.034052,0.034117,0.065579,0.078002,0.029009
0.040078,0.032498,0.034098,0.034142,0.069957,0.079316,0.029156
0.04135,0.032445,0.033871,0.034042,0.075242,0.077561,0.028829
0.040107,0.031929,0.033748,0.034176,0.080377,0.074866,0.028891
0.040107,0.031775,0.034061,0.033832,0.081017,0.065448,0.029149
0.039893,0.03167,0.03371,0.034215,0.079938,0.057421,0.031431
0.040137,0.031403,0.033741,0.034092,0.081713,0.056022,0.031978
0.039855,0.032241,0.033629,0.034254,0.084187,0.053284,0.030847
0.041053,0.032472,0.033694,0.033996,0.086331,0.050462,0.031
0.040642,0.032566,0.034176,0.033657,0.088218,0.049116,0.030494
0.039628,0.032088,0.033553,0.033927,0.085639,0.045017,0.030846
0.03955,0.032629,0.033983,0.033952,0.08645,0.043512,0.03041
0.039977,0.032661,0.033912,0.034027,0.089343,0.042562,0.02984
0.04048,0.032723,0.034014,0.034025,0.095054,0.042407,0.030088
0.040395,0.03236,0.033408,0.033827,0.10015,0.041266,0.029621
0.041085,0.032156,0.033609,0.033911,0.096181,0.040669,0.028995
0.039671,0.031629,0.033756,0.034076,0.096512,0.039968,0.029057
0.039307,0.031872,0.033968,0.034081,0.098948,0.037966,0.029184
0.039626,0.031952,0.11951,0.034113,0.1031,0.036104,0.028839
0.043858,0.032684,0.35859,0.034153,0.10879,0.034957,0.029019
0.050234,0.033081,0.36515,0.034117,0.11029,0.03438,0.028937
0.042971,0.032328,0.31947,0.033845,0.11355,0.033768,0.028744
0.043958,0.032392,0.17727,0.034064,0.11425,0.033528,0.028767
0.043458,0.032736,0.16343,0.034163,0.11653,0.033061,0.028806
0.039438,0.032221,0.22531,0.033918,0.11406,0.033149,0.028995
0.039786,0.032503,0.22888,0.033984,0.11428,0.032888,0.028959
0.040339,0.031885,0.18556,0.033786,0.11483,0.032754,0.029036
0.040879,0.031707,0.1658,0.033833,0.72262,0.032463,0.028613
0.040653,0.032035,0.15239,0.034304,0.7322,0.031938,0.028994
0.040269,0.03137,0.14366,0.034331,0.6568,0.03184,0.031072
0.03933,0.031903,0.13433,0.034061,0.47052,0.031416,0.0316
0.040052,0.032741,0.12273,0.034106,0.53734,0.031294,0.030976
0.04038,0.032704,0.11331,0.033851,0.74093,0.031624,0.030362
0.040117,0.032193,0.10193,0.033689,0.55467,0.031124,0.03057
0.039547,0.032584,0.096929,0.034015,0.28511,0.030958,0.030844
0.039429,0.032108,0.088133,0.033999,0.19539,0.030548,0.030122
0.039388,0.031986,0.080605,0.034136,0.17755,0.030525,0.029647
0.04034,0.032599,0.074814,0.034155,0.16842,0.030614,0.029501
0.041392,0.032526,0.070746,0.034149,0.16695,0.030184,0.029102
0.042039,0.031704,0.065141,0.033924,0.1619,0.029925,0.028925
0.04053,0.031375,0.059841,0.034009,0.14821,0.029906,0.028785
0.040593,0.031874,0.05556,0.034307,0.13949,0.02995,0.028901
0.040696,0.032585,0.052139,0.034088,0.13898,0.029831,0.028754
0.041378,0.032881,0.049097,0.034281,0.13177,0.029972,0.028482
0.04219,0.032201,0.047432,0.033999,0.11888,0.030041,0.028566
0.041618,0.032638,0.04577,0.034152,0.10895,0.02988,0.028398
0.041421,0.032509,0.044237,0.033913,0.10521,0.029885,0.028814
0.041654,0.032419,0.042576,0.034148,0.10558,0.029966,0.028603
0.041756,0.032282,0.042043,0.034126,0.099755,0.029814,0.028516
0.041174,0.032101,0.040896,0.033985,0.090901,0.02981,0.02845
0.041733,0.031846,0.040355,0.033994,0.082582,0.029713,0.028782
0.042683,0.031622,0.040026,0.034022,0.079299,0.029646,0.031048
0.041116,0.031528,0.039132,0.034284,0.073944,0.029863,0.031674
0.040399,0.031347,0.039028,0.034061,0.075615,0.029844,0.030992
0.040521,0.032038,0.038402,0.034113,0.07321,0.029929,0.030153
0.041915,0.032005,0.038438,0.033991,0.06987,0.029903,0.030116
0.62681,0.033482,0.03807,0.034036,0.067716,0.030014,0.03115
0.66788,0.035837,0.040286,0.034284,0.064244,0.031874,0.0324
0.47015,0.036609,0.03892,0.034118,0.066835,0.032203,0.031667
0.3401,0.0328,0.037322,0.034122,0.063898,0.030357,0.030038
0.28123,0.032426,0.037066,0.034016,0.060683,0.030317,0.029232
0.23533,0.032256,0.036443,0.034193,0.057849,0.029901,0.029151
0.16958,0.031897,0.036756,0.033915,0.056991,0.030139,0.028863
0.12512,0.032147,0.035934,0.033742,0.058761,0.029829,0.028889
0.10697,0.031471,0.036267,0.033926,0.058691,0.02987,0.028509
0.094831,0.031832,0.035993,0.034281,0.057106,0.029774,0.028995
0.090011,0.032287,0.036013,0.0341,0.053497,0.029542,0.028782
0.087353,0.032628,0.035967,0.034068,0.054308,0.029802,0.028391
0.085076,0.032412,0.035823,0.03416,0.055215,0.029644,0.028534
0.082294,0.032434,0.035692,0.034092,0.055516,0.029898,0.028392
0.078729,0.032254,0.035755,0.033971,0.054383,0.029951,0.028875
0.078493,0.032062,0.035646,0.034071,0.051828,0.029678,0.03078
0.081643,0.032014,0.035252,0.033945,0.051696,0.029294,0.031882
0.078795,0.032208,0.035465,0.033766,0.05397,0.029376,0.03126
0.081415,0.031732,0.035149,0.033863,0.054352,0.029558,0.0304
0.080669,0.032386,0.035123,0.033853,0.053297,0.029456,0.029719
0.079386,0.031917,0.0351,0.034176,0.048885,0.029501,0.029958
0.077765,0.032539,0.034957,0.034183,0.050402,0.029488,0.030278
0.079052,0.032229,0.035268,0.03398,0.052417,0.029172,0.029187
0.078427,0.032468,0.034795,0.033774,0.052566,0.029571,0.029241
0.081669,0.032264,0.03463,0.034207,0.052051,0.029692,0.029036
0.076012,0.032163,0.034624,0.033856,0.048888,0.02946,0.02867
0.073009,0.031886,0.034753,0.033755,0.050386,0.029232,0.028514
0.071384,0.03194,0.034741,0.034011,0.052031,0.029312,0.028784
0.073166,0.031944,0.034651,0.034146,0.052413,0.029423,0.028624
0.072289,0.031382,0.034771,0.034369,0.053202,0.029358,0.028344
0.074058,0.031817,0.034934,0.033774,0.048596,0.029816,0.028605
0.068662,0.032397,0.034732,0.033964,0.050198,0.029595,0.028318
0.067892,0.032799,0.034646,0.033772,0.051009,0.029388,0.028676
0.069124,0.032184,0.034725,0.03406,0.051329,0.029373,0.028465
0.071458,0.03284,0.034777,0.033675,0.051545,0.029403,0.02873
0.071407,0.032359,0.034888,0.034446,0.048166,0.02914,0.028517
0.069616,0.032466,0.034624,0.034011,0.049812,0.02953,0.028705
0.069238,0.032121,0.034789,0.033761,0.051073,0.029373,0.030899
0.066501,0.032033,0.034774,0.03393,0.05132,0.029419,0.031421
0.065964,0.032029,0.034481,0.034423,0.050322,0.02938,0.030925
0.068938,0.032308,0.034675,0.033865,0.047055,0.02923,0.030448
0.069863,0.03314,0.03477,0.033907,0.049436,0.029346,0.029915
0.071976,0.032166,0.034863,0.033722,0.050211,0.029264,0.030598
0.073924,0.032353,0.034637,0.033959,0.051091,0.029153,0.030117
0.07566,0.032475,0.035187,0.033912,0.050365,0.02918,0.029363
0.0708,0.032026,0.035239,0.034111,0.047908,0.029389,0.0294
0.41504,0.032577,0.035049,0.034116,0.048922,0.029419,0.029109
0.48442,0.033549,0.035043,0.034184,0.048575,0.029787,0.02928
0.41434,0.033241,0.035659,0.033791,0.050224,0.029937,0.029543
0.27945,0.032305,0.035355,0.034072,0.050565,0.029766,0.028837
0.13315,0.03159,0.034977,0.033831,0.047342,0.029347,0.028607
0.12566,0.032212,0.034938,0.033775,0.048942,0.029269,0.028308
0.12224,0.032718,0.034739,0.034169,0.048597,0.02951,0.028687
0.12034,0.032482,0.034798,0.033845,0.049935,0.029232,0.029594
0.12464,0.032765,0.034709,0.033795,0.049704,0.029223,0.031626
0.12829,0.032242,0.034738,0.034207,0.0478,0.029585,0.032187
0.1266,0.032235,0.034717,0.034239,0.047906,0.029198,0.030853
0.13043,0.032242,0.034898,0.033951,0.046837,0.029291,0.030509
0.13041,0.031998,0.035043,0.034016,0.065966,0.029132,0.030265
0.13057,0.03143,0.034687,0.034169,0.32178,0.029369,0.030418
0.13298,0.032072,0.034874,0.034478,0.49858,0.028914,0.029881
0.139,0.032364,0.034698,0.034164,0.38924,0.029276,0.029496
0.1372,0.032838,0.034449,0.033874,0.41295,0.02933,0.029065
0.13499,0.03252,0.034594,0.033961,0.6467,0.029328,0.028667
0.1379,0.032445,0.03456,0.034046,0.70344,0.029108,0.02891
0.13537,0.031967,0.034641,0.034125,0.63902,0.029404,0.028518
0.1259,0.032126,0.034282,0.034107,0.42702,0.029339,0.028757
0.12114,0.032108,0.034276,0.034018,0.29034,0.02922,0.028397
0.11397,0.031974,0.034445,0.034047,0.19973,0.029164,0.028615
0.10715,0.032264,0.034341,0.033952,0.18135,0.029639,0.028653
0.096302,0.032381,0.034463,0.034115,0.17723,0.029661,0.028562
0.085473,0.032812,0.034207,0.034132,0.17019,0.02931,0.028552
0.072398,0.032143,0.034144,0.034304,0.16377,0.029436,0.0287
0.063993,0.032617,0.034213,0.034325,0.16896,0.029268,0.028914
0.055526,0.032199,0.034464,0.034373,0.1667,0.029259,0.03195
0.054363,0.032349,0.034427,0.034096,0.16448,0.029509,0.031718
0.052237,0.032503,0.034186,0.034198,0.16425,0.029379,0.030857
0.051204,0.031931,0.034399,0.034326,0.15931,0.029395,0.030271
0.050265,0.031065,0.034442,0.034388,0.14104,0.029293,0.029758
0.048944,0.031428,0.034155,0.034323,0.10704,0.029816,0.030575
0.046745,0.032041,0.034292,0.033999,0.089526,0.029146,0.030251
0.049168,0.032624,0.03403,0.033851,0.076705,0.029338,0.029069
0.048001,0.032594,0.034072,0.034251,0.061238,0.029332,0.029284
0.049482,0.032863,0.034197,0.033896,0.057297,0.029249,0.028995
0.049627,0.032519,0.034026,0.033654,0.056433,0.029117,0.028752
0.048301,0.032021,0.034372,0.034165,0.054415,0.039724,0.028858
0.047223,0.03208,0.034502,0.034075,0.052706,0.12926,0.028401
0.049813,0.03201,0.034375,0.034115,0.052743,0.15358,0.028565
0.048014,0.031839,0.034444,0.033979,0.054284,0.12354,0.028464
0.050558,0.03162,0.034061,0.033938,0.053658,0.096268,0.028524
0.050712,0.031909,0.034315,0.034222,0.053271,0.076637,0.028486
0.048454,0.032427,0.034239,0.03411,0.051207,0.068863,0.028418
0.049429,0.031755,0.034446,0.03386,0.050069,0.066789,0.028656
0.050675,0.032644,0.034407,0.033828,0.053111,0.071621,0.028441
0.052498,0.03239,0.034674,0.033835,0.053549,0.075763,0.029686
0.054769,0.032267,0.034944,0.034013,0.051735,0.069993,0.032243
0.055373,0.032298,0.034925,0.034048,0.04944,0.068068,0.031386
0.053676,0.031903,0.034742,0.034191,0.048902,0.060278,0.030633
0.05281,0.031514,0.034564,0.033853,0.051383,0.054328,0.029771
0.053001,0.03211,0.034498,0.033967,0.051377,0.049017,0.030387
0.057139,0.032538,0.034404,0.033849,0.052236,0.050373,0.030526
0.056349,0.032522,0.034214,0.034006,0.049238,0.047606,0.076958
0.056862,0.032773,0.034512,0.033856,0.049331,0.046122,0.30548
0.056097,0.033174,0.034237,0.034094,0.050472,0.04378,0.3792
0.055824,0.032585,0.034098,0.033978,0.05109,0.042332,0.38556
0.055334,0.032449,0.033977,0.034057,0.051287,0.04184,0.34402
0.057172,0.03276,0.034187,0.033882,0.048254,0.040024,0.21393
0.059558,0.035624,0.034087,0.033675,0.049615,0.038531,0.16235
0.059161,0.034335,0.034707,0.034162,0.050922,0.038517,0.17819
0.057912,0.033246,0.034308,0.034336,0.051544,0.037174,0.17608
0.057403,0.033646,0.034038,0.033946,0.050937,0.036502,0.1449
0.058481,0.034841,0.034142,0.034194,0.048777,0.035884,0.12974
0.058951,0.033885,0.034078,0.033696,0.049211,0.03501,0.1225
0.060016,0.032866,0.034112,0.03415,0.050252,0.035069,0.10258
0.059725,0.032341,0.034272,0.034182,0.052282,0.034304,0.087406
0.058712,0.032053,0.034179,0.033893,0.051356,0.03396,0.079277
0.059464,0.0324,0.034547,0.033717,0.04882,0.033685,0.074156
