NaN,NaN,NaN,NaN,NaN,NaN,NaN,NaN,NaN,NaN,NaN,NaN,NaN
0.28766,1.1928,1.2314,1.3199,1.1646,1.2106,1.1001,1.328,1.9137,1.7852,1.4536,1.1535,1.8262
0.034562,0.032899,0.038213,0.036229,0.034389,0.045183,0.032194,0.066176,0.016927,0.017127,0.11285,0.04496,0.016601
0.03372,0.032625,0.037531,0.037508,0.033783,0.045532,0.032246,0.065596,0.016853,0.017186,0.098953,0.042086,0.016417
0.033772,0.032499,0.036961,0.036726,0.034898,0.044009,0.030805,0.062202,0.016745,0.016943,0.088805,0.041976,0.016266
0.033059,0.032326,0.03781,0.03546,0.034743,0.042919,0.032399,0.058049,0.016646,0.016924,0.083829,0.041879,0.016149
0.03276,0.033061,0.038095,0.034994,0.035185,0.042314,0.032333,0.053299,0.016532,0.016719,0.078609,0.044907,0.016208
0.033013,0.034077,0.038244,0.035055,0.034959,0.044769,0.03275,0.048733,0.016547,0.01658,0.07647,0.043846,0.016206
0.033125,0.033185,0.038003,0.03492,0.034187,0.043829,0.031538,0.045397,0.016541,0.016396,0.071888,0.042556,0.016278
0.032502,0.032994,0.038955,0.034812,0.033722,0.045054,0.031806,0.043279,0.016485,0.016272,0.066559,0.040747,0.016303
0.033756,0.033005,0.039,0.0371,0.033945,0.04291,0.033187,0.040201,0.016513,0.016138,0.061318,0.039951,0.016385
0.033966,0.032738,0.037695,0.037626,0.034261,0.041476,0.031355,0.038286,0.016292,0.015991,0.056362,0.040431,0.016438
0.033714,0.032304,0.037795,0.037409,0.035097,0.042018,0.03208,0.03859,0.016301,0.015941,0.05302,0.043056,0.016349
0.033908,0.032198,0.037075,0.035898,0.034354,0.044724,0.03318,0.037085,0.016416,0.015654,0.050211,0.0427,0.016371
0.033274,0.032859,0.037216,0.035234,0.034947,0.044294,0.032279,0.035201,0.016306,0.015652,0.047678,0.042214,0.016344
0.03241,0.032978,0.037228,0.034511,0.034166,0.045537,0.032295,0.034791,0.016095,0.015426,0.046052,0.039916,0.016276
0.032552,0.032892,0.037567,0.034784,0.033647,0.043204,0.030737,0.033859,0.016116,0.015281,0.043876,0.038908,0.016153
0.032549,0.032978,0.038095,0.034738,0.034312,0.041417,0.033381,0.032651,0.016129,0.015188,0.042313,0.039673,0.016376
0.032866,0.032725,0.039294,0.037691,0.034949,0.04186,0.032748,0.031179,0.015973,0.015134,0.04084,0.042216,0.01614
0.033256,0.032517,0.038329,0.037592,0.035234,0.043851,0.031062,0.031119,0.016063,0.014788,0.040439,0.040896,0.016226
0.033088,0.032315,0.0374,0.037122,0.034706,0.045912,0.03271,0.030138,0.016165,0.014751,0.038214,0.04188,0.016168
0.034034,0.032755,0.037333,0.035601,0.034417,0.045523,0.032681,0.0296,0.016082,0.014766,0.036979,0.039417,0.01616
0.0338,0.033154,0.037571,0.0355,0.033731,0.042702,0.032186,0.029544,0.016313,0.014671,0.036366,0.039177,0.015936
0.032892,0.033213,0.037311,0.034068,0.03385,0.041473,0.031286,0.029056,0.016299,0.014586,0.035823,0.039385,0.016171
0.03328,0.033402,0.037909,0.034828,0.033344,0.041443,0.03206,0.028154,0.016043,0.014411,0.036239,0.041795,0.016303
0.032577,0.032381,0.037779,0.035436,0.035174,0.043721,0.033165,0.030058,0.016211,0.014445,0.035354,0.041825,0.016297
0.032538,0.032769,0.03862,0.03771,0.035101,0.044882,0.031283,0.029564,0.016148,0.014362,0.034425,0.04138,0.016175
0.032355,0.032697,0.038777,0.037825,0.034899,0.048822,0.032986,0.029132,0.016288,0.01512,0.034259,0.12227,0.016293
0.032499,0.032132,0.037677,0.036568,0.033318,0.049847,0.033154,0.028894,0.016214,0.015897,0.034109,0.29809,0.016103
0.032441,0.032461,0.037912,0.03529,0.033565,0.053994,0.032424,0.028254,0.016159,0.016854,0.034466,0.39324,0.016158
0.033722,0.032809,0.042202,0.035343,0.034043,0.064402,0.032451,0.027367,0.015988,0.015334,0.033154,0.33965,0.016063
0.033757,0.033552,0.038797,0.035198,0.035432,0.05075,0.031288,0.027412,0.01595,0.014302,0.033428,0.24546,0.016333
0.034024,0.032682,0.038412,0.035325,0.035021,0.049697,0.034063,0.027111,0.016081,0.014245,0.032894,0.15431,0.016047
0.033624,0.03305,0.038874,0.036011,0.11504,0.048596,0.033166,0.026447,0.015753,0.014029,0.033057,0.096709,0.015995
0.032816,0.032686,0.038446,0.038556,0.11791,0.04517,0.03196,0.026407,0.016053,0.013937,0.032995,0.07437,0.016028
0.032766,0.032273,0.038566,0.03743,0.16193,0.043465,0.033106,0.026186,0.015951,0.014019,0.031799,0.065702,0.016108
0.032367,0.032073,0.037764,0.036199,0.21985,0.043484,0.032902,0.025546,0.015827,0.014092,0.031908,0.059699,0.016006
0.033559,0.031935,0.037562,0.035012,0.19888,0.046496,0.032243,0.027661,0.015727,0.013929,0.031421,0.054592,0.015946
0.032694,0.032997,0.0371,0.035187,0.19241,0.045247,0.031751,0.025292,0.016072,0.013958,0.032487,0.050527,0.016073
0.033494,0.032839,0.037508,0.034533,0.15414,0.046127,0.032669,0.025019,0.016184,0.01398,0.032117,0.047226,0.016128
0.03327,0.033076,0.037389,0.034752,0.12955,0.043505,0.033422,0.025198,0.016332,0.013949,0.031009,0.044665,0.01628
0.034495,0.032649,0.037673,0.03637,0.093581,0.042985,0.031039,0.025277,0.016035,0.013908,0.032005,0.043568,0.016225
0.033791,0.032537,0.04074,0.038294,0.069554,0.1084,0.032255,0.024965,0.015935,0.01381,0.031713,0.044924,0.016432
0.033214,0.032422,0.045872,0.037525,0.057428,0.17886,0.032898,0.024631,0.016023,0.013963,0.031811,0.052264,0.016509
0.033313,0.032343,0.052725,0.036995,0.050368,0.26334,0.032852,0.025037,0.016299,0.014001,0.030848,0.053639,0.016688
0.032891,0.032589,0.058613,0.035801,0.047641,0.36532,0.031791,0.02505,0.016285,0.014042,0.030229,0.05571,0.016756
0.032335,0.033638,0.047275,0.035089,0.042033,0.27777,0.030569,0.025155,0.016249,0.014092,0.030279,0.049051,0.016962
0.032044,0.033183,0.04933,0.035068,0.040168,0.33539,0.033733,0.0254,0.016118,0.013987,0.039364,0.052839,0.01671
0.033106,0.033055,0.056458,0.034955,0.039377,0.53125,0.033288,0.025375,0.016132,0.014102,0.13278,0.046829,0.016666
0.032579,0.03263,0.068533,0.036735,0.039301,0.33584,0.031704,0.025717,0.016087,0.01406,0.18034,0.049388,0.016775
0.033803,0.033029,0.054822,0.038116,0.039241,0.15284,0.032893,0.025788,0.015916,0.014,0.18303,0.043955,0.016803
0.033327,0.033109,0.062847,0.037067,0.037945,0.1326,0.032465,0.026002,0.015822,0.01413,0.20001,0.040856,0.016684
0.033894,0.032395,0.043867,0.036883,0.037255,0.082259,0.032493,0.028966,0.016153,0.014117,0.2897,0.040163,0.016898
0.033415,0.032493,0.038771,0.035195,0.036349,0.06329,0.031305,0.030162,0.016118,0.014135,0.18208,0.039344,0.016865
0.033277,0.033694,0.039234,0.034759,0.035533,0.060472,0.031641,0.029609,0.016099,0.014096,0.30981,0.038888,0.016694
0.033045,0.032452,0.038872,0.034899,0.036398,0.058382,0.032919,0.028657,0.016103,0.014074,0.21682,0.038869,0.016613
0.032573,0.032943,0.039066,0.034845,0.035597,0.058806,0.031022,0.028381,0.016096,0.014312,0.1586,0.039724,0.016595
0.0324,0.033065,0.038762,0.036249,0.036084,0.056319,0.032699,0.028819,0.016321,0.014126,0.14018,0.038244,0.016682
0.033141,0.032777,0.039184,0.037493,0.03608,0.054534,0.032799,0.02841,0.016346,0.0141,0.12673,0.037308,0.016464
0.032565,0.032597,0.039848,0.0373,0.035468,0.052035,0.032976,0.027997,0.016229,0.014085,0.24715,0.037069,0.016416
0.033491,0.03245,0.040062,0.036356,0.035003,0.050713,0.031867,0.027568,0.016471,0.014385,0.32873,0.037601,0.016432
0.033717,0.032448,0.039608,0.035217,0.034521,0.051345,0.030713,0.027372,0.016415,0.014468,0.20616,0.038223,0.016274
0.033824,0.032923,0.03961,0.035168,0.034896,0.052389,0.033619,0.026911,0.01608,0.014372,0.1391,0.03811,0.016191
0.033477,0.032734,0.039221,0.035384,0.035,0.051908,0.032495,0.026819,0.016191,0.014356,0.11969,0.038177,0.015871
0.033437,0.032676,0.039536,0.035618,0.035162,0.051176,0.030969,0.026644,0.01614,0.014288,0.095811,0.036207,0.015826
0.033114,0.033079,0.039042,0.037293,0.035187,0.048884,0.032386,0.026241,0.016139,0.014293,0.08953,0.036576,0.015717
0.032405,0.032816,0.040099,0.03763,0.034227,0.048664,0.032705,0.026111,0.016158,0.014266,0.079111,0.036168,0.015706
0.031909,0.033016,0.039816,0.036989,0.033953,0.048913,0.032633,0.025769,0.016133,0.01428,0.07378,0.038392,0.015472
0.032328,0.031967,0.040089,0.035858,0.034803,0.049441,0.031436,0.025611,0.016124,0.014379,0.066153,0.038439,0.01539
0.032412,0.032083,0.039675,0.034326,0.034204,0.048447,0.031805,0.025657,0.016158,0.014398,0.06697,0.038368,0.015294
0.033125,0.033582,0.039254,0.035115,0.034557,0.046618,0.033714,0.025788,0.016433,0.014333,0.059975,0.03726,0.015657
0.033679,0.033136,0.038575,0.035331,0.035072,0.045956,0.032615,0.025683,0.016514,0.014307,0.057527,0.036655,0.01576
0.033794,0.033567,0.038659,0.036063,0.034512,0.046145,0.03271,0.025489,0.016176,0.014239,0.05359,0.036029,0.015358
0.033821,0.033045,0.039243,0.037543,0.033303,0.048405,0.032949,0.025566,0.016178,0.01448,0.055724,0.038468,0.015249
0.033967,0.032833,0.039311,0.037928,0.033425,0.049026,0.032793,0.025374,0.016298,0.014319,0.05402,0.03762,0.015547
0.032982,0.032673,0.038774,0.036722,0.034288,0.047871,0.031736,0.025203,0.016127,0.014416,0.051619,0.03759,0.015361
0.032496,0.03214,0.039061,0.035487,0.034021,0.04603,0.031112,0.025112,0.016326,0.014342,0.049502,0.036046,0.015579
0.031984,0.032063,0.039753,0.034817,0.034914,0.045494,0.033757,0.025145,0.016085,0.014239,0.047276,0.035813,0.015413
0.032539,0.033111,0.039182,0.035468,0.034439,0.04441,0.032653,0.025212,0.016224,0.014275,0.046374,0.035946,0.01553
0.032963,0.033221,0.038359,0.035962,0.033659,0.048315,0.097328,0.024818,0.016429,0.014303,0.04473,0.037799,0.015706
0.033139,0.033004,0.039006,0.035253,0.033502,0.062885,0.31416,0.02471,0.016281,0.014219,0.043462,0.036854,0.015723
0.033546,0.033089,0.038748,0.037377,0.034158,0.062114,0.45323,0.025149,0.016264,0.014366,0.040844,0.037988,0.015739
0.033885,0.032744,0.038583,0.03716,0.033689,0.046989,0.41971,0.025048,0.016145,0.014439,0.04048,0.035797,0.015579
0.033587,0.032837,0.038885,0.036652,0.034532,0.045369,0.28449,0.024784,0.01611,0.01439,0.040685,0.035463,0.01551
0.033156,0.031994,0.039716,0.035954,0.034756,0.045086,0.25392,0.025112,0.016387,0.014382,0.039294,0.035507,0.015577
0.033088,0.03213,0.040378,0.035501,0.034134,0.046609,0.22578,0.024701,0.016296,0.014365,0.039104,0.037266,0.015728
0.032948,0.033788,0.039194,0.035326,0.033522,0.046999,0.41619,0.025086,0.016118,0.0142,0.037942,0.036664,0.015556
0.034526,0.033644,0.038464,0.035555,0.034057,0.048247,0.54498,0.024909,0.016369,0.014205,0.035774,0.037072,0.015774
0.033161,0.03342,0.038312,0.036997,0.033398,0.046941,0.44158,0.025446,0.016383,0.014023,0.036316,0.035677,0.015912
0.033259,0.032622,0.038317,0.037658,0.033832,0.043778,0.23122,0.024563,0.016265,0.014275,0.034529,0.034537,0.01573
0.03355,0.032898,0.038672,0.038268,0.03406,0.043749,0.16517,0.024621,0.016188,0.014388,0.033462,0.035969,0.015744
0.033663,0.032853,0.038422,0.037058,0.034628,0.046748,0.20109,0.024612,0.016462,0.014263,0.032855,0.037116,0.016018
0.034159,0.032203,0.039237,0.035413,0.033805,0.047089,0.13001,0.024521,0.016475,0.01432,0.032366,0.036061,0.016008
0.033891,0.032484,0.039578,0.03544,0.033308,0.046955,0.091733,0.024256,0.016168,0.014186,0.032105,0.036908,0.015839
0.033501,0.033739,0.039273,0.034835,0.033808,0.04494,0.075423,0.024159,0.016064,0.01419,0.032277,0.035745,0.015852
0.03295,0.032392,0.038433,0.034936,0.033701,0.043136,0.062513,0.024162,0.01612,0.014314,0.031585,0.034572,0.015987
0.032536,0.033231,0.03883,0.037248,0.03458,0.043354,0.058112,0.023998,0.016244,0.014313,0.032193,0.034973,0.015962
0.032196,0.032888,0.038625,0.037849,0.034635,0.045218,0.054943,0.024244,0.016309,0.01418,0.03183,0.037,0.016052
0.032989,0.032604,0.037839,0.036699,0.034297,0.045211,0.049362,0.024114,0.016026,0.014198,0.03223,0.035723,0.015882
0.032056,0.032673,0.038294,0.035913,0.033275,0.046051,0.051831,0.024082,0.016248,0.014249,0.032134,0.036902,0.01621
0.033688,0.032132,0.038685,0.03522,0.033673,0.044597,0.048021,0.024284,0.01622,0.014227,0.03222,0.03604,0.016199
0.033834,0.032555,0.039118,0.035498,0.033717,0.043791,0.044145,0.024238,0.01616,0.014361,0.032098,0.035205,0.016135
0.033876,0.033608,0.039987,0.0358,0.034103,0.043623,0.04481,0.024144,0.016245,0.014308,0.032445,0.035232,0.016245
0.034145,0.032874,0.038576,0.034849,0.034072,0.044836,0.04385,0.024124,0.016312,0.014242,0.031894,0.036424,0.016312
0.033738,0.033306,0.037952,0.03722,0.034698,0.045911,0.040514,0.024159,0.016382,0.014135,0.031204,0.036251,0.016382
0.032928,0.033265,0.038091,0.037697,0.033097,0.04601,0.038695,0.024095,0.0163,0.014276,0.031673,0.037238,0.0163
0.032702,0.032986,0.038421,0.03698,0.032891,0.044011,0.041201,0.024166,0.01611,0.014362,0.031811,0.035702,0.01611
0.032447,0.032376,0.037828,0.036701,0.033914,0.043545,0.039707,0.023988,0.016085,0.014322,0.031568,0.035141,0.016085
0.032744,0.031691,0.038255,0.035177,0.033911,0.042845,0.035526,0.023954,0.016,0.01406,0.030998,0.03521,0.016
0.032994,0.032272,0.038762,0.035288,0.034053,0.044507,0.03841,0.024101,0.015917,0.014192,0.031287,0.036529,0.015917
0.03242,0.0336,0.038859,0.035499,0.034366,0.045267,0.038748,0.023994,0.01624,0.014234,0.031701,0.035647,0.01624
0.033341,0.032727,0.039599,0.035134,0.033396,0.045793,0.036641,0.023877,0.01629,0.014197,0.031838,0.037095,0.01629
0.034357,0.032841,0.038625,0.037253,0.033106,0.044718,0.035209,0.023956,0.016298,0.014209,0.031911,0.035352,0.016298
0.034159,0.032889,0.037516,0.038284,0.033598,0.042867,0.034932,0.023971,0.01626,0.014272,0.031398,0.034882,0.01626
0.033695,0.032779,0.038105,0.038033,0.033426,0.043027,0.039709,0.024138,0.01622,0.01425,0.030561,0.034921,0.01622
0.033229,0.032549,0.038473,0.036115,0.034255,0.045284,0.035305,0.024067,0.016215,0.014277,0.030526,0.036193,0.016215
0.032794,0.032568,0.037935,0.035201,0.034933,0.044998,0.03668,0.024245,0.016172,0.014377,0.031068,0.035679,0.016172
0.032207,0.032287,0.038042,0.035334,0.034798,0.045753,0.038028,0.024498,0.016288,0.014261,0.029875,0.036802,0.016288
0.032076,0.033947,0.038468,0.035686,0.033082,0.043862,0.036346,0.024248,0.016276,0.01421,0.03031,0.035577,0.016276
0.032749,0.03285,0.039467,0.034836,0.032808,0.042332,0.035347,0.024272,0.016242,0.014345,0.030423,0.034603,0.016242
0.032457,0.033182,0.039011,0.037343,0.033867,0.043003,0.032662,0.024163,0.016361,0.014162,0.030554,0.035362,0.016361
0.034037,0.033209,0.037852,0.037968,0.033902,0.044118,0.039064,0.024084,0.016421,0.014122,0.030542,0.036478,0.016421
0.033837,0.032626,0.03743,0.037537,0.03389,0.045054,0.036238,0.024325,0.016438,0.014203,0.029422,0.035974,0.016438
0.033842,0.032883,0.038221,0.035911,0.033937,0.045618,0.034859,0.024051,0.016323,0.014352,0.029263,0.036633,0.016323
0.033647,0.032253,0.037641,0.034904,0.033356,0.044023,0.037349,0.024182,0.016223,0.014382,0.029844,0.035626,0.016223
0.033298,0.032447,0.038558,0.036157,0.032829,0.042382,0.036082,0.024557,0.016108,0.014217,0.029087,0.035225,0.016108
0.032623,0.033408,0.038139,0.035385,0.033853,0.043269,0.034929,0.024283,0.01601,0.014268,0.028749,0.035415,0.01601
0.032521,0.032658,0.039243,0.034997,0.033307,0.044141,0.033808,0.02408,0.016145,0.014222,0.029125,0.036854,0.016145
0.032548,0.032836,0.039401,0.037728,0.034266,0.044629,0.036037,0.02446,0.016106,0.014393,0.029103,0.035545,0.016106
0.032751,0.032752,0.038528,0.038334,0.034559,0.044434,0.037501,0.024357,0.015794,0.014312,0.028902,0.03689,0.015794
0.032401,0.032032,0.037673,0.037626,0.03381,0.044155,0.033109,0.02425,0.016208,0.014157,0.030283,0.035521,0.016208
0.088965,0.032626,0.038108,0.036402,0.03382,0.042275,0.036672,0.024196,0.016319,0.014239,0.028792,0.034388,0.016319
0.19898,0.032024,0.038489,0.034912,0.034222,0.043224,0.035983,0.024771,0.016276,0.014294,0.028064,0.035094,0.016276
0.26473,0.03252,0.038433,0.035606,0.033714,0.043583,0.034988,0.024482,0.016182,0.01439,0.028158,0.036221,0.016182
0.44056,0.034657,0.038894,0.036194,0.036934,0.044711,0.033539,0.02849,0.016421,0.014379,0.027711,0.035478,0.016421
0.49928,0.033231,0.039288,0.035305,0.035091,0.046427,0.032656,0.026007,0.015987,0.014408,0.027859,0.036311,0.015987
0.46073,0.034127,0.03922,0.039354,0.041666,0.044685,0.039932,0.031674,0.015857,0.014245,0.027217,0.035558,0.015857
0.41195,0.034157,0.03926,0.038605,0.053329,0.041953,0.034569,0.39888,0.015883,0.014328,0.027698,0.035229,0.015883
0.283,0.032978,0.038363,0.039041,0.041148,0.04278,0.035137,0.28865,0.016221,0.014185,0.027564,0.035573,0.016221
0.23862,0.033226,0.037915,0.037943,0.035521,0.044235,0.037261,0.19579,0.016143,0.014129,0.028145,0.036563,0.016143
0.18897,0.032288,0.038284,0.035705,0.034926,0.045456,0.035676,0.15185,0.016076,0.014192,0.028125,0.035811,0.016076
0.13262,0.032445,0.038947,0.035388,0.03439,0.046091,0.033904,0.14113,0.016185,0.014244,0.026289,0.036587,0.016185
0.094706,0.033936,0.037859,0.035923,0.03431,0.044349,0.032662,0.16015,0.016272,0.014291,0.026403,0.035653,0.016272
0.077148,0.032517,0.038915,0.035827,0.033452,0.042282,0.035634,0.14019,0.016418,0.014319,0.02687,0.034871,0.016418
0.064691,0.033275,0.038912,0.03796,0.033218,0.055963,0.037713,0.093914,0.016405,0.014229,0.02663,0.18689,0.016405
0.056931,0.033095,0.044636,0.037123,0.033372,0.070934,0.032806,0.056309,0.016258,0.014347,0.027057,0.27393,0.016258
0.049176,0.03296,0.042711,0.037394,0.080704,0.063667,0.035878,0.042502,0.01615,0.014891,0.027117,0.35054,0.01615
0.045806,0.032579,0.040684,0.036585,0.14341,0.059171,0.036773,0.040006,0.016094,0.014722,0.026844,0.32354,0.016094
0.043534,0.031749,0.041863,0.035669,0.18638,0.051815,0.035113,0.039039,0.016171,0.014682,0.02679,0.21372,0.016171
0.042013,0.032213,0.039088,0.035994,0.26186,0.046042,0.033332,0.037141,0.016305,0.014267,0.027542,0.13871,0.016305
0.042173,0.033866,0.038256,0.035613,0.20069,0.045155,0.032269,0.03579,0.016355,0.014358,0.0263,0.10411,0.016355
0.04224,0.032619,0.039148,0.035448,0.20372,0.044384,0.037627,0.035151,0.016236,0.014252,0.026403,0.080968,0.016236
0.040631,0.032991,0.038424,0.037777,0.16912,0.045051,0.0357,0.034862,0.016356,0.01429,0.026463,0.066475,0.016356
0.039426,0.033135,0.03966,0.038137,0.13031,0.045769,0.032414,0.034749,0.016112,0.01431,0.026934,0.059803,0.016112
0.037893,0.032302,0.039716,0.037618,0.10526,0.043771,0.036724,0.035481,0.016382,0.014292,0.026813,0.054596,0.016382
0.038266,0.032483,0.038201,0.036526,0.08276,0.041329,0.035843,0.035883,0.016343,0.014206,0.027168,0.050893,0.016343
0.037557,0.03179,0.038155,0.035152,0.071125,0.042023,0.034167,0.035867,0.016316,0.014308,0.026424,0.049042,0.016316
0.037236,0.032218,0.038096,0.035057,0.065949,0.042836,0.033125,0.037299,0.016168,0.014286,0.026697,0.049009,0.016168
0.036997,0.033348,0.038721,0.035701,0.061642,0.043809,0.031649,0.035194,0.015955,0.01413,0.027419,0.046044,0.015955
0.036939,0.032057,0.038371,0.035628,0.057686,0.045046,0.039003,0.034537,0.015601,0.014122,0.026051,0.046031,0.015601
0.037198,0.032459,0.038808,0.038333,0.051969,0.043213,0.0346,0.033704,0.015624,0.014203,0.026405,0.044487,0.015624
0.037031,0.03276,0.038501,0.038255,0.049228,0.041141,0.034961,0.032112,0.015806,0.014281,0.025689,0.043191,0.015806
0.037225,0.032863,0.039291,0.037949,0.046081,0.042009,0.037014,0.031314,0.01608,0.014292,0.025952,0.042717,0.01608
0.037159,0.032272,0.039042,0.036021,0.043527,0.04304,0.035467,0.03092,0.016138,0.014279,0.026846,0.044724,0.016138
0.036207,0.032254,0.038519,0.03555,0.042206,0.043928,0.033909,0.030293,0.01612,0.014316,0.026341,0.042816,0.01612
0.036385,0.032646,0.038211,0.035217,0.040901,0.045086,0.033189,0.030137,0.015937,0.014451,0.026428,0.043758,0.015937
0.036297,0.034016,0.037903,0.036176,0.040253,0.043739,0.037661,0.029515,0.01604,0.014313,0.026281,0.0426,0.01604
0.035998,0.032481,0.037797,0.037171,0.039653,0.040849,0.036533,0.028855,0.015989,0.014255,0.026912,0.0406,0.015989
0.035688,0.032695,0.038371,0.038202,0.038611,0.042033,0.032407,0.028517,0.015979,0.014383,0.026529,0.040354,0.015979
0.036594,0.032725,0.038942,0.038006,0.037483,0.042912,0.037324,0.028211,0.016261,0.014266,0.026104,0.041966,0.016261
0.036217,0.032513,0.039323,0.037157,0.036577,0.043446,0.035983,0.027922,0.016296,0.014282,0.025854,0.041502,0.016296
0.036092,0.032309,0.038694,0.03561,0.036351,0.044134,0.034961,0.027378,0.016255,0.014314,0.026122,0.042428,0.016255
0.036901,0.03156,0.037944,0.03591,0.036776,0.042941,0.033221,0.027482,0.015952,0.014162,0.026302,0.041331,0.015952
0.036784,0.032437,0.037912,0.034892,0.036163,0.041326,0.032549,0.027295,0.016166,0.014298,0.02614,0.039477,0.016166
0.036708,0.033846,0.038917,0.035212,0.03635,0.042343,0.039526,0.027271,0.016199,0.014464,0.026181,0.039651,0.016199
0.036139,0.03257,0.037937,0.037092,0.03603,0.043706,0.034453,0.027548,0.016192,0.014239,0.02635,0.041971,0.016192
0.036363,0.033255,0.037701,0.038437,0.034641,0.044611,0.035231,0.027263,0.016391,0.014301,0.026312,0.041808,0.016391
0.035717,0.032886,0.038156,0.038443,0.035585,0.044747,0.037622,0.027056,0.016277,0.0142,0.02671,0.042351,0.016277
0.035341,0.032879,0.038759,0.037132,0.034826,0.043617,0.03587,0.026733,0.016003,0.014281,0.025697,0.041037,0.016003
0.035906,0.032456,0.038878,0.035579,0.034848,0.04201,0.033271,0.02626,0.016167,0.01422,0.026171,0.039765,0.016167
0.036371,0.032082,0.038124,0.034939,0.035317,0.042322,0.031935,0.026247,0.016315,0.014294,0.026183,0.039588,0.016315
0.036815,0.032171,0.037919,0.035408,0.034709,0.044319,0.038586,0.025966,0.016323,0.014243,0.026583,0.040888,0.016323
0.036789,0.033501,0.03822,0.035148,0.034349,0.043655,0.03401,0.026147,0.016452,0.014333,0.025655,0.041336,0.016452
0.037543,0.032703,0.038306,0.03775,0.034369,0.043966,0.034354,0.026051,0.016151,0.014446,0.026361,0.041165,0.016151
0.036799,0.033051,0.03869,0.038415,0.034391,0.043352,0.037473,0.025744,0.015901,0.014298,0.026116,0.040481,0.015901
0.036703,0.032788,0.038406,0.037306,0.034772,0.04232,0.035129,0.025503,0.016055,0.014203,0.026724,0.039142,0.016055
0.036651,0.032729,0.038895,0.036606,0.0347,0.041232,0.0338,0.025238,0.016186,0.014158,0.026414,0.039106,0.016186
0.036014,0.032623,0.039643,0.035545,0.035284,0.044441,0.032792,0.024947,0.016017,0.014282,0.025681,0.041337,0.016017
0.035644,0.03183,0.038505,0.034975,0.034535,0.045073,0.03816,0.025183,0.015975,0.014295,0.025776,0.041612,0.015975
0.036012,0.033391,0.037867,0.035262,0.03364,0.044524,0.03575,0.024989,0.016248,0.014213,0.026471,0.041604,0.016248
0.036115,0.033534,0.038357,0.035317,0.0342,0.042735,0.033045,0.025591,0.016,0.014304,0.026539,0.040388,0.016
2.6602,2.5973,2.3291,2.6553,2.929,2.4036,2.9541,3.4539,4.2284,4.3986,3.6173,2.7286,4.2284
0,0,0,0,0,0,0,0,0,0,0,0,0
0,0,0,0,0,0,0,0,0,0,0,0,0
0,0,0,0,0,0,0,0,0,0,0,0,0
0,0,0,0,0,0,0,0,0,0,0,0,0
0,0,0,0,0,0,0,0,0,0,0,0,0
0,0,0,0,0,0,0,0,0,0,0,0,0
0,0,0,0,0,0,0,0,0,0,0,0,0
0,0,0,0,0,0,0,0,0,0,0,0,0
0,0,0,0,0,0,0,0,0,0,0,0,0
2.6616,2.59,1.4148,2.6632,2.9234,0.4914,2.4821,3.3805,4.2084,4.2518,3.6128,0.88866,4.2084
0.040807,0.034396,0.87984,0.065334,0.03449,1.9043,0.43812,0.10908,0.016543,0.11793,0.026858,1.7575,0.016543
0.047203,0.033057,0.039846,0.04496,0.042438,0.043373,0.040299,0.34636,0.016729,0.014255,0.026919,0.038985,0.016729
0.041865,0.032906,0.039726,0.045624,0.045252,0.041775,0.035705,0.21568,0.015796,0.014252,0.026784,0.039093,0.015796
0.037802,0.032961,0.038403,0.040438,0.034963,0.043768,0.033947,0.14518,0.015519,0.01434,0.026135,0.041463,0.015519
0.036563,0.033778,0.038406,0.038674,0.035016,0.044883,0.03738,0.13173,0.015564,0.014388,0.02615,0.040795,0.015564
0.036675,0.033341,0.038521,0.040665,0.034447,0.044595,0.0364,0.14134,0.015317,0.014154,0.025893,0.041078,0.015317
0.036322,0.032795,0.038093,0.039107,0.033694,0.043028,0.034762,0.37078,0.015108,0.014216,0.02645,0.039987,0.015108
0.036229,0.033009,0.037673,0.038536,0.03371,0.042363,0.033274,0.34521,0.014925,0.014199,0.026248,0.038408,0.014925
0.037149,0.033116,0.04143,0.037404,0.0342,0.10073,0.038466,0.26346,0.014858,0.014312,0.026443,0.042408,0.014858
0.037681,0.032108,0.065739,0.036064,0.034834,0.32719,0.039744,0.22005,0.014684,0.014218,0.026322,0.04842,0.014684
0.037281,0.031976,0.07614,0.03613,0.034789,0.44169,0.46934,0.16865,0.014841,0.014326,0.026213,0.050211,0.014841
0.037918,0.033305,0.076207,0.035177,0.034138,0.4464,0.62047,0.15383,0.014752,0.014227,0.027171,0.056698,0.014752
0.037896,0.03381,0.046545,0.037483,0.033777,0.25773,0.51617,0.11159,0.014727,0.014455,0.025911,0.047329,0.014727
0.035923,0.033223,0.043627,0.037749,0.032946,0.14928,0.36516,0.091078,0.015027,0.014239,0.02606,0.043107,0.015027
0.03628,0.03272,0.046956,0.037926,0.033893,0.28288,0.2854,0.079532,0.015016,0.014196,0.025673,0.25599,0.015016
0.036246,0.032806,0.044261,0.036948,0.10807,0.3231,0.22953,0.071948,0.01503,0.015722,0.085348,0.38904,0.01503
0.035757,0.033009,0.047581,0.037207,0.37677,0.5053,0.14349,0.060137,0.01509,0.017504,0.11932,0.41027,0.01509
0.049644,0.034533,0.051635,0.036825,0.59937,0.32872,0.10149,0.056882,0.015007,0.016111,0.090621,0.3094,0.015007
0.051696,0.032708,0.051943,0.039552,0.30261,0.33067,0.078675,0.052581,0.015008,0.015789,0.074093,0.24118,0.015008
0.037918,0.033509,0.054889,0.034972,0.16243,0.35305,0.067001,0.044857,0.015045,0.015807,0.085986,0.50424,0.015045
0.036529,0.032643,0.046904,0.037447,0.23259,0.16441,0.060156,0.041835,0.015131,0.016188,0.077481,0.30574,0.015131
0.036196,0.033311,0.042581,0.037418,0.17996,0.18331,0.055706,0.040603,0.015025,0.016204,0.17573,0.11616,0.015025
0.03633,0.033065,0.05264,0.036916,0.11684,0.26406,0.051816,0.03961,0.015094,0.015381,0.1321,0.069909,0.015094
0.036566,0.032826,0.047508,0.036665,0.098292,0.17222,0.054688,0.038835,0.015044,0.017712,0.17393,0.055303,0.015044
0.13039,0.032928,0.060684,0.03531,0.080751,0.47993,0.050814,0.037976,0.015051,0.016278,0.13811,0.057725,0.015051
0.32903,0.032288,0.049595,0.034826,0.067696,0.1778,0.049454,0.03729,0.015007,0.014245,0.078682,0.046854,0.015007
0.34417,0.032718,0.050968,0.034645,0.062271,0.16985,0.050185,0.036487,0.015063,0.014732,0.072962,0.047535,0.015063
0.30171,0.034361,0.072446,0.034984,0.053695,0.41723,0.046555,0.035611,0.014992,0.015684,0.15714,0.062955,0.014992
0.14583,0.033487,0.042587,0.036883,0.051222,0.32165,0.04461,0.035236,0.015107,0.015587,0.17559,0.044372,0.015107
0.3237,0.033434,0.039207,0.037138,0.04881,0.12242,0.044112,0.034902,0.014951,0.019673,0.17859,0.044138,0.014951
0.32766,0.032923,0.038479,0.037261,0.046122,0.085269,0.045925,0.03368,0.014958,0.019718,0.16319,0.041235,0.014958
0.23968,0.0326,0.039559,0.035409,0.13826,0.088922,0.046539,0.032897,0.014962,0.018288,0.11323,0.34086,0.014962
0.16876,0.13493,0.065688,0.034709,0.27477,0.094501,0.042628,0.032724,0.014987,0.020535,0.12312,0.34757,0.014987
0.11722,0.12509,0.055524,0.034759,0.50942,0.091505,0.047433,0.035134,0.014889,0.019355,0.15574,0.21515,0.014889
0.080848,0.1987,0.042884,0.035055,0.43044,0.076048,0.30775,0.03193,0.015034,0.020734,0.20314,0.23816,0.015034
0.078597,0.34209,0.038472,0.037839,0.45527,0.06624,0.50012,0.033398,0.01505,0.014819,0.14522,0.20133,0.01505
0.057322,0.33045,0.039703,0.039217,0.38949,0.056057,0.50784,0.035639,0.014858,0.014849,0.19459,0.12301,0.014858
0.054852,0.49503,0.038148,0.037624,0.31775,0.055927,0.48786,0.032519,0.014905,0.014714,0.18516,0.14159,0.014905
0.048254,0.42318,0.038424,0.038655,0.15634,0.053574,0.7221,0.031868,0.014974,0.014952,0.14695,0.12057,0.014974
0.043732,0.33934,0.070878,0.036097,0.087896,0.053857,0.41712,0.03118,0.014838,0.014929,0.11345,0.11892,0.014838
0.043362,0.16423,0.1909,0.034563,0.066564,0.059303,0.26039,0.029308,0.014945,0.014873,0.17896,0.15923,0.014945
0.16648,0.096684,0.53608,0.034047,0.054402,0.066423,0.15663,0.030022,0.014982,0.014744,0.10341,0.10663,0.014982
0.3908,0.075612,0.77496,0.035571,0.048151,0.057564,0.09687,0.029048,0.014841,0.015001,0.196,0.10995,0.014841
0.38268,0.067969,0.22141,0.03605,0.043466,0.056803,0.078329,0.028481,0.014846,0.014889,0.19099,0.13159,0.014846
0.2711,0.059845,0.13357,0.037027,0.041943,0.061903,0.068272,0.02873,0.014946,0.014191,0.12496,0.15719,0.014946
0.57006,0.053238,0.098554,0.036874,0.041073,0.053059,0.062594,0.029148,0.014814,0.01518,0.10543,0.11481,0.014814
0.55159,0.045786,0.076191,0.036585,0.041574,0.055054,0.054549,0.032353,0.014867,0.014557,0.18321,0.10103,0.014867
0.31883,0.044161,0.066631,0.036004,0.039341,0.05621,0.049175,0.028612,0.014844,0.014787,0.16037,0.23995,0.014844
0.52152,0.041861,0.059991,0.034766,0.039167,0.052349,0.047669,0.028797,0.014861,0.014948,0.17912,0.15213,0.014861
0.31378,0.039714,0.055184,0.034836,0.038136,0.049196,0.046005,0.029462,0.014651,0.014695,0.21921,0.11436,0.014651
0.28744,0.040493,0.052114,0.034866,0.037064,0.047759,0.045019,0.029569,0.014796,0.016318,0.18342,0.11602,0.014796
0.12456,0.041473,0.051835,0.035901,0.035949,0.047676,0.042495,0.028118,0.014621,0.016063,0.11638,0.072859,0.014621
0.084614,0.040381,0.048966,0.037041,0.036599,0.15769,0.040429,0.027648,0.014506,0.015849,0.18027,0.11724,0.014506
0.06727,0.039084,0.047583,0.036718,0.035774,0.1421,0.039938,0.027776,0.014541,0.016972,0.17059,0.12604,0.014541
0.061225,0.039651,0.049063,0.037029,0.036606,0.31225,0.0418,0.027452,0.014635,0.014574,0.16075,0.096417,0.014635
0.05625,0.039202,0.049047,0.035094,0.036619,0.36976,0.038535,0.026979,0.014469,0.014721,0.15489,0.16081,0.014469
0.053023,0.038369,0.051266,0.034729,0.035697,0.44895,0.039071,0.026966,0.01466,0.014424,0.1078,0.13898,0.01466
0.05084,0.037439,0.048807,0.034916,0.035392,0.51438,0.037115,0.026925,0.014692,0.014591,0.11664,0.15551,0.014692
0.049409,0.0371,0.064499,0.035062,0.034878,0.4322,0.036086,0.026897,0.014573,0.014376,0.085135,0.22304,0.014573
0.047449,0.03918,0.048197,0.036858,0.035091,0.31997,0.034884,0.026627,0.014624,0.014439,0.15636,0.20606,0.014624
0.04643,0.037603,0.048854,0.037337,0.036127,0.2104,0.035112,0.026481,0.014705,0.014356,0.21396,0.16454,0.014705
0.045796,0.040055,0.048067,0.03837,0.035175,0.13873,0.034599,0.027279,0.014655,0.014499,0.1925,0.11276,0.014655
0.0461,0.040335,0.046813,0.036745,0.035908,0.1462,0.03389,0.026302,0.014639,0.0144,0.12794,0.098188,0.014639
0.043737,0.03739,0.044101,0.034758,0.03442,0.076514,0.03445,0.026184,0.014589,0.014631,0.11355,0.10113,0.014589
0.042466,0.036741,0.042202,0.034881,0.034407,0.068653,0.033486,0.025847,0.014636,0.014459,0.13791,0.06314,0.014636
0.042604,0.035564,0.045909,0.034794,0.035355,0.12007,0.033079,0.025894,0.014579,0.014284,0.12406,0.09626,0.014579
0.041846,0.035517,0.042874,0.034166,0.034719,0.096606,0.032284,0.025872,0.014616,0.014379,0.24225,0.069979,0.014616
0.041447,0.037571,0.041966,0.036697,0.035704,0.10909,0.033152,0.025569,0.014666,0.014572,0.19859,0.081305,0.014666
0.042,0.03642,0.041672,0.036639,0.035287,0.081851,0.031103,0.025585,0.014695,0.017186,0.17985,0.07829,0.014695
0.041564,0.037725,0.042735,0.036754,0.03517,0.10151,0.032216,0.025286,0.014857,0.018789,0.17877,0.1152,0.014857
0.041511,0.037746,0.042284,0.035604,0.034419,0.08485,0.033706,0.025621,0.014789,0.016287,0.17967,0.081378,0.014789
0.041218,0.03721,0.043473,0.034723,0.034452,0.11041,0.033122,0.025605,0.014774,0.018391,0.24513,0.08871,0.014774
0.039414,0.036613,0.044235,0.034513,0.034602,0.10887,0.033011,0.025219,0.014749,0.018436,0.16932,0.069369,0.014749
0.039497,0.03562,0.046056,0.034635,0.035497,0.21802,0.031823,0.025364,0.014647,0.015358,0.13577,0.08392,0.014647
0.038567,0.035695,0.07189,0.034342,0.034895,0.48926,0.03553,0.025176,0.014776,0.017745,0.225,0.072634,0.014776
0.038623,0.038007,0.042949,0.0368,0.034788,0.23357,0.031785,0.025592,0.014767,0.016584,0.31872,0.074925,0.014767
0.037972,0.036707,0.043944,0.037072,0.0338,0.13593,0.031265,0.025911,0.014753,0.014414,0.34695,0.083386,0.014753
0.038356,0.037776,0.042613,0.037078,0.03348,0.091294,0.032462,0.025676,0.014721,0.015015,0.32523,0.067576,0.014721
0.039,0.037009,0.041709,0.036162,0.034748,0.077358,0.032554,0.025365,0.014721,0.014776,0.2843,0.077189,0.014721
0.038925,0.035889,0.041753,0.034567,0.034445,0.066499,0.03175,0.025054,0.014664,0.014835,0.18605,0.097537,0.014664
0.038428,0.035937,0.041577,0.034623,0.0346,0.058219,0.032105,0.025296,0.014683,0.014845,0.1524,0.042946,0.014683
0.038218,0.035224,0.040224,0.035006,0.034037,0.055145,0.032453,0.025652,0.014707,0.014918,0.14407,0.044998,0.014707
0.037191,0.035777,0.039954,0.034147,0.033564,0.054288,0.032109,0.025292,0.014676,0.014825,0.12026,0.057478,0.014676
0.035731,0.037155,0.039639,0.037616,0.033858,0.050112,0.030543,0.024953,0.014839,0.015904,0.14313,0.075023,0.014839
0.035376,0.035271,0.039592,0.03702,0.033453,0.047169,0.032012,0.02478,0.014644,0.014591,0.13046,0.045712,0.014644
0.036139,0.036255,0.040272,0.037376,0.032741,0.047096,0.032705,0.02461,0.014719,0.014434,0.11155,0.082799,0.014719
0.035298,0.036508,0.040843,0.036104,0.034193,0.045398,0.031864,0.024857,0.01465,0.014417,0.098188,0.043908,0.01465
0.036193,0.036349,0.039265,0.035062,0.03429,0.045547,0.031271,0.02468,0.01451,0.014428,0.087853,0.060672,0.01451
0.037055,0.035485,0.040609,0.034633,0.033624,0.04443,0.031043,0.024621,0.014631,0.014583,0.07681,0.045072,0.014631
0.036908,0.034888,0.040146,0.03503,0.033421,0.044135,0.032543,0.024902,0.014694,0.014622,0.071114,0.078694,0.014694
0.036948,0.035652,0.038764,0.034736,0.033182,0.041736,0.030761,0.024708,0.014742,0.014332,0.064925,0.062934,0.014742
0.036114,0.037676,0.038448,0.036618,0.033877,0.041763,0.031034,0.024636,0.014672,0.01427,0.060181,0.047938,0.014672
0.03536,0.035867,0.038598,0.036292,0.03325,0.041868,0.03177,0.024533,0.014637,0.014441,0.055708,0.060765,0.014637
0.035228,0.036991,0.037715,0.036729,0.034203,0.042654,0.031487,0.025231,0.014726,0.014455,0.052813,0.053845,0.014726
0.035058,0.036703,0.039236,0.03462,0.034646,0.042949,0.030985,0.025051,0.01463,0.014461,0.049752,0.06598,0.01463
0.034783,0.036362,0.0392,0.034588,0.033771,0.041668,0.03066,0.025204,0.014639,0.014539,0.049334,0.050459,0.014639
0.035141,0.035742,0.03901,0.034562,0.033373,0.0404,0.030938,0.025195,0.014701,0.014419,0.047645,0.03802,0.014701
0.03571,0.034793,0.039535,0.034539,0.033055,0.040036,0.030922,0.024645,0.014803,0.014489,0.045554,0.049066,0.014803
0.03598,0.036267,0.037985,0.036628,0.033066,0.041296,0.029535,0.024691,0.014715,0.014578,0.043665,0.058653,0.014715
0.036286,0.036919,0.037468,0.03727,0.033871,0.042397,0.031744,0.025183,0.014687,0.014512,0.041486,0.086274,0.014687
0.03579,0.035706,0.038176,0.036409,0.034358,0.041795,0.031931,0.025186,0.01472,0.01444,0.040371,0.063544,0.01472
0.035628,0.036166,0.038624,0.036636,0.034353,0.042359,0.031057,0.12211,0.014699,0.014684,0.039276,0.087192,0.014699
0.034774,0.036375,0.038744,0.034515,0.033913,0.039787,0.030623,0.19015,0.014751,0.014426,0.038577,0.045727,0.014751
0.034709,0.035923,0.03901,0.034164,0.033398,0.039497,0.030174,0.19626,0.014635,0.014479,0.036895,0.04915,0.014635
0.03534,0.035225,0.038253,0.034774,0.034553,0.040651,0.031487,0.26167,0.014669,0.014485,0.03666,0.067494,0.014669
0.036207,0.034789,0.038894,0.034372,0.033135,0.040347,0.030216,0.10202,0.014607,0.014453,0.034405,0.046807,0.014607
0.034936,0.035571,0.037837,0.037466,0.034336,0.042102,0.030961,0.28673,0.014758,0.014435,0.035212,0.07532,0.014758
0.041769,0.037184,0.037502,0.036972,0.034071,0.04123,0.031377,0.34524,0.014683,0.014519,0.033961,0.05966,0.014683
0.043963,0.035761,0.038508,0.03659,0.033438,0.041081,0.031886,0.29756,0.014639,0.0144,0.032822,0.098713,0.014639
0.040942,0.036728,0.03753,0.036439,0.034305,0.03933,0.030767,0.22085,0.014774,0.014309,0.032406,0.048876,0.014774
0.03925,0.036985,0.037616,0.03574,0.03435,0.041149,0.030153,0.11324,0.014667,0.014389,0.032119,0.07383,0.014667
0.040871,0.035794,0.039161,0.03461,0.033473,0.041893,0.031525,0.26549,0.014777,0.014366,0.032229,0.12231,0.014777
0.038983,0.03602,0.038158,0.034367,0.034608,0.041529,0.031465,0.1937,0.014722,0.014442,0.031681,0.063124,0.014722
0.037837,0.034482,0.039071,0.034467,0.03564,0.040831,0.029632,0.16743,0.014551,0.014389,0.031401,0.076744,0.014551
0.036962,0.03529,0.03821,0.036064,0.035441,0.040306,0.031158,0.12903,0.014745,0.01429,0.030474,0.057636,0.014745
0.036058,0.036989,0.037273,0.037042,0.034031,0.038868,0.031989,0.10249,0.014906,0.014155,0.030775,0.050148,0.014906
0.035837,0.035777,0.037505,0.03696,0.033181,0.039932,0.030739,0.080761,0.014615,0.014183,0.030317,0.045495,0.014615
0.036147,0.036156,0.037681,0.036222,0.034118,0.040317,0.030833,0.067995,0.014542,0.014332,0.029238,0.042591,0.014542
0.035959,0.036147,0.037394,0.034844,0.034376,0.040378,0.030041,0.058989,0.014751,0.014188,0.029043,0.044126,0.014751
0.036322,0.03595,0.03796,0.034708,0.034485,0.03985,0.031807,0.050006,0.014709,0.014182,0.028731,0.04181,0.014709
0.037939,0.035998,0.03813,0.03476,0.28706,0.039554,0.029694,0.046192,0.01475,0.014404,0.029345,0.042146,0.01475
0.039264,0.035266,0.038924,0.035627,0.34017,0.038897,0.031226,0.042827,0.014638,0.014337,0.028376,0.041088,0.014638
0.035194,0.036878,0.037757,0.036194,0.19532,0.039549,0.031797,0.03988,0.014583,0.014268,0.028392,0.039825,0.014583
0.034953,0.036364,0.037081,0.036958,0.15571,0.040247,0.031604,0.037043,0.014668,0.014379,0.028171,0.039269,0.014668
0.034063,0.037095,0.037254,0.036467,0.28893,0.040173,0.031111,0.035048,0.014725,0.014314,0.028596,0.040888,0.014725
0.037887,0.036608,0.037786,0.037335,0.43723,0.039546,0.030823,0.033215,0.014767,0.014203,0.027957,0.039894,0.014767
0.036976,0.036226,0.036842,0.03514,0.46916,0.038734,0.03099,0.03278,0.014712,0.014213,0.027124,0.040066,0.014712
0.036087,0.03563,0.038632,0.034839,0.26433,0.038668,0.031231,0.03234,0.014606,0.014263,0.027077,0.03937,0.014606
0.035896,0.035341,0.038545,0.03378,0.091612,0.039075,0.029267,0.031313,0.014856,0.014328,0.026543,0.038206,0.014856
0.035651,0.034587,0.03782,0.034817,0.060442,0.039458,0.031066,0.030181,0.014874,0.014344,0.026915,0.038475,0.014874
0.034608,0.036917,0.038602,0.03598,0.048278,0.040086,0.031684,0.029797,0.014552,0.014345,0.026447,0.039481,0.014552
0.033767,0.03602,0.037501,0.036937,0.041833,0.039611,0.030751,0.028904,0.014754,0.014319,0.026903,0.038988,0.014754
0.034027,0.037081,0.037309,0.036721,0.039871,0.038717,0.029991,0.028861,0.014749,0.014312,0.026779,0.03971,0.014749
0.034549,0.036537,0.037681,0.036393,0.037338,0.038536,0.029612,0.028672,0.014638,0.014172,0.026798,0.038699,0.014638
0.033474,0.03622,0.036886,0.03554,0.036435,0.039117,0.031658,0.028689,0.014688,0.014269,0.026907,0.037454,0.014688
0.035634,0.036142,0.037819,0.034459,0.035631,0.040184,0.030337,0.02796,0.014695,0.014449,0.026561,0.037965,0.014695
0.035504,0.035115,0.038516,0.03386,0.036539,0.040983,0.029823,0.027824,0.014734,0.014276,0.026252,0.039524,0.014734
0.035398,0.034805,0.038449,0.03503,0.035058,0.039531,0.031677,0.027134,0.014718,0.014292,0.026224,0.039273,0.014718
0.035528,0.036531,0.038958,0.035965,0.035803,0.03847,0.031664,0.02705,0.01466,0.014282,0.026584,0.03942,0.01466
0.034848,0.036095,0.038206,0.036823,0.036802,0.038461,0.030619,0.026732,0.01477,0.01424,0.026899,0.039001,0.01477
0.033883,0.037779,0.036883,0.036849,0.034847,0.038865,0.029932,0.02646,0.014736,0.01435,0.027311,0.037794,0.014736
0.03351,0.036754,0.037117,0.037183,0.034423,0.03965,0.030677,0.026457,0.014699,0.014236,0.026889,0.038071,0.014699
0.033754,0.035856,0.037317,0.035058,0.034185,0.040405,0.030818,0.02672,0.014756,0.014202,0.026764,0.038698,0.014756
0.034283,0.035851,0.037446,0.034325,0.034599,0.039368,0.029415,0.02636,0.01476,0.014303,0.026916,0.039148,0.01476
0.034173,0.03534,0.037884,0.034549,0.034891,0.03801,0.030935,0.02623,0.014703,0.014224,0.027049,0.039211,0.014703
0.035171,0.034412,0.038562,0.035002,0.035423,0.03806,0.031833,0.026433,0.014755,0.014359,0.027187,0.038156,0.014755
0.035241,0.036239,0.038076,0.034725,0.035491,0.039234,0.030739,0.02611,0.014618,0.014312,0.026335,0.037975,0.014618
0.035539,0.03614,0.039154,0.037354,0.034473,0.040047,0.030512,0.02584,0.014771,0.014109,0.025794,0.038358,0.014771
0.034958,0.037341,0.037677,0.036498,0.033502,0.039949,0.029922,0.026175,0.014758,0.014334,0.026047,0.038047,0.014758
0.034019,0.036551,0.036635,0.036519,0.034598,0.038619,0.031692,0.026743,0.014696,0.014177,0.0266,0.038266,0.014696
0.033374,0.03608,0.037239,0.03556,0.033713,0.038243,0.029767,0.026623,0.014809,0.014172,0.025954,0.038647,0.014809
0.03336,0.038857,0.037096,0.15639,0.034886,0.038213,0.030137,0.026248,0.014716,0.014207,0.025852,0.038134,0.014716
0.033776,0.038062,0.036875,0.58131,0.035026,0.039353,0.031531,0.026062,0.014627,0.014313,0.026175,0.037433,0.014627
0.03378,0.035259,0.037746,0.34347,0.035255,0.039923,0.031616,0.027225,0.014595,0.014367,0.025828,0.037933,0.014595
0.034759,0.037334,0.038824,0.17345,0.033559,0.039945,0.030522,0.026584,0.014606,0.014276,0.026699,0.038041,0.014606
0.034761,0.036334,0.037905,0.10217,0.03337,0.038871,0.030514,0.025618,0.014622,0.014321,0.025829,0.03893,0.014622
0.03519,0.038115,0.038489,0.091674,0.033845,0.038526,0.031089,0.025643,0.014757,0.014163,0.025582,0.038508,0.014757
0.03489,0.036778,0.037186,0.082324,0.03424,0.038576,0.030742,0.025597,0.014591,0.014147,0.02542,0.038835,0.014591
0.034011,0.03612,0.036922,0.075239,0.034652,0.039757,0.028888,0.025572,0.01474,0.01441,0.026126,0.037157,0.01474
0.033522,0.036285,0.037291,0.069201,0.034103,0.040724,0.030428,0.025459,0.014667,0.014428,0.025709,0.038276,0.014667
0.033176,0.034935,0.037117,0.065897,0.033061,0.039618,0.031013,0.025366,0.014824,0.014495,0.025701,0.036968,0.014824
0.033599,0.034888,0.037559,0.062895,0.033374,0.038391,0.030966,0.025442,0.014627,0.014396,0.025925,0.039205,0.014627
0.033494,0.036902,0.038379,0.061354,0.03342,0.038964,0.030605,0.025894,0.014682,0.01428,0.025641,0.038522,0.014682
0.034854,0.03573,0.037981,0.059459,0.033031,0.038568,0.029546,0.025674,0.014685,0.01425,0.026177,0.038502,0.014685
0.034735,0.037785,0.039051,0.058187,0.033898,0.039028,0.030981,0.025658,0.014742,0.014466,0.025215,0.037204,0.014742
0.035292,0.036682,0.037826,0.055295,0.034232,0.039291,0.029914,0.025708,0.014812,0.014331,0.025241,0.037923,0.014812
0.034882,0.035864,0.036633,0.054454,0.033598,0.039494,0.029908,0.025211,0.014616,0.014293,0.025012,0.036444,0.014616
0.034084,0.035661,0.037423,0.051904,0.032903,0.039463,0.031399,0.025492,0.014593,0.014266,0.025992,0.03992,0.014593
0.033678,0.034549,0.037609,0.051398,0.032861,0.039138,0.030924,0.025543,0.014593,0.014319,0.026214,0.039078,0.014593
0.033384,0.034815,0.037189,0.050161,0.033485,0.039072,0.030381,0.025568,0.01464,0.014238,0.025519,0.039046,0.01464
0.03347,0.036435,0.038017,0.049403,0.033801,0.039681,0.030017,0.02533,0.014646,0.014225,0.026154,0.037064,0.014646
0.033691,0.036123,0.038395,0.049728,0.033907,0.040138,0.030522,0.025561,0.014775,0.014259,0.025469,0.037786,0.014775
0.034081,0.037707,0.03807,0.04844,0.034437,0.040165,0.030942,0.025096,0.014689,0.014212,0.026055,0.036628,0.014689
0.035036,0.036679,0.038598,0.046999,0.033698,0.039433,0.028785,0.025197,0.014698,0.014306,0.026074,0.039883,0.014698
0.035184,0.035857,0.037191,0.045735,0.033202,0.037984,0.030968,0.025203,0.014675,0.014227,0.025593,0.039135,0.014675
0.058623,0.039812,0.036992,0.24202,0.036333,0.038465,0.037737,0.082999,0.014681,0.014379,0.02596,0.039127,0.014681
0.052722,0.044268,0.037375,0.22145,0.040975,0.039631,0.035743,0.052019,0.014611,0.014312,0.026116,0.037357,0.014611
0.038127,0.034991,0.036537,0.071922,0.034678,0.040311,0.030445,0.038452,0.014689,0.014392,0.025945,0.037288,0.014689
0.034955,0.036945,0.03656,0.058602,0.1381,0.039084,0.029767,0.074217,0.014918,0.014319,0.032642,0.03616,0.014918
2.6503,2.4311,2.4136,2.5219,2.8602,2.3941,2.9256,3.4699,4.3693,4.3995,3.6361,2.7771,4.3693
0,0,0,0,0,0,0,0,0,0,0,0,0
0,0,0,0,0,0,0,0,0,0,0,0,0
0,0,0,0,0,0,0,0,0,0,0,0,0
0,0,0,0,0,0,0,0,0,0,0,0,0
0,0,0,0,0,0,0,0,0,0,0,0,0
0,0,0,0,0,0,0,0,0,0,0,0,0
0,0,0,0,0,0,0,0,0,0,0,0,0
0,0,0,0,0,0,0,0,0,0,0,0,0
0,0,0,0,0,0,0,0,0,0,0,0,0
2.6532,2.4095,0.80503,2.358,2.9812,0.1217,2.2474,3.524,4.3677,3.9543,3.6329,0.77195,4.3677
0.033667,0.042764,1.5635,0.13734,0.034116,2.2725,0.62555,0.024932,0.014665,0.39459,0.026008,1.9296,0.014665
0.034009,0.036202,0.037823,0.043096,0.034059,0.040841,0.031129,0.024809,0.014765,0.014232,0.026398,0.04338,0.014765
0.033326,0.035491,0.036746,0.042352,0.033599,0.040136,0.030493,0.024537,0.014697,0.01432,0.026288,0.041435,0.014697
0.035493,0.034944,0.036861,0.042252,0.033019,0.039009,0.029631,0.023932,0.01476,0.014275,0.025066,0.039702,0.01476
0.035514,0.036814,0.036592,0.041256,0.032745,0.0398,0.031183,0.023666,0.014824,0.014276,0.024984,0.037867,0.014824
0.035886,0.035768,0.037286,0.04282,0.033588,0.040298,0.030096,0.0241,0.014607,0.01441,0.025819,0.037991,0.014607
0.03564,0.037288,0.038058,0.041687,0.033872,0.039415,0.030073,0.023656,0.014593,0.014339,0.025195,0.037677,0.014593
0.034464,0.03649,0.038339,0.040252,0.034055,0.038425,0.031455,0.02368,0.014645,0.014316,0.025519,0.040517,0.014645
0.033675,0.03593,0.038509,0.039481,0.034052,0.038259,0.031795,0.023582,0.014768,0.014259,0.025953,0.038385,0.014768
0.03327,0.035775,0.038358,0.039137,0.033677,0.038933,0.030722,0.023455,0.014785,0.014331,0.025344,0.039135,0.014785
0.033961,0.034456,0.036679,0.039333,0.033348,0.039358,0.03039,0.023406,0.014573,0.014225,0.025502,0.037607,0.014573
0.03415,0.03467,0.036202,0.040089,0.033584,0.039714,0.030987,0.023651,0.014761,0.014353,0.025538,0.037162,0.014761
0.034121,0.036977,0.037225,0.038928,0.033188,0.039612,0.03077,0.023656,0.014709,0.014283,0.024636,0.03753,0.014709
0.034355,0.036263,0.036568,0.040468,0.034098,0.038837,0.029042,0.023379,0.014764,0.014182,0.0248,0.03943,0.014764
0.034712,0.037765,0.038182,0.040599,0.034196,0.03827,0.030285,0.023006,0.014722,0.014276,0.025174,0.038243,0.014722
0.035197,0.036055,0.038722,0.039091,0.032899,0.03877,0.031327,0.022967,0.014737,0.014315,0.025762,0.039459,0.014737
0.034879,0.035968,0.038216,0.03834,0.033135,0.03974,0.030748,0.023501,0.014635,0.014395,0.025293,0.037993,0.014635
0.034193,0.035338,0.038469,0.038133,0.032899,0.040098,0.030178,0.023902,0.014665,0.01427,0.025575,0.036955,0.014665
0.033896,0.034599,0.036675,0.03756,0.033403,0.039383,0.029923,0.023372,0.014775,0.014192,0.025546,0.03745,0.014775
0.033522,0.035693,0.036378,0.038412,0.033474,0.038665,0.031652,0.02286,0.014811,0.014182,0.025494,0.039116,0.014811
0.033876,0.036324,0.036796,0.03786,0.033975,0.038546,0.030038,0.022706,0.014629,0.014351,0.02655,0.038291,0.014629
0.033513,0.036749,0.037082,0.039096,0.033943,0.038522,0.029559,0.022476,0.014809,0.014073,0.025434,0.039258,0.014809
0.033719,0.035614,0.037468,0.040015,0.033435,0.039327,0.031678,0.022667,0.014695,0.014097,0.025127,0.038176,0.014695
0.034356,0.035557,0.038122,0.038218,0.032908,0.039357,0.03141,0.022304,0.01468,0.014175,0.024932,0.03706,0.01468
0.034642,0.036157,0.038006,0.037513,0.033245,0.038624,0.029853,0.022417,0.014562,0.01431,0.025404,0.037348,0.014562
0.035278,0.035503,0.038651,0.037352,0.032869,0.037872,0.030188,0.022538,0.014784,0.014315,0.025784,0.038092,0.014784
0.034356,0.034826,0.037414,0.036715,0.033645,0.038536,0.030284,0.022273,0.01475,0.01423,0.025352,0.038195,0.01475
0.034104,0.036868,0.036731,0.03712,0.034179,0.038289,0.030992,0.022242,0.014719,0.014174,0.025773,0.038561,0.014719
0.03374,0.035919,0.037257,0.037574,0.033891,0.039355,0.029206,0.022236,0.014692,0.014294,0.025455,0.037999,0.014692
0.033138,0.037744,0.03724,0.039427,0.033229,0.039673,0.031133,0.02289,0.014713,0.014316,0.025418,0.036748,0.014713
0.033853,0.036375,0.036789,0.0392,0.033201,0.038878,0.031751,0.023056,0.014636,0.014282,0.025637,0.037869,0.014636
0.032562,0.036339,0.038125,0.038311,0.033555,0.038664,0.031066,0.022855,0.014696,0.014185,0.02513,0.038743,0.014696
0.034662,0.03572,0.038266,0.037142,0.033788,0.038644,0.030063,0.02289,0.014655,0.014266,0.025414,0.038628,0.014655
0.035088,0.034836,0.037689,0.036127,0.034117,0.039008,0.030282,0.022582,0.014605,0.014202,0.025102,0.039387,0.014605
0.035255,0.035576,0.038515,0.035816,0.034019,0.039803,0.030917,0.022605,0.014747,0.014312,0.025653,0.038243,0.014747
0.035696,0.036936,0.036711,0.037502,0.032981,0.039889,0.030201,0.021935,0.014809,0.014303,0.025207,0.037528,0.014809
0.034057,0.035987,0.036487,0.036145,0.032909,0.039175,0.02992,0.022058,0.014761,0.014465,0.025768,0.038067,0.014761
0.033521,0.036649,0.037891,0.037725,0.033715,0.038323,0.031539,0.0217,0.014667,0.014284,0.025509,0.03821,0.014667
0.033285,0.03593,0.037028,0.038393,0.033169,0.038066,0.031727,0.021559,0.014744,0.014268,0.025454,0.038931,0.014744
0.03383,0.035545,0.036965,0.037358,0.034268,0.038932,0.030522,0.021355,0.014839,0.014312,0.025736,0.039303,0.014839
0.033443,0.035876,0.03742,0.037452,0.034349,0.03968,0.03039,0.021194,0.014771,0.014213,0.025063,0.037912,0.014771
0.033946,0.034578,0.038157,0.035979,0.033372,0.039407,0.029998,0.021193,0.014722,0.014343,0.024826,0.037686,0.014722
0.034746,0.034998,0.038514,0.036163,0.032845,0.039233,0.031258,0.020861,0.014747,0.014334,0.024939,0.038264,0.014747
0.035024,0.036619,0.038331,0.037032,0.032685,0.038033,0.029298,0.020771,0.014748,0.014247,0.025466,0.038084,0.014748
0.034645,0.036293,0.036694,0.035761,0.034143,0.038,0.030938,0.021054,0.014674,0.014222,0.024854,0.039411,0.014674
0.034752,0.03622,0.037032,0.037367,0.033909,0.038854,0.031346,0.02148,0.014644,0.01409,0.025067,0.039037,0.014644
0.033956,0.035847,0.037142,0.038588,0.033984,0.039602,0.030935,0.021084,0.014844,0.014152,0.024968,0.038754,0.014844
0.033836,0.035601,0.03663,0.038339,0.034477,0.039832,0.030557,0.020944,0.014819,0.014187,0.025307,0.037463,0.014819
0.040941,0.6783,0.038105,0.038512,0.034347,0.03896,0.03022,0.021097,0.014772,0.014248,0.026365,0.037764,0.014772
0.041832,0.59524,0.038595,0.043731,0.034795,0.038672,0.031499,0.021728,0.014736,0.014275,0.0252,0.037057,0.014736
0.04028,0.61489,0.037915,0.052031,0.034699,0.038246,0.032691,0.022049,0.014741,0.014278,0.02586,0.040347,0.014741
0.036125,0.16277,0.038393,0.037772,0.034237,0.038895,0.029182,0.021711,0.014503,0.01433,0.024813,0.039147,0.014503
0.034943,0.23422,0.037015,0.036214,0.034278,0.040063,0.030492,0.021342,0.014762,0.014251,0.024581,0.038322,0.014762
0.03563,0.39386,0.036257,0.040054,0.034322,0.039741,0.031338,0.021463,0.014849,0.01423,0.02543,0.037175,0.014849
0.036043,0.28984,0.037338,0.038556,0.034017,0.038698,0.030737,0.021139,0.014689,0.014194,0.0249,0.038453,0.014689
0.033818,0.17695,0.036465,0.037526,0.033535,0.037859,0.030582,0.021093,0.014731,0.014253,0.024846,0.036809,0.014731
0.033359,0.096213,0.03674,0.036437,0.032616,0.038206,0.03006,0.021632,0.014651,0.014264,0.02509,0.039483,0.014651
0.03278,0.069033,0.037764,0.035531,0.033591,0.039093,0.031752,0.020961,0.014559,0.014189,0.025466,0.038579,0.014559
0.033226,0.059477,0.038131,0.036406,0.033615,0.039763,0.029553,0.021004,0.014636,0.014228,0.025727,0.038519,0.014636
0.033914,0.055916,0.037732,0.036969,0.033874,0.039724,0.029664,0.021056,0.014642,0.014153,0.024823,0.036786,0.014642
0.033418,0.054024,0.038079,0.035898,0.034087,0.038975,0.031574,0.021658,0.014616,0.014333,0.024938,0.037854,0.014616
0.034186,0.052966,0.036749,0.037112,0.033235,0.038323,0.030919,0.021802,0.014561,0.01432,0.024253,0.037004,0.014561
0.034585,0.051384,0.03643,0.038065,0.032861,0.03808,0.030236,0.021575,0.014747,0.014291,0.025179,0.040223,0.014747
0.034569,0.049789,0.037842,0.037459,0.033339,0.038903,0.029902,0.021788,0.014711,0.014114,0.024737,0.038612,0.014711
0.033988,0.049293,0.03639,0.036548,0.033562,0.039281,0.03049,0.021083,0.014673,0.014158,0.025101,0.03853,0.014673
0.033793,0.046405,0.037114,0.035861,0.033753,0.039195,0.031504,0.021595,0.014645,0.014245,0.02529,0.037737,0.014645
0.033081,0.0444,0.038072,0.035549,0.033814,0.038338,0.029184,0.021944,0.014802,0.014232,0.025095,0.037896,0.014802
0.032559,0.044139,0.037626,0.036616,0.034219,0.037459,0.03066,0.022029,0.014641,0.014145,0.025587,0.036338,0.014641
0.03357,0.041724,0.038824,0.036023,0.032955,0.038211,0.030863,0.022087,0.014851,0.014241,0.025045,0.040238,0.014851
0.034024,0.042751,0.037289,0.037026,0.032854,0.038945,0.030524,0.022108,0.014988,0.014237,0.024901,0.038627,0.014988
0.034011,0.042003,0.03638,0.03855,0.03406,0.039034,0.030046,0.022504,0.014721,0.014186,0.024943,0.03808,0.014721
0.034662,0.041035,0.037205,0.038012,0.033621,0.039907,0.029206,0.022126,0.014638,0.01428,0.025092,0.037196,0.014638
0.035227,0.040118,0.036861,0.037373,0.033913,0.039233,0.031453,0.02274,0.01472,0.01421,0.025405,0.037884,0.01472
0.03467,0.038659,0.036778,0.035621,0.033724,0.038798,0.029774,0.0232,0.014786,0.01419,0.024649,0.036881,0.014786
0.034359,0.038365,0.037609,0.036006,0.033089,0.038066,0.029897,0.023029,0.014768,0.014213,0.024997,0.040335,0.014768
0.033193,0.038938,0.038588,0.036458,0.03288,0.039021,0.031527,0.022858,0.014566,0.014278,0.025325,0.03902,0.014566
0.03359,0.037191,0.03795,0.036206,0.033541,0.039153,0.031178,0.022796,0.014672,0.014243,0.025466,0.038767,0.014672
0.032702,0.038811,0.038329,0.03739,0.033295,0.039767,0.03087,0.022846,0.014769,0.014211,0.026114,0.037483,0.014769
0.03296,0.038947,0.036636,0.037952,0.033919,0.03905,0.030462,0.022464,0.014661,0.014243,0.025149,0.038033,0.014661
0.033382,0.038509,0.035888,0.037102,0.033337,0.037926,0.030722,0.022459,0.014626,0.014233,0.025166,0.036756,0.014626
0.033251,0.038036,0.037073,0.036315,0.033543,0.038153,0.030258,0.022497,0.014556,0.014463,0.02485,0.04044,0.014556
0.034838,0.037048,0.036744,0.036269,0.033136,0.039011,0.028504,0.022353,0.014543,0.014278,0.02521,0.038692,0.014543
0.034528,0.037047,0.037051,0.036345,0.032963,0.039558,0.030753,0.022135,0.014561,0.014413,0.025062,0.03871,0.014561
0.034658,0.037461,0.03811,0.036938,0.033681,0.039704,0.031461,0.02223,0.014618,0.014259,0.025321,0.037546,0.014618
0.034333,0.036193,0.037721,0.035853,0.033255,0.038493,0.03025,0.022644,0.014735,0.01436,0.025634,0.038156,0.014735
0.033946,0.037288,0.038419,0.036559,0.034023,0.03829,0.030068,0.022694,0.014659,0.014217,0.025609,0.036663,0.014659
0.033382,0.037641,0.037899,0.037762,0.034123,0.038222,0.029572,0.022357,0.014571,0.014465,0.025917,0.040654,0.014571
0.033023,0.037966,0.036463,0.037558,0.033654,0.039374,0.03146,0.022121,0.014771,0.014256,0.025433,0.038619,0.014771
0.033048,0.037157,0.03672,0.036833,0.033076,0.039249,0.03003,0.022576,0.014625,0.014197,0.02543,0.038691,0.014625
0.032879,0.036638,0.036964,0.036355,0.033311,0.039944,0.029852,0.022693,0.014734,0.014216,0.024703,0.037664,0.014734
0.033764,0.036199,0.036567,0.036182,0.032975,0.038476,0.031066,0.022207,0.014688,0.014354,0.024821,0.037401,0.014688
0.034153,0.0371,0.037609,0.035337,0.033716,0.037836,0.031128,0.022788,0.014591,0.014132,0.025654,0.036694,0.014591
0.034822,0.035108,0.038421,0.035694,0.033329,0.038041,0.030398,0.022727,0.014726,0.014268,0.025379,0.040281,0.014726
0.034464,0.036825,0.037741,0.036784,0.033387,0.039144,0.030394,0.022856,0.014616,0.014227,0.025585,0.038701,0.014616
0.033804,0.037265,0.037954,0.038452,0.032719,0.039683,0.030117,0.022452,0.014811,0.014195,0.025659,0.038386,0.014811
0.033671,0.037772,0.036751,0.038276,0.032738,0.03963,0.031045,0.022958,0.01466,0.01425,0.025658,0.037989,0.01466
0.033024,0.036642,0.036573,0.036723,0.033184,0.038581,0.029059,0.022851,0.01471,0.0143,0.025835,0.037668,0.01471
0.032815,0.036053,0.037311,0.036064,0.033221,0.038865,0.030277,0.02248,0.014691,0.014213,0.025695,0.037427,0.014691
0.033642,0.036045,0.036741,0.035405,0.034051,0.038328,0.030995,0.022437,0.014807,0.014344,0.025503,0.041271,0.014807
0.032921,0.037741,0.037308,0.035458,0.033911,0.039484,0.030822,0.022168,0.014674,0.014448,0.0249,0.038359,0.014674
0.034452,0.035705,0.037378,0.036437,0.033193,0.039533,0.029983,0.022291,0.014882,0.014292,0.026024,0.038774,0.014882
0.034249,0.037505,0.036766,0.036332,0.032741,0.039348,0.029449,0.022533,0.01462,0.014253,0.025772,0.037387,0.01462
0.034602,0.037259,0.038551,0.037465,0.033342,0.038992,0.03136,0.02234,0.014671,0.014248,0.025725,0.037355,0.014671
0.03443,0.037619,0.037305,0.037508,0.033191,0.038721,0.030811,0.022044,0.014609,0.014442,0.026159,0.037014,0.014609
0.034102,0.037558,0.036485,0.037042,0.033719,0.038186,0.029048,0.022331,0.014737,0.014291,0.02554,0.040602,0.014737
0.033232,0.036375,0.037131,0.036193,0.033535,0.039184,0.031095,0.022051,0.014715,0.014239,0.02591,0.038602,0.014715
0.032851,0.03554,0.036812,0.035543,0.033746,0.039827,0.031248,0.022009,0.014845,0.01428,0.025851,0.038388,0.014845
0.032309,0.037325,0.036856,0.03536,0.033178,0.039639,0.030058,0.02256,0.014851,0.014424,0.025067,0.037324,0.014851
0.033725,0.035415,0.037696,0.035831,0.032838,0.038799,0.03,0.022982,0.014644,0.014192,0.025224,0.037126,0.014644
0.033336,0.037421,0.038328,0.035633,0.033633,0.038502,0.029575,0.02262,0.014701,0.01424,0.025028,0.037102,0.014701
0.034178,0.0372,0.038117,0.036671,0.03329,0.038363,0.030624,0.022545,0.014814,0.014479,0.026019,0.040519,0.014814
0.034638,0.037182,0.038578,0.037574,0.033961,0.039133,0.029373,0.02286,0.014644,0.014104,0.025655,0.038775,0.014644
0.034896,0.036809,0.036983,0.036888,0.033943,0.039531,0.030091,0.022847,0.014526,0.014215,0.025675,0.039137,0.014526
0.034667,0.036149,0.036483,0.035908,0.032795,0.039847,0.031388,0.022527,0.01455,0.014365,0.025585,0.037955,0.01455
0.03385,0.035647,0.03735,0.035232,0.033115,0.038759,0.031021,0.022485,0.01461,0.014256,0.025155,0.037311,0.01461
0.033345,0.037508,0.036801,0.03534,0.034083,0.038606,0.030167,0.021961,0.014725,0.014336,0.025827,0.037323,0.014725
0.033136,0.03574,0.037295,0.035991,0.033402,0.038644,0.029197,0.022342,0.014775,0.014191,0.02487,0.040056,0.014775
0.032457,0.037263,0.03841,0.035862,0.033793,0.039321,0.031485,0.022688,0.014656,0.014331,0.024797,0.0378,0.014656
0.033235,0.036858,0.037807,0.037025,0.034154,0.039501,0.029752,0.02254,0.014612,0.01427,0.024861,0.038769,0.014612
0.032807,0.037629,0.038289,0.037975,0.034238,0.039397,0.029478,0.022352,0.014762,0.014359,0.025321,0.037497,0.014762
0.3127,0.037204,0.036808,0.036902,0.033698,0.039619,0.031647,0.022454,0.014789,0.014204,0.025333,0.037254,0.014789
0.58151,0.036572,0.036268,0.036175,0.033357,0.038146,0.031664,0.02236,0.014828,0.014283,0.025042,0.037538,0.014828
0.48898,0.036062,0.037341,0.035902,0.035713,0.038486,0.030697,0.022717,0.014876,0.014253,0.025082,0.039753,0.014876
0.28678,0.038086,0.036947,0.034998,0.033704,0.039679,0.030517,0.02202,0.014687,0.014318,0.025607,0.038331,0.014687
0.12376,0.035234,0.037511,0.036491,0.034367,0.039883,0.030777,0.022069,0.01458,0.014277,0.025506,0.038918,0.01458
0.10682,0.036301,0.037686,0.035754,0.033921,0.039657,0.031578,0.022282,0.014754,0.01441,0.025222,0.038025,0.014754
0.10162,0.037293,0.038191,0.036975,0.033614,0.038478,0.029141,0.022442,0.014807,0.014235,0.024854,0.037101,0.014807
0.097027,0.037277,0.038126,0.038858,0.032735,0.038272,0.031458,0.021932,0.014816,0.014317,0.024823,0.037641,0.014816
0.089626,0.03683,0.038208,0.037598,0.033669,0.038165,0.030963,0.021587,0.014784,0.01431,0.024658,0.03989,0.014784
0.083738,0.036273,0.036467,0.036495,0.033634,0.039096,0.030882,0.022206,0.014634,0.014203,0.025419,0.038774,0.014634
0.079686,0.0359,0.036995,0.035416,0.033886,0.040307,0.029931,0.022593,0.014676,0.014308,0.02513,0.039447,0.014676
0.075708,0.037224,0.037496,0.03553,0.034038,0.040673,0.029603,0.022383,0.01459,0.014383,0.025136,0.038163,0.01459
0.070037,0.035811,0.036852,0.035716,0.033518,0.038913,0.031601,0.022325,0.014691,0.014372,0.025156,0.037446,0.014691
0.067992,0.036678,0.037875,0.035144,0.032943,0.038378,0.029434,0.022402,0.014713,0.014413,0.025164,0.037609,0.014713
0.063804,0.037493,0.038027,0.036831,0.032714,0.038679,0.029366,0.02262,0.014607,0.014277,0.025707,0.03999,0.014607
0.062481,0.037463,0.038049,0.037789,0.033587,0.039679,0.031017,0.022174,0.014613,0.014334,0.025129,0.038661,0.014613
0.058232,0.036373,0.038331,0.038175,0.033866,0.039127,0.030974,0.022484,0.014635,0.014325,0.025099,0.039213,0.014635
0.057826,0.035403,0.037606,0.036919,0.033818,0.039624,0.029897,0.021906,0.014757,0.014371,0.02474,0.038114,0.014757
0.052833,0.036899,0.036588,0.035776,0.033963,0.03917,0.029429,0.022113,0.014691,0.014207,0.025575,0.037415,0.014691
0.052807,0.036528,0.037041,0.035003,0.033193,0.038391,0.031152,0.02215,0.014667,0.014221,0.025212,0.037697,0.014667
0.053038,0.035953,0.037237,0.036191,0.033001,0.038487,0.030558,0.022468,0.014806,0.014243,0.025156,0.040588,0.014806
0.051409,0.03591,0.037156,0.036319,0.033984,0.039035,0.028923,0.022728,0.014831,0.014355,0.025363,0.038595,0.014831
0.049951,0.037094,0.037692,0.037126,0.034092,0.039509,0.030955,0.022859,0.014661,0.014386,0.025187,0.038368,0.014661
0.048973,0.037487,0.038438,0.037611,0.034106,0.039273,0.031335,0.022186,0.014752,0.014349,0.025339,0.037727,0.014752
0.046623,0.036299,0.03822,0.038132,0.03454,0.03911,0.030812,0.022395,0.014779,0.014196,0.025222,0.037207,0.014779
0.045442,0.034946,0.03787,0.036516,0.033721,0.038618,0.03031,0.022343,0.01471,0.014286,0.024552,0.037598,0.01471
0.044931,0.03709,0.036778,0.035394,0.033457,0.038234,0.030068,0.022733,0.014719,0.01437,0.02478,0.040132,0.014719
0.044718,0.035065,0.036773,0.035271,0.033382,0.039593,0.031385,0.022434,0.014651,0.014275,0.025017,0.038388,0.014651
0.044022,0.036578,0.037049,0.034808,0.03339,0.039682,0.029215,0.022681,0.014677,0.014337,0.025231,0.039085,0.014677
0.043768,0.037188,0.036788,0.036027,0.033929,0.03888,0.030179,0.022923,0.014628,0.014298,0.024826,0.037797,0.014628
0.042542,0.037739,0.037392,0.036283,0.034159,0.038858,0.031202,0.023488,0.014858,0.014419,0.025014,0.037649,0.014858
0.042224,0.036756,0.037948,0.037157,0.034212,0.038339,0.030856,0.022403,0.014781,0.014293,0.025183,0.037624,0.014781
0.041599,0.036185,0.038442,0.037597,0.032818,0.038463,0.029724,0.022164,0.014756,0.014289,0.025285,0.040371,0.014756
0.040398,0.035036,0.039038,0.037065,0.033103,0.039697,0.029394,0.022553,0.014533,0.014259,0.025512,0.038551,0.014533
0.04,0.03647,0.037918,0.036239,0.03423,0.039566,0.030923,0.022458,0.014588,0.01421,0.024801,0.03904,0.014588
0.039453,0.035498,0.036663,0.03545,0.033767,0.040146,0.030237,0.022635,0.014634,0.01418,0.024692,0.038351,0.014634
0.03987,0.037153,0.037012,0.035463,0.033752,0.03919,0.029409,0.023203,0.014673,0.014205,0.024377,0.037253,0.014673
0.038727,0.037597,0.03709,0.036226,0.034395,0.038535,0.031116,0.023275,0.0146,0.014233,0.025176,0.037762,0.0146
0.039712,0.037503,0.036558,0.036495,0.033329,0.038488,0.031111,0.022869,0.014847,0.014213,0.025179,0.039842,0.014847
0.040026,0.037243,0.037896,0.037174,0.033244,0.039404,0.029832,0.022325,0.014723,0.014296,0.025278,0.038834,0.014723
0.039683,0.035954,0.038098,0.038737,0.033501,0.040442,0.0299,0.022468,0.014555,0.014217,0.025193,0.039264,0.014555
0.040184,0.035532,0.037711,0.037331,0.033445,0.039655,0.029324,0.02269,0.014692,0.014268,0.025057,0.03752,0.014692
0.039376,0.036468,0.038566,0.035899,0.033383,0.03898,0.031574,0.022713,0.014681,0.014288,0.025086,0.037099,0.014681
0.044384,0.036686,0.037995,0.037996,0.1902,0.038634,0.03018,0.023914,0.014589,0.014266,0.025342,0.037464,0.014589
0.043004,0.037268,0.036511,0.03702,0.27144,0.038436,0.030016,0.023785,0.014634,0.014329,0.025185,0.040388,0.014634
0.038376,0.036943,0.036665,0.037183,0.34885,0.039353,0.031281,0.022684,0.014667,0.014372,0.024994,0.038891,0.014667
0.038632,0.037789,0.037277,0.036658,0.34875,0.040095,0.031164,0.02237,0.014707,0.014257,0.02469,0.03964,0.014707
0.037879,0.037903,0.03731,0.036548,0.18944,0.039899,0.030113,0.021882,0.014598,0.014273,0.025263,0.038184,0.014598
0.039754,0.036501,0.037896,0.037881,0.074067,0.039575,0.029622,0.022533,0.01484,0.014129,0.024748,0.037808,0.01484
0.038942,0.035771,0.038675,0.037004,0.06804,0.038659,0.030606,0.022449,0.014801,0.014236,0.025085,0.03789,0.014801
0.038749,0.037242,0.038884,0.035819,0.064039,0.038192,0.030667,0.022683,0.014782,0.014166,0.025144,0.04023,0.014782
0.038208,0.035677,0.038738,0.034915,0.063681,0.039337,0.028643,0.022316,0.014706,0.014279,0.025127,0.038741,0.014706
0.037121,0.036899,0.036898,0.0351,0.064729,0.040123,0.030853,0.022399,0.014638,0.014373,0.025645,0.039069,0.014638
0.036539,0.037217,0.036792,0.036352,0.066937,0.040016,0.031049,0.022365,0.014498,0.014233,0.024688,0.037574,0.014498
0.036722,0.037321,0.03732,0.035714,0.065439,0.038432,0.030153,0.021948,0.0147,0.014179,0.024364,0.037486,0.0147
0.036318,0.036483,0.036506,0.036626,0.066137,0.037658,0.029817,0.022103,0.014763,0.0142,0.024465,0.03783,0.014763
0.036974,0.035909,0.037716,0.037529,0.064648,0.038625,0.029351,0.022218,0.014679,0.01435,0.025285,0.039257,0.014679
0.035808,0.036087,0.038862,0.037081,0.067227,0.039658,0.031325,0.022445,0.014709,0.014185,0.025197,0.038926,0.014709
0.036728,0.036979,0.038361,0.036454,0.067287,0.03937,0.030495,0.02237,0.014844,0.014326,0.025242,0.039055,0.014844
