NaN,NaN,NaN,NaN,NaN,NaN,NaN,NaN,NaN,NaN,NaN
0.21703,1.2302,1.1378,1.0994,1.1786,1.1104,1.3948,1.0824,1.1359,1.043,0.94885
0.025504,0.039386,0.03351,0.025485,0.033051,0.024616,0.037319,0.033662,0.01921,0.026506,0.020416
0.025271,0.042239,0.034365,0.025563,0.032534,0.024613,0.037906,0.033353,0.01923,0.026302,0.020271
0.024969,0.041458,0.033686,0.02706,0.031651,0.024403,0.036789,0.035476,0.018916,0.026211,0.020126
0.024511,0.039405,0.033494,0.027081,0.037541,0.024417,0.036382,0.032684,0.018864,0.026255,0.020013
0.02449,0.037659,0.032794,0.027172,0.032664,0.024319,0.036938,0.033839,0.018744,0.026992,0.01991
0.024097,0.039919,0.032572,0.02686,0.033261,0.024056,0.037115,0.032918,0.018331,0.026739,0.01985
0.02396,0.039551,0.033586,0.026838,0.034089,0.023816,0.038304,0.033209,0.018354,0.027424,0.019946
0.024137,0.0415,0.033004,0.026659,0.032603,0.023694,0.036996,0.034166,0.018222,0.02796,0.02002
0.024256,0.040683,0.03444,0.02645,0.0327,0.023748,0.03662,0.033664,0.018265,0.026594,0.020069
0.024292,0.039103,0.034075,0.026029,0.031802,0.02386,0.036597,0.032711,0.018387,0.026554,0.019984
0.023903,0.0383,0.033411,0.025872,0.033381,0.023727,0.036489,0.032866,0.018566,0.026284,0.019918
0.02361,0.040747,0.032955,0.027034,0.034883,0.023248,0.036417,0.032928,0.019004,0.025901,0.020201
0.023945,0.041642,0.032505,0.027348,0.032959,0.023366,0.037748,0.032986,0.019781,0.025726,0.020544
0.023462,0.040376,0.033206,0.027703,0.034031,0.033451,0.036941,0.034044,0.019079,0.026998,0.020533
0.023794,0.039762,0.033409,0.027439,0.032781,0.27333,0.035846,0.034369,0.01944,0.026663,0.020196
0.023856,0.039529,0.034746,0.026537,0.032977,0.33158,0.036739,0.03297,0.019853,0.027172,0.020512
0.023623,0.038938,0.034178,0.02705,0.03286,0.2456,0.037121,0.032784,0.017725,0.027416,0.02045
0.023541,0.03939,0.033307,0.026302,0.03112,0.16936,0.037824,0.033285,0.017471,0.026666,0.019987
0.023763,0.040397,0.032601,0.026168,0.037068,0.12101,0.036599,0.032717,0.017312,0.026583,0.019729
0.023388,0.041141,0.032666,0.026829,0.033533,0.093702,0.035955,0.035998,0.017159,0.026537,0.020011
0.023294,0.040683,0.032813,0.027396,0.033816,0.097321,0.036632,0.032909,0.017267,0.026435,0.020145
0.023662,0.038536,0.033553,0.026719,0.03423,0.10169,0.037017,0.032859,0.017038,0.026278,0.019953
0.023509,0.03946,0.034316,0.027515,0.03284,0.098457,0.037034,0.033178,0.017053,0.027627,0.019957
0.023567,0.040439,0.036147,0.10432,0.032871,0.10456,0.037257,0.0335,0.018696,0.027311,0.019918
0.023554,0.040937,0.033326,0.15336,0.031665,0.098476,0.037172,0.033324,0.018384,0.027611,0.019956
0.023261,0.041119,0.0332,0.14152,0.034125,0.093357,0.036032,0.034882,0.017906,0.027803,0.019997
0.024413,0.039563,0.032915,0.22643,0.034679,0.082984,0.037361,0.032443,0.017882,0.027091,0.01975
0.023962,0.038139,0.032247,0.14455,0.033778,0.079174,0.037174,0.033527,0.017136,0.026463,0.020248
0.02373,0.040224,0.033795,0.11642,0.033889,0.074978,0.036614,0.032362,0.016616,0.026426,0.02062
0.023787,0.039805,0.033772,0.064284,0.03345,0.069381,0.037871,0.033735,0.016672,0.026583,0.020374
0.023579,0.040874,0.034909,0.051757,0.031847,0.064951,0.037006,0.033267,0.016811,0.025979,0.020239
0.023304,0.040183,0.035103,0.047786,0.031843,0.059105,0.036049,0.034666,0.019012,0.027385,0.020198
0.023001,0.039866,0.03335,0.039365,0.030671,0.055449,0.036444,0.032712,0.018641,0.026955,0.02013
0.022739,0.037628,0.032915,0.041101,0.035553,0.050914,0.036726,0.032965,0.017341,0.027414,0.020189
0.022619,0.040659,0.031959,0.037544,0.034167,0.045248,0.038055,0.032899,0.017358,0.027748,0.020237
0.023352,0.040957,0.032062,0.031657,0.033518,0.043392,0.037358,0.032815,0.016497,0.026883,0.019857
0.023209,0.042374,0.033674,0.030333,0.03352,0.041461,0.036751,0.034996,0.016551,0.026834,0.020041
0.022932,0.040789,0.034209,0.030822,0.032897,0.039117,0.036259,0.03439,0.016363,0.026788,0.020067
0.02279,0.040266,0.034738,0.029624,0.032846,0.037279,0.037249,0.032785,0.016695,0.026481,0.020159
0.023275,0.038323,0.033479,0.029789,0.032774,0.035747,0.036878,0.032509,0.016552,0.025791,0.019955
0.022855,0.041194,0.03345,0.029338,0.032746,0.03391,0.037425,0.032746,0.016503,0.027463,0.02007
0.023308,0.041297,0.032832,0.027912,0.035532,0.032805,0.036793,0.032045,0.01661,0.027065,0.020007
0.023431,0.041304,0.033041,0.02801,0.032718,0.032033,0.036656,0.035814,0.016766,0.028026,0.020126
0.023258,0.040783,0.03368,0.02735,0.033458,0.031149,0.036538,0.033782,0.016275,0.028091,0.02005
0.023096,0.038895,0.034696,0.026828,0.033368,0.030262,0.03698,0.033848,0.016533,0.027006,0.020359
0.022983,0.039488,0.035066,0.026643,0.031935,0.029776,0.037075,0.03281,0.01634,0.026525,0.020586
0.022994,0.039942,0.03333,0.027544,0.03238,0.028968,0.037475,0.032683,0.016465,0.026231,0.020242
0.0227,0.041789,0.032949,0.027515,0.031827,0.028852,0.035676,0.033098,0.016487,0.026074,0.020342
0.023316,0.041015,0.032837,0.028056,0.033349,0.028089,0.036627,0.035401,0.016235,0.026093,0.020189
0.023471,0.040204,0.032236,0.027667,0.034674,0.028081,0.037246,0.032673,0.016462,0.027691,0.02003
0.023206,0.039187,0.033159,0.027213,0.033017,0.027483,0.036061,0.032801,0.016285,0.026408,0.020062
0.022964,0.039849,0.033835,0.027301,0.033523,0.026829,0.038209,0.032742,0.016702,0.028233,0.020135
0.023114,0.040434,0.033884,0.026707,0.032431,0.026813,0.037395,0.032468,0.016372,0.027489,0.02016
0.02299,0.042237,0.034401,0.026272,0.033122,0.026478,0.03722,0.035048,0.016682,0.026722,0.019808
0.022485,0.04122,0.032939,0.02635,0.032106,0.026283,0.03674,0.033573,0.016715,0.026489,0.019957
0.022834,0.0404,0.033151,0.027261,0.031487,0.026036,0.036943,0.032611,0.016586,0.026287,0.020002
0.023092,0.038119,0.032154,0.027295,0.035433,0.026106,0.037873,0.032731,0.016398,0.026338,0.019757
0.022956,0.040229,0.032724,0.027522,0.032843,0.025844,0.038,0.033517,0.016542,0.026881,0.019857
0.022852,0.040885,0.033225,0.027364,0.03359,0.025511,0.036081,0.031917,0.016423,0.027574,0.019869
0.022944,0.041201,0.033009,0.02673,0.03434,0.025032,0.035676,0.035443,0.016317,0.027043,0.019929
0.02308,0.039816,0.034943,0.026639,0.03259,0.025003,0.036819,0.032688,0.016246,0.028373,0.019855
0.022747,0.039193,0.033701,0.047079,0.032913,0.024953,0.03667,0.033818,0.016395,0.026927,0.019792
0.023324,0.039112,0.033287,0.13178,0.032465,0.024574,0.037271,0.033211,0.016418,0.026795,0.020326
0.023228,0.040178,0.033,0.14121,0.033461,0.024725,0.037569,0.033662,0.016389,0.02647,0.020478
0.023164,0.04081,0.032748,0.14423,0.035113,0.025312,0.036604,0.033631,0.016504,0.026224,0.020312
0.02275,0.041593,0.032816,0.1696,0.033017,0.024903,0.035624,0.034456,0.016559,0.026165,0.020315
0.023168,0.040007,0.033472,0.11832,0.033809,0.024824,0.03634,0.032944,0.016348,0.02679,0.020256
0.022873,0.038802,0.033882,0.078684,0.032375,0.024931,0.037011,0.032801,0.01647,0.027522,0.020132
0.022855,0.039879,0.034456,0.057281,0.033313,0.024491,0.038642,0.033662,0.01641,0.026731,0.020294
0.023263,0.040552,0.033263,0.043387,0.033419,0.024555,0.036119,0.032482,0.016528,0.027864,0.020049
0.023331,0.040444,0.032589,0.036866,0.031621,0.024385,0.035831,0.03578,0.01635,0.027154,0.019927
0.023102,0.041167,0.033146,0.033201,0.03582,0.024062,0.036852,0.032911,0.016457,0.026923,0.020077
0.02295,0.039846,0.032796,0.031254,0.033879,0.02452,0.036231,0.034174,0.016558,0.026787,0.020082
0.023057,0.038671,0.033282,0.030587,0.033976,0.024248,0.037078,0.0334,0.01679,0.026578,0.020068
0.023072,0.040183,0.032754,0.030347,0.033948,0.024336,0.037781,0.034001,0.016414,0.026475,0.020173
0.022703,0.040311,0.034336,0.029522,0.032823,0.024488,0.036612,0.033725,0.016563,0.027524,0.019834
0.023107,0.041477,0.033143,0.029436,0.03288,0.024642,0.036275,0.035542,0.018123,0.026944,0.019805
0.023324,0.041081,0.032719,0.028671,0.032305,0.024588,0.036928,0.03332,0.018441,0.027893,0.019856
0.023364,0.039052,0.033066,0.027806,0.031518,0.024243,0.037102,0.033541,0.017578,0.028087,0.020413
0.02284,0.038524,0.032302,0.027503,0.035699,0.024372,0.037186,0.033636,0.016575,0.027337,0.020696
0.023111,0.040929,0.033407,0.02635,0.033347,0.024192,0.036968,0.034312,0.016418,0.026536,0.020329
0.023282,0.040238,0.03379,0.026328,0.033737,0.024293,0.036055,0.034972,0.016444,0.026516,0.020217
0.022587,0.041388,0.033898,0.027028,0.033668,0.024467,0.035366,0.034995,0.016142,0.02648,0.020289
0.023124,0.040141,0.034153,0.027484,0.032405,0.024282,0.036876,0.033846,0.016169,0.027592,0.020073
0.023117,0.039203,0.032883,0.027413,0.031914,0.024265,0.036756,0.03316,0.016263,0.027514,0.019956
0.023062,0.038727,0.03249,0.02768,0.032354,0.02422,0.037843,0.033139,0.016289,0.027809,0.020052
0.022866,0.039723,0.032551,0.026858,0.032861,0.024129,0.03695,0.033089,0.016431,0.028228,0.020053
0.023239,0.040895,0.032681,0.026825,0.034702,0.024285,0.036081,0.034981,0.016395,0.027439,0.019883
0.022966,0.041703,0.034028,0.026685,0.033207,0.024203,0.036924,0.034402,0.016444,0.0267,0.019837
0.022568,0.040545,0.032608,0.02644,0.033873,0.023977,0.036745,0.033124,0.016444,0.026821,0.019777
0.022765,0.039457,0.034661,0.026672,0.03262,0.023655,0.038478,0.032837,0.016305,0.026488,0.019857
0.023129,0.039371,0.033997,0.027396,0.033403,0.023482,0.037858,0.033408,0.0162,0.026095,0.019999
0.022961,0.038998,0.032674,0.026954,0.032223,0.023405,0.035891,0.033451,0.016318,0.027324,0.019868
0.022648,0.041758,0.032552,0.027369,0.03112,0.023655,0.03555,0.035564,0.016939,0.027536,0.019931
0.022585,0.040448,0.032074,0.027095,0.036091,0.023485,0.036308,0.033609,0.017225,0.02728,0.020086
0.02301,0.039816,0.033442,0.026331,0.033415,0.023565,0.036922,0.03387,0.016946,0.028211,0.020612
0.022608,0.039023,0.033596,0.026814,0.033887,0.023433,0.038218,0.033091,0.016397,0.026997,0.02035
0.023963,0.039672,0.034797,0.026441,0.034043,0.023567,0.037729,0.086689,0.016432,0.026959,0.020455
0.02588,0.039923,0.034545,0.026223,0.033203,0.023522,0.036882,0.22925,0.016525,0.026626,0.02052
0.025647,0.040704,0.033022,0.027073,0.033484,0.023596,0.035541,0.14879,0.016494,0.027087,0.020216
0.027572,0.040714,0.032721,0.027483,0.032496,0.023366,0.037066,0.27094,0.016381,0.026174,0.020052
0.041706,0.040944,0.032919,0.027213,0.032439,0.023695,0.036069,0.31884,0.016309,0.027711,0.020059
0.03575,0.038808,0.032772,0.027894,0.036436,0.023559,0.037796,0.17846,0.016459,0.027188,0.020106
0.02701,0.040091,0.033546,0.027072,0.032674,0.023567,0.03653,0.1098,0.01661,0.027698,0.020257
0.023644,0.039683,0.033805,0.02695,0.033594,0.023719,0.03566,0.076595,0.016137,0.028288,0.019982
0.02402,0.042051,0.034035,0.026371,0.033142,0.02336,0.036614,0.060883,0.016184,0.02701,0.019876
0.023753,0.041308,0.033374,0.026206,0.032053,0.02339,0.036254,0.050017,0.016527,0.026667,0.019924
0.022949,0.03933,0.032614,0.02607,0.03144,0.023316,0.036703,0.044343,0.01637,0.026707,0.01974
0.023059,0.038967,0.032454,0.026868,0.031411,0.023309,0.037586,0.040088,0.016253,0.026738,0.019762
0.022966,0.040387,0.032545,0.027382,0.033946,0.023235,0.036787,0.036908,0.016404,0.02659,0.020061
0.022485,0.041291,0.033619,0.027765,0.035133,0.023711,0.035703,0.038304,0.016436,0.027494,0.020554
0.023104,0.04187,0.034049,0.026888,0.033078,0.023773,0.036232,0.036313,0.016441,0.028092,0.020921
0.023166,0.040569,0.034338,0.02691,0.033741,0.023499,0.036562,0.036064,0.016137,0.028501,0.02052
0.022915,0.038773,0.033707,0.026816,0.033014,0.023312,0.037925,0.034233,0.016396,0.028327,0.020641
0.023012,0.039352,0.032769,0.026195,0.032767,0.023269,0.037388,0.034109,0.016303,0.027632,0.020394
0.022909,0.039042,0.032656,0.02597,0.031926,0.023882,0.037001,0.034024,0.016444,0.027979,0.020224
0.022964,0.041215,0.033109,0.026202,0.031247,0.023279,0.036396,0.036909,0.016521,0.027171,0.02002
0.022518,0.040852,0.0327,0.027264,0.034636,0.023274,0.037904,0.034687,0.016292,0.027173,0.019942
0.023053,0.04011,0.033146,0.027155,0.034131,0.023537,0.037264,0.035529,0.016279,0.026925,0.01982
0.02321,0.038982,0.034657,0.027895,0.032886,0.023059,0.037675,0.034345,0.016368,0.027917,0.01986
0.023252,0.039497,0.033482,0.026939,0.033844,0.0235,0.03698,0.035,0.016181,0.02712,0.019813
0.023052,0.04008,0.033389,0.026861,0.032414,0.023263,0.035957,0.034911,0.016227,0.028682,0.019775
0.022815,0.041522,0.032711,0.026759,0.03193,0.023302,0.036051,0.037711,0.016354,0.027874,0.019959
0.023622,0.040955,0.03329,0.026448,0.032003,0.023016,0.036714,0.034298,0.016506,0.027002,0.019764
0.26688,0.039455,0.033359,0.026035,0.031013,0.022781,0.036984,0.035231,0.016346,0.026682,0.019717
0.18091,0.038076,0.033389,0.026507,0.036846,0.023085,0.037448,0.033718,0.016353,0.026465,0.019844
0.12372,0.039979,0.03498,0.027841,0.034011,0.022836,0.037124,0.034005,0.016326,0.026891,0.019939
0.12544,0.041182,0.032975,0.02745,0.034005,0.023003,0.036992,0.03592,0.016255,0.026729,0.020196
0.22365,0.041252,0.032929,0.027743,0.033879,0.022921,0.037221,0.035336,0.016231,0.028123,0.020648
0.13513,0.040741,0.032689,0.026881,0.03275,0.022915,0.036173,0.03412,0.016247,0.027329,0.020583
0.11967,0.040343,0.031922,0.026805,0.032352,0.022986,0.037314,0.034475,0.016481,0.028409,0.020116
0.066324,0.039128,0.032579,0.026929,0.032189,0.023109,0.036893,0.034008,0.016571,0.027871,0.020337
0.055383,0.0406,0.033972,0.026093,0.034065,0.022817,0.037645,0.033731,0.01674,0.027387,0.020342
0.04657,0.041164,0.033507,0.026171,0.03603,0.022763,0.036649,0.036342,0.016264,0.027182,0.020078
0.038878,0.040286,0.033746,0.025866,0.034136,0.022512,0.03674,0.03471,0.016532,0.026931,0.019761
0.034888,0.040212,0.033536,0.026876,0.03322,0.022713,0.036787,0.033926,0.016302,0.026522,0.019983
0.032983,0.038852,0.032873,0.026868,0.032666,0.022819,0.037502,0.033337,0.016419,0.027085,0.0209
0.031133,0.039839,0.031926,0.027032,0.033569,0.023051,0.036732,0.034027,0.01642,0.027924,0.022552
0.030702,0.039677,0.031781,0.027261,0.032472,0.023054,0.03616,0.033292,0.016291,0.027032,0.022825
0.030437,0.041672,0.033342,0.026753,0.032994,0.022742,0.035454,0.036952,0.016357,0.028294,0.021479
0.029269,0.040531,0.032902,0.026743,0.035488,0.022715,0.03636,0.033794,0.016381,0.02725,0.020146
0.02882,0.038719,0.034851,0.026352,0.032836,0.022736,0.036821,0.035258,0.016531,0.027104,0.019946
0.028113,0.037659,0.033848,0.038938,0.033018,0.022805,0.037141,0.033034,0.016323,0.026728,0.01986
0.027197,0.039229,0.032614,0.090178,0.032776,0.022596,0.036432,0.034181,0.016149,0.027007,0.019812
0.027054,0.040502,0.03308,0.13152,0.03334,0.022744,0.036025,0.034718,0.016264,0.026485,0.02048
0.026276,0.041268,0.032699,0.10683,0.033046,0.023022,0.035755,0.035835,0.016239,0.027134,0.020528
0.026187,0.040113,0.03304,0.16452,0.031945,0.022986,0.036402,0.033866,0.016297,0.027807,0.020002
0.02588,0.039866,0.033647,0.10003,0.035294,0.022887,0.036493,0.034047,0.016293,0.026976,0.020225
0.025923,0.038425,0.034212,0.050853,0.033673,0.023075,0.036921,0.033648,0.016271,0.02791,0.020182
0.025181,0.039805,0.033304,0.035418,0.033292,0.022849,0.037316,0.033801,0.016289,0.027361,0.020096
0.025394,0.040282,0.03319,0.032439,0.033693,0.022789,0.035713,0.036501,0.016632,0.027384,0.01995
0.025477,0.040608,0.033021,0.028779,0.0329,0.022591,0.036083,0.033927,0.016486,0.027099,0.020139
0.024558,0.040527,0.032412,0.028194,0.032261,0.022763,0.035935,0.03476,0.016418,0.027146,0.020028
0.024899,0.039275,0.032519,0.028759,0.032585,0.022746,0.037649,0.033071,0.01636,0.026735,0.020041
0.024557,0.039642,0.033245,0.027914,0.033091,0.022739,0.037482,0.0343,0.016365,0.0271,0.019944
0.024543,0.04092,0.033909,0.028404,0.035946,0.022674,0.03573,0.03335,0.016465,0.027781,0.019782
0.024201,0.042998,0.034363,0.02757,0.032385,0.022603,0.036093,0.036694,0.016235,0.027191,0.020015
0.024094,0.042268,0.033958,0.026723,0.033607,0.022941,0.036749,0.034141,0.016377,0.028234,0.019884
0.024194,0.041118,0.033297,0.026888,0.033117,0.022819,0.035548,0.034406,0.016537,0.027141,0.019711
0.023691,0.038928,0.032366,0.026742,0.032208,0.022676,0.037651,0.033033,0.01642,0.02714,0.019818
0.023366,0.040561,0.03248,0.026711,0.032097,0.022587,0.037199,0.034216,0.016382,0.027117,0.019973
0.023908,0.039745,0.033711,0.026867,0.03194,0.022865,0.036276,0.033481,0.016455,0.026787,0.020528
0.024013,0.04065,0.033565,0.028359,0.034579,0.025124,0.036694,0.036174,0.01642,0.026843,0.020603
0.023805,0.04005,0.034188,0.027681,0.034403,0.22604,0.03661,0.033536,0.016342,0.027721,0.019999
0.023665,0.039141,0.033661,0.027851,0.033342,0.31728,0.037138,0.034856,0.016613,0.027274,0.020245
0.024099,0.039244,0.032711,0.027165,0.033812,0.24228,0.037351,0.033295,0.016378,0.028244,0.020185
0.023851,0.040762,0.032498,0.026751,0.032295,0.14805,0.037018,0.034055,0.016546,0.028417,0.020069
0.023255,0.04008,0.032184,0.027018,0.032745,0.10906,0.036461,0.036101,0.016286,0.027593,0.020022
0.02405,0.041086,0.03356,0.02636,0.03233,0.10474,0.036272,0.035734,0.016284,0.027321,0.019889
0.023965,0.039682,0.03336,0.025785,0.03216,0.085746,0.035821,0.03441,0.016535,0.02757,0.019873
0.023554,0.039565,0.034192,0.026443,0.035696,0.07688,0.035939,0.03444,0.016216,0.026924,0.020032
0.023337,0.16482,0.033599,0.027612,0.033154,0.068215,0.037885,0.034662,0.016499,0.027485,0.01989
0.023244,0.23851,0.032942,0.029413,0.033383,0.060992,0.036671,0.032927,0.016455,0.028432,0.019819
0.023098,0.28394,0.033016,0.028628,0.03308,0.054157,0.036768,0.0363,0.016437,0.026963,0.01981
0.022928,0.23735,0.032829,0.026973,0.03293,0.049717,0.036301,0.033622,0.0164,0.028348,0.019736
0.023537,0.19843,0.033758,0.026724,0.032266,0.046049,0.036486,0.034573,0.016533,0.027696,0.019725
0.023276,0.16586,0.034197,0.026774,0.03177,0.044123,0.037641,0.033925,0.016632,0.027602,0.019727
0.023052,0.16424,0.03407,0.026061,0.034603,0.044091,0.037814,0.034008,0.016433,0.027141,0.020432
0.023117,0.092323,0.034063,0.025781,0.035134,0.044715,0.036836,0.032945,0.016201,0.027459,0.020562
0.022932,0.072491,0.033051,0.026157,0.033549,0.041498,0.035687,0.036576,0.016356,0.026844,0.02032
0.022556,0.065816,0.033325,0.027405,0.033025,0.039306,0.036629,0.033905,0.016379,0.027485,0.02014
0.022323,0.057343,0.032605,0.02721,0.031986,0.037426,0.036883,0.034338,0.016372,0.028113,0.01996
0.023258,0.052983,0.032636,0.027578,0.032873,0.035684,0.037613,0.034338,0.016424,0.02771,0.020035
0.022967,0.049428,0.032279,0.026989,0.032188,0.034021,0.036798,0.034814,0.016232,0.028355,0.019863
0.023282,0.049722,0.032989,0.0265,0.030688,0.032532,0.036662,0.034893,0.016212,0.027044,0.0197
0.02306,0.047277,0.034752,0.025857,0.036899,0.031666,0.036878,0.035724,0.016175,0.027415,0.019859
0.022852,0.047228,0.033476,0.025712,0.032792,0.030501,0.036816,0.034931,0.016364,0.026732,0.019821
0.022966,0.0456,0.033098,0.025883,0.033341,0.029709,0.03741,0.03455,0.016381,0.027206,0.019761
0.022626,0.042947,0.033158,0.026488,0.034277,0.028752,0.036986,0.03355,0.016231,0.027039,0.043547
4.0672,3.5715,3.6914,3.8411,3.6333,4.0139,3.3534,3.6596,4.975,4.0367,4.4617
0,0,0,0,0,0,0,0,0,0,0
0,0,0,0,0,0,0,0,0,0,0
0,0,0,0,0,0,0,0,0,0,0
0,0,0,0,0,0,0,0,0,0,0
0,0,0,0,0,0,0,0,0,0,0
0,0,0,0,0,0,0,0,0,0,0
0,0,0,0,0,0,0,0,0,0,0
0,0,0,0,0,0,0,0,0,0,0
0,0,0,0,0,0,0,0,0,0,0
0,0,0,0,0,1.0415,0,0,3.1704,0,0
4.0612,3.565,3.685,3.8298,0.07777,2.9308,2.9717,3.6426,1.7356,4.059,4.4893
0.028889,0.044248,0.033296,0.027443,3.5071,0.024924,0.3892,0.24075,0.016324,0.09224,0.019952
0.029072,0.039719,0.032979,0.031289,0.033858,0.025308,0.037463,0.19911,0.018077,0.085987,0.020116
0.032612,0.042946,0.032399,0.1102,0.034634,0.024413,0.035881,0.21964,0.016829,0.072816,0.019797
0.042473,0.041555,0.032917,0.1899,0.033017,0.023875,0.037667,0.30378,0.016409,0.053194,0.019905
0.035276,0.040854,0.033159,0.086937,0.032707,0.023395,0.037056,0.17495,0.016814,0.042714,0.020166
0.026042,0.037597,0.033946,0.24441,0.33016,0.023419,0.03598,0.10282,0.016733,0.040208,0.020003
0.025123,0.28666,0.034888,0.14372,0.16085,0.023635,0.036152,0.074995,0.016736,0.040629,0.019896
0.023782,0.17853,0.033795,0.1316,0.10837,0.023265,0.036865,0.060841,0.016638,0.039712,0.019742
0.027342,0.17844,0.03376,0.080908,0.12062,0.023427,0.037512,0.19563,0.016309,0.039954,0.019744
0.046871,0.16224,0.033539,0.060437,0.07924,0.022866,0.038305,0.11882,0.01647,0.039468,0.02042
0.23838,0.23031,0.033015,0.048433,0.11876,0.022999,0.037243,0.17329,0.016498,0.038548,0.020509
0.19173,0.11789,0.032889,0.15782,0.096335,0.02292,0.037277,0.62636,0.016289,0.038032,0.020185
0.14072,0.08851,0.033163,0.19378,0.097015,0.023199,0.03833,0.6842,0.016303,0.036674,0.020968
0.11221,0.38129,0.034822,0.17028,0.079486,0.023113,0.038316,0.56521,0.016286,0.036709,0.021218
0.16874,0.22463,0.034331,0.28079,0.069216,0.024342,0.043369,0.40755,0.016237,0.036271,0.025883
0.17763,0.34181,0.033394,0.25569,0.21994,0.023436,0.044529,0.58291,0.016465,0.036993,0.032174
0.1284,0.14605,0.032863,0.11289,0.13776,0.025169,0.039501,0.43841,0.016475,0.036363,0.025474
0.13086,0.10575,0.033096,0.084005,0.12619,0.023968,0.043423,0.37494,0.016999,0.037385,0.023795
0.077652,0.44184,0.033415,0.050733,0.15955,0.031749,0.2117,0.38513,0.01756,0.038792,0.023641
0.07105,0.60522,0.034856,0.11312,0.12812,0.024605,0.1621,0.20244,0.01768,0.03378,0.022845
0.16621,0.56855,0.034757,0.1849,0.096403,0.024199,0.15632,0.2213,0.017269,0.033179,0.020922
0.20384,0.63059,0.035034,0.16836,0.071811,0.027396,0.19886,0.12039,0.017203,0.034112,0.020477
0.12331,0.65354,0.03432,0.19786,0.066422,0.026833,0.2356,0.08758,0.016724,0.035024,0.020854
0.56855,0.42034,0.03428,0.27525,0.062022,0.024928,0.16282,0.081606,0.016254,0.032943,0.02064
0.39174,0.1642,0.033554,0.24789,0.13967,0.023402,0.13515,0.079653,0.016499,0.031739,0.019938
0.38154,0.13464,0.03455,0.24545,0.28801,0.02619,0.080484,0.07591,0.017345,0.032053,0.019847
0.46905,0.11493,0.035423,0.18597,0.12039,0.024034,0.062999,0.089017,0.017037,0.032202,0.022822
0.17672,0.09858,0.034525,0.35153,0.15332,0.022929,0.053408,0.06808,0.016401,0.031488,0.022796
0.29482,0.088882,0.035441,0.27503,0.16846,0.02314,0.04745,0.075287,0.016439,0.02994,0.020416
0.57961,0.083193,0.033635,0.16104,0.10816,0.022929,0.045352,0.075643,0.016491,0.029567,0.020366
0.65254,0.45116,0.033263,0.24174,0.090681,0.022474,0.043396,0.075389,0.01667,0.029238,0.020309
0.54071,0.46809,0.033994,0.18299,0.070735,0.02286,0.0422,0.06247,0.017373,0.029711,0.020793
0.37643,0.29239,0.03325,0.18799,0.059908,0.022606,0.04033,0.070307,0.017331,0.02881,0.020711
0.47748,0.36079,0.033353,0.23425,0.055443,0.022674,0.040071,0.068401,0.017126,0.030011,0.01996
0.43247,0.38769,0.035739,0.2531,0.050246,0.022809,0.03898,0.069376,0.016918,0.029538,0.020262
0.29005,0.1803,0.03511,0.24141,0.047851,0.023756,0.038792,0.070456,0.016901,0.030509,0.02023
0.51105,0.23123,0.035904,0.16388,0.048637,0.022798,0.037835,0.067128,0.018113,0.030041,0.021157
0.41799,0.14674,0.034198,0.24318,0.04671,0.02226,0.039026,0.082515,0.018877,0.02951,0.020823
0.25718,0.10042,0.034484,0.27188,0.044175,0.023145,0.039052,0.069163,0.017748,0.029818,0.019657
0.23066,0.078006,0.065049,0.1848,0.043888,0.022899,0.037898,0.074448,0.017238,0.029192,0.020083
0.5297,0.066129,0.20599,0.16089,0.040997,0.022708,0.037395,0.072247,0.018414,0.029015,0.020005
0.53883,0.067152,0.14592,0.17297,0.12347,0.022949,0.038636,0.069874,0.017156,0.02871,0.020005
0.7526,0.067793,0.15412,0.12412,0.25597,0.022867,0.039134,0.068284,0.016982,0.029656,0.019764
0.48744,0.065418,0.12824,0.097645,0.13444,0.022959,0.038147,0.066644,0.017125,0.028673,0.020106
0.21175,0.087723,0.068412,0.11893,0.14541,0.022726,0.03836,0.070052,0.016305,0.029418,0.020588
0.12603,0.25582,0.053633,0.20888,0.19198,0.022646,0.037717,0.064941,0.01639,0.029451,0.020491
0.082935,0.21738,0.043858,0.14333,0.16503,0.023803,0.047069,0.06288,0.016585,0.027973,0.020313
0.071908,0.30433,0.039604,0.18018,0.11308,0.023815,0.3472,0.060327,0.016226,0.028121,0.020531
0.062611,0.20589,0.038123,0.098651,0.06782,0.022999,0.27542,0.058818,0.016138,0.028169,0.020297
0.056508,0.18949,0.037332,0.073681,0.057694,0.022632,0.2756,0.057409,0.016572,0.027947,0.019908
0.05132,0.097647,0.037098,0.059758,0.049873,0.022627,0.1755,0.054712,0.016631,0.027743,0.020043
0.046301,0.073041,0.035944,0.052997,0.048868,0.022498,0.14306,0.054468,0.016594,0.028364,0.019772
0.042961,0.058645,0.034665,0.048407,0.049145,0.022341,0.10084,0.0551,0.016723,0.028138,0.019959
0.039611,0.056562,0.033951,0.045014,0.045103,0.02241,0.079435,0.052845,0.016633,0.028662,0.01979
0.036386,0.056146,0.033325,0.041081,0.04462,0.022375,0.073692,0.052974,0.016643,0.028785,0.019766
0.033932,0.054097,0.033673,0.038691,0.042426,0.022425,0.067453,0.052834,0.016488,0.028017,0.019834
0.031912,0.052028,0.033902,0.035858,0.041205,0.022658,0.062923,0.051064,0.016658,0.027734,0.019585
0.03118,0.051563,0.034672,0.034602,0.040175,0.022639,0.058302,0.051416,0.016803,0.027168,0.01975
0.030004,0.050426,0.03482,0.034217,0.037928,0.022401,0.054356,0.048171,0.016685,0.026822,0.019797
0.028822,0.051311,0.033456,0.033129,0.04271,0.022624,0.05228,0.046878,0.016657,0.026625,0.020222
0.027669,0.04921,0.033235,0.033542,0.039108,0.022395,0.052878,0.045913,0.016595,0.027834,0.020248
0.026963,0.047788,0.032704,0.033166,0.03904,0.022199,0.049483,0.044117,0.01648,0.027641,0.020182
0.026408,0.045952,0.032417,0.031651,0.039114,0.022505,0.049441,0.04455,0.016433,0.027681,0.020292
0.026192,0.048827,0.033782,0.03079,0.038963,0.022674,0.048034,0.045223,0.016427,0.028357,0.020169
0.025949,0.046166,0.033924,0.030486,0.037981,0.022593,0.046565,0.042768,0.016416,0.027292,0.019946
0.026139,0.045517,0.035273,0.029522,0.036963,0.022629,0.045763,0.042093,0.016649,0.027072,0.019758
0.025527,0.043754,0.034131,0.029426,0.037806,0.022456,0.045911,0.04132,0.016739,0.027037,0.019931
0.02523,0.041981,0.033165,0.029794,0.038693,0.022674,0.044981,0.041134,0.01668,0.026744,0.019999
0.024911,0.04149,0.032908,0.029742,0.036517,0.022784,0.04433,0.043882,0.016512,0.026463,0.02
0.024761,0.043397,0.032835,0.029847,0.037361,0.022561,0.045348,0.044427,0.016711,0.027699,0.019684
0.024438,0.042072,0.032984,0.029199,0.036118,0.022708,0.045157,0.042147,0.016556,0.027733,0.019674
0.025032,0.042972,0.032889,0.029187,0.035297,0.02288,0.044655,0.040779,0.01657,0.027379,0.019568
0.02464,0.041159,0.033533,0.028631,0.034197,0.022693,0.045093,0.040265,0.016811,0.028346,0.019569
0.024378,0.040953,0.035191,0.027802,0.033908,0.022727,0.044421,0.039853,0.016741,0.027535,0.019771
0.024152,0.041955,0.032657,0.027506,0.039381,0.02336,0.042991,0.041674,0.016507,0.026898,0.019881
0.023938,0.042588,0.03251,0.028469,0.035432,0.023141,0.042961,0.041372,0.016585,0.026742,0.020304
0.023565,0.040612,0.032851,0.028685,0.035755,0.022435,0.042486,0.040245,0.016645,0.026447,0.020722
0.02355,0.041036,0.032412,0.028768,0.036662,0.022877,0.04305,0.039501,0.016569,0.026164,0.020125
0.023863,0.040442,0.032886,0.028914,0.034479,0.023641,0.04199,0.040431,0.016488,0.027922,0.022474
0.024098,0.039711,0.034409,0.031016,0.034366,0.038275,0.041364,0.040848,0.016775,0.03568,0.026019
0.023847,0.040424,0.035847,0.027961,0.033425,0.027408,0.041855,0.042622,0.016473,0.03085,0.020369
0.023736,0.039833,0.034424,0.029368,0.036182,0.028897,0.040919,0.039942,0.016654,0.03083,0.024204
0.023558,0.040824,0.033871,0.027269,0.037196,0.031801,0.042362,0.039349,0.016843,0.031318,0.023892
0.023408,0.039636,0.03336,0.027408,0.035381,0.022587,0.042024,0.039501,0.016701,0.027227,0.020007
0.023413,0.03943,0.032774,0.028364,0.036198,0.022459,0.04077,0.039212,0.016515,0.026927,0.019996
0.023669,0.038867,0.032928,0.02791,0.035081,0.02237,0.039753,0.042141,0.016421,0.026582,0.019917
0.023683,0.040921,0.033701,0.028365,0.033317,0.022383,0.040853,0.04105,0.016438,0.026548,0.019839
0.023566,0.039658,0.033869,0.028194,0.033759,0.022447,0.04017,0.038747,0.016469,0.027204,0.019928
0.023444,0.039871,0.034554,0.027379,0.0327,0.022441,0.040302,0.039733,0.016478,0.027628,0.0198
0.023312,0.039237,0.033565,0.027578,0.037005,0.022656,0.039166,0.039711,0.01679,0.027502,0.019821
0.023193,0.039627,0.033443,0.027402,0.035145,0.022614,0.03914,0.03853,0.016438,0.028188,0.020298
0.023183,0.038104,0.032834,0.026977,0.034567,0.02276,0.039307,0.041017,0.016591,0.027791,0.020438
0.023575,0.040445,0.033102,0.027549,0.035559,0.022623,0.038427,0.039074,0.016547,0.027252,0.020167
0.02352,0.037723,0.033686,0.028323,0.033923,0.022754,0.039365,0.039555,0.016645,0.027158,0.02011
0.02302,0.040531,0.033958,0.027809,0.03411,0.022737,0.0402,0.040177,0.016417,0.026573,0.020067
0.023141,0.038157,0.035346,0.028283,0.03267,0.022662,0.039255,0.039374,0.016475,0.026664,0.01992
0.023262,0.03787,0.033197,0.028339,0.0319,0.022657,0.037997,0.041733,0.01633,0.026584,0.019958
0.022971,0.039205,0.03339,0.028092,0.03704,0.022954,0.039748,0.041647,0.016507,0.027907,0.019828
0.02291,0.039635,0.033159,0.027518,0.034359,0.022953,0.039644,0.038628,0.016816,0.026782,0.019817
0.023743,0.039224,0.033067,0.026527,0.034294,0.022775,0.039136,0.038179,0.016457,0.028134,0.019777
0.02339,0.039624,0.033505,0.026692,0.035234,0.022642,0.038873,0.038543,0.016842,0.027916,0.019621
0.02301,0.038341,0.033717,0.026869,0.034247,0.022792,0.038365,0.037658,0.016882,0.027343,0.019657
0.023389,0.03917,0.035849,0.027464,0.033074,0.022526,0.037152,0.040452,0.01652,0.027333,0.019765
0.022747,0.038843,0.03358,0.027764,0.032478,0.022239,0.039149,0.039668,0.016612,0.026644,0.019671
0.023025,0.038837,0.033349,0.028081,0.033713,0.022316,0.039708,0.038296,0.016307,0.026971,0.019729
0.022827,0.040528,0.032983,0.027643,0.03853,0.022387,0.040054,0.037327,0.016473,0.02641,0.019776
0.023617,0.040238,0.032504,0.027577,0.03505,0.0223,0.039646,0.038414,0.016683,0.028096,0.02016
0.023394,0.038789,0.033374,0.027426,0.035502,0.022483,0.037347,0.038275,0.016595,0.027137,0.020324
0.02332,0.038131,0.033962,0.026871,0.034643,0.022727,0.038393,0.040875,0.016832,0.028115,0.020149
0.023078,0.040738,0.034717,0.026443,0.03451,0.022496,0.037948,0.039025,0.016526,0.028208,0.020016
0.022679,0.039338,0.034872,0.026455,0.033875,0.022703,0.038174,0.038482,0.016449,0.027208,0.020072
0.02253,0.039799,0.033872,0.027157,0.032691,0.022477,0.038929,0.038045,0.016381,0.027105,0.019948
0.022811,0.03855,0.03334,0.027305,0.035359,0.02249,0.037903,0.03789,0.01636,0.026019,0.019809
0.023546,0.038747,0.033203,0.027957,0.034906,0.022476,0.036862,0.038264,0.01651,0.026461,0.019708
0.023021,0.038519,0.033025,0.027605,0.033541,0.022574,0.038406,0.039701,0.016356,0.026116,0.01983
0.022905,0.040439,0.033381,0.027689,0.033881,0.022733,0.038181,0.038096,0.016203,0.027868,0.019581
0.022603,0.039683,0.033492,0.026951,0.032849,0.02277,0.038314,0.037256,0.016512,0.027107,0.019611
0.022545,0.041198,0.035234,0.026677,0.033596,0.022598,0.03795,0.03756,0.016334,0.028412,0.019344
0.022587,0.039274,0.034078,0.026343,0.032671,0.022527,0.037529,0.037114,0.016344,0.027606,0.01947
0.022553,0.038363,0.033493,0.026623,0.032116,0.022628,0.037193,0.038879,0.01625,0.027062,0.019522
0.023397,0.038179,0.032982,0.027518,0.036535,0.022816,0.03806,0.0387,0.016455,0.026714,0.019564
0.022948,0.041076,0.032415,0.027172,0.033874,0.023072,0.037844,0.037666,0.016646,0.026017,0.019797
0.022923,0.040209,0.033064,0.027589,0.03418,0.02273,0.038486,0.036969,0.016748,0.026524,0.020279
0.022954,0.039598,0.033686,0.027211,0.033464,0.022518,0.03843,0.037911,0.016693,0.026429,0.020331
0.022636,0.039659,0.034634,0.027157,0.033012,0.02267,0.037179,0.037314,0.016477,0.027731,0.020126
0.022601,0.038644,0.035592,0.026847,0.033031,0.022806,0.036543,0.039521,0.016757,0.027594,0.020223
0.022818,0.038474,0.033743,0.026347,0.032696,0.02248,0.037317,0.037537,0.016761,0.027572,0.020188
0.023423,0.039467,0.033091,0.026092,0.034817,0.022441,0.037851,0.037024,0.016444,0.028296,0.019745
0.023271,0.039554,0.032916,0.026651,0.035807,0.022527,0.038068,0.036611,0.016553,0.02733,0.019789
0.02291,0.040382,0.032916,0.027572,0.034333,0.022551,0.037311,0.036746,0.016529,0.026893,0.019992
0.022719,0.038715,0.033838,0.027479,0.03385,0.022493,0.03662,0.037886,0.016391,0.0264,0.020033
0.022599,0.039258,0.034461,0.027468,0.034577,0.022063,0.036171,0.038646,0.016292,0.026492,0.019839
0.022792,0.039906,0.034994,0.027058,0.032923,0.022475,0.036622,0.0358,0.0165,0.026392,0.020051
0.022759,0.04055,0.033604,0.026963,0.032273,0.022304,0.036921,0.037205,0.016324,0.027607,0.020149
0.023286,0.040808,0.032899,0.026502,0.031555,0.022211,0.037361,0.036727,0.016425,0.02735,0.019958
0.023066,0.039529,0.033088,0.026134,0.036293,0.022393,0.037176,0.03677,0.016467,0.027874,0.019833
0.022875,0.038778,0.032069,0.026262,0.034172,0.022323,0.036673,0.038938,0.016441,0.02824,0.019562
0.022883,0.038713,0.033379,0.026211,0.033352,0.022468,0.036524,0.038197,0.016826,0.027075,0.019853
0.022556,0.039056,0.034087,0.027392,0.033842,0.022678,0.03673,0.03761,0.017749,0.027041,0.020391
0.022468,0.039661,0.035325,0.027531,0.032997,0.02253,0.038257,0.036851,0.017453,0.026709,0.020205
0.022399,0.04039,0.033905,0.027563,0.032672,0.022285,0.037166,0.036761,0.016555,0.026244,0.020142
0.023037,0.039642,0.033289,0.027167,0.032687,0.02221,0.036544,0.036274,0.016533,0.026399,0.020212
0.022939,0.038085,0.033169,0.026758,0.033421,0.022322,0.036596,0.038727,0.016554,0.027146,0.020354
0.022711,0.038181,0.03262,0.026678,0.036436,0.022355,0.036279,0.036517,0.016496,0.0281,0.020099
0.022834,0.03955,0.03336,0.025858,0.033726,0.022286,0.036959,0.036143,0.016594,0.027145,0.019979
0.022568,0.038371,0.033948,0.025823,0.033773,0.022235,0.037737,0.035978,0.01657,0.028485,0.019944
0.022304,0.039505,0.034482,0.026238,0.033217,0.022308,0.036744,0.037053,0.016628,0.027217,0.01966
0.022352,0.039289,0.034366,0.027107,0.032311,0.022239,0.036998,0.037533,0.016852,0.026941,0.019498
0.023047,0.03784,0.033857,0.026723,0.032632,0.02229,0.037206,0.038131,0.016716,0.026984,0.019487
0.022967,0.038231,0.033286,0.026963,0.031823,0.02219,0.036453,0.03587,0.016725,0.026558,0.019766
0.022643,0.038907,0.03267,0.027164,0.035607,0.022084,0.037182,0.035895,0.016633,0.026629,0.019536
0.022732,0.038901,0.033347,0.026352,0.035029,0.022303,0.037337,0.03609,0.016584,0.026192,0.019515
0.022631,0.041011,0.033985,0.02637,0.033903,0.022268,0.037518,0.035912,0.016315,0.027096,0.019509
0.022472,0.038559,0.034397,0.026271,0.033788,0.022349,0.036038,0.037035,0.016378,0.026431,0.019715
0.022456,0.037764,0.035021,0.025933,0.032853,0.022674,0.036826,0.036603,0.016459,0.027747,0.020361
0.02248,0.038351,0.033788,0.026217,0.033356,0.022498,0.036518,0.035328,0.016414,0.027404,0.020104
0.022659,0.038378,0.033061,0.027147,0.032699,0.022619,0.037214,0.035618,0.016381,0.026814,0.019949
0.022597,0.038996,0.032958,0.026894,0.033845,0.022194,0.036879,0.036408,0.016741,0.026584,0.020127
0.022807,0.04071,0.032821,0.027393,0.036027,0.02218,0.035983,0.035635,0.016624,0.02646,0.019931
0.022669,0.037533,0.033528,0.027065,0.033125,0.022547,0.036847,0.038466,0.016453,0.026242,0.019658
0.022601,0.038766,0.03418,0.026948,0.033853,0.023308,0.036814,0.036462,0.016805,0.026359,0.019724
0.022146,0.039077,0.035366,0.026887,0.033008,0.024249,0.037225,0.035877,0.016856,0.027535,0.019612
0.022564,0.040249,0.0336,0.026534,0.033026,0.024475,0.037723,0.036201,0.016663,0.027007,0.019669
0.022755,0.040078,0.033364,0.025962,0.032373,0.025009,0.036521,0.036195,0.01657,0.028132,0.01946
0.022782,0.039531,0.03323,0.026609,0.031416,0.023706,0.035435,0.037196,0.016585,0.027517,0.0198
0.022814,0.038181,0.032962,0.027334,0.036937,0.022794,0.037125,0.036416,0.016436,0.027315,0.01958
0.022762,0.038139,0.033842,0.027335,0.033652,0.022447,0.036885,0.035022,0.016452,0.02666,0.019656
0.0227,0.039145,0.034372,0.027196,0.033814,0.022386,0.03789,0.035399,0.016548,0.026581,0.019646
0.022586,0.039457,0.035815,0.026668,0.033472,0.022426,0.03751,0.036515,0.016578,0.026056,0.01959
0.023449,0.04032,0.034117,0.026509,0.03334,0.022608,0.035885,0.036521,0.016488,0.026363,0.019656
0.023516,0.038789,0.033064,0.026146,0.032712,0.022621,0.036427,0.037965,0.016638,0.028128,0.020033
0.022942,0.040227,0.032661,0.025884,0.03256,0.022724,0.037198,0.036117,0.016391,0.027069,0.020395
0.022801,0.038248,0.032515,0.025621,0.032774,0.022718,0.036382,0.036135,0.016261,0.027953,0.01992
0.022683,0.039732,0.032775,0.026289,0.035496,0.022644,0.038122,0.035812,0.016271,0.027521,0.019905
0.022283,0.038894,0.033811,0.026709,0.032944,0.022255,0.037046,0.036448,0.016199,0.027026,0.020001
0.022518,0.041089,0.035071,0.027056,0.033333,0.022389,0.035737,0.036808,0.016281,0.026648,0.019796
0.022695,0.038662,0.034752,0.02695,0.034215,0.022116,0.035713,0.038843,0.016368,0.02644,0.019806
0.022549,0.038715,0.033061,0.02664,0.032912,0.022256,0.03635,0.035725,0.016609,0.026287,0.020649
4.0536,3.6952,3.7129,3.8585,3.6304,4.0311,3.3928,3.5269,4.9563,4.0704,4.5237
0,0,0,0,0,0,0,0,0,0,0
0,0,0,0,0,0,0,0,0,0,0
0,0,0,0,0,0,0,0,0,0,0
0,0,0,0,0,0,0,0,0,0,0
0,0,0,0,0,0,0,0,0,0,0
0,0,0,0,0,0,0,0,0,0,0
0,0,0,0,0,0,0,0,0,0,0
0,0,0,0,0,0,0,0,0,0,0
0,0,0,0,0,0,0,0,0,0,0
0,0,0,0,0,0,0,0,0,0,0
4.0485,0.17538,3.7129,1.7356,0,4.0291,0.34125,3.4955,4.9469,4.0686,4.5237
0.022481,3.4847,0.035656,2.0638,3.6186,0.022968,3.0129,0.034859,0.018934,0.027895,0.019899
0.022839,0.039863,0.034459,0.026162,0.034428,0.022674,0.036833,0.035996,0.017502,0.027777,0.019892
0.022834,0.040512,0.034117,0.027499,0.033546,0.022538,0.035662,0.035303,0.017442,0.027179,0.01972
0.022899,0.039963,0.033633,0.027198,0.032943,0.022569,0.035228,0.035877,0.017046,0.026837,0.019688
0.022608,0.036939,0.032253,0.027426,0.032569,0.022561,0.035723,0.034412,0.01702,0.026429,0.019626
0.022747,0.037508,0.033296,0.026865,0.031571,0.02229,0.035738,0.034513,0.01705,0.026314,0.019513
0.022514,0.038895,0.034799,0.026848,0.036028,0.022275,0.037596,0.035064,0.017786,0.026624,0.019641
0.022449,0.039373,0.036158,0.026809,0.033056,0.022304,0.035777,0.03493,0.018907,0.028243,0.01954
0.02277,0.041067,0.035579,0.026452,0.033831,0.022082,0.035221,0.036106,0.018435,0.027275,0.019494
0.022935,0.040265,0.033694,0.025933,0.033193,0.022228,0.036308,0.034959,0.017575,0.028046,0.019459
0.022902,0.037559,0.033059,0.026329,0.033043,0.022272,0.036746,0.033525,0.016783,0.027466,0.019559
0.022929,0.037666,0.033361,0.02763,0.033014,0.022517,0.036475,0.032641,0.016367,0.026989,0.019525
0.02272,0.039766,0.033565,0.02761,0.032232,0.022327,0.036088,0.033636,0.016936,0.026911,0.019319
0.022547,0.03872,0.033411,0.027214,0.03495,0.022516,0.036051,0.033373,0.016985,0.026796,0.019801
0.022457,0.041275,0.034062,0.026718,0.034867,0.022445,0.035277,0.035729,0.016727,0.026647,0.020168
0.023315,0.040023,0.036325,0.026715,0.033728,0.022562,0.036169,0.034492,0.016417,0.026519,0.019767
0.023054,0.037401,0.034299,0.026668,0.033795,0.022545,0.035252,0.033811,0.016438,0.028249,0.020018
0.02273,0.038335,0.033396,0.026218,0.032397,0.022604,0.036254,0.034071,0.016541,0.026812,0.019969
0.022807,0.040397,0.033272,0.026012,0.032123,0.022637,0.036458,0.036238,0.016426,0.02783,0.019787
0.022616,0.03879,0.032534,0.026537,0.031625,0.022244,0.034808,0.035478,0.016611,0.028076,0.019558
0.022593,0.039506,0.033699,0.027655,0.031142,0.02237,0.036411,0.037123,0.016587,0.027786,0.019657
0.022671,0.038459,0.034526,0.027305,0.035685,0.022432,0.035863,0.035669,0.016415,0.027235,0.019449
0.02301,0.037869,0.034445,0.027404,0.033421,0.022442,0.036177,0.03612,0.016496,0.026342,0.019682
0.022757,0.037885,0.035097,0.027051,0.033927,0.022443,0.036795,0.035877,0.016465,0.026323,0.019731
0.022792,0.038261,0.03402,0.02676,0.033429,0.02461,0.035357,0.036188,0.016653,0.24401,0.020271
0.022623,0.039026,0.033472,0.026704,0.032297,0.023806,0.034725,0.037859,0.016587,0.23938,0.020104
0.022524,0.040217,0.033285,0.026436,0.032302,0.024249,0.035642,0.036308,0.016487,0.2106,0.019848
0.022307,0.037757,0.033597,0.02593,0.032042,0.023591,0.036613,0.035465,0.016526,0.10648,0.019416
0.022745,0.038242,0.034299,0.026763,0.034765,0.023049,0.036475,0.035239,0.016425,0.11597,0.020017
0.022993,0.039053,0.035012,0.027583,0.035048,0.022597,0.03595,0.035952,0.016523,0.080817,0.020378
0.023026,0.039224,0.03542,0.027652,0.033839,0.022618,0.035465,0.036256,0.016567,0.07271,0.020128
0.023074,0.040523,0.034469,0.027453,0.034223,0.022538,0.036216,0.038297,0.01643,0.050713,0.020199
0.022781,0.038773,0.033501,0.026868,0.033062,0.022679,0.03628,0.035091,0.01647,0.044521,0.020107
0.022455,0.038507,0.03312,0.026843,0.033169,0.022446,0.035761,0.034644,0.01646,0.039569,0.020086
0.0222,0.039332,0.032732,0.026416,0.032146,0.022807,0.036874,0.034917,0.016322,0.03747,0.019661
0.022904,0.039672,0.033932,0.026207,0.031237,0.022902,0.036211,0.035689,0.016487,0.034623,0.019519
0.022723,0.039059,0.033549,0.026463,0.035566,0.022328,0.034878,0.03601,0.01647,0.034469,0.019618
0.022648,0.040958,0.035032,0.027211,0.033665,0.022792,0.035488,0.036892,0.016448,0.03261,0.019524
0.022888,0.039022,0.034524,0.02715,0.033811,0.023603,0.035995,0.034698,0.016652,0.034204,0.019475
0.022912,0.038046,0.034186,0.027179,0.033281,0.028461,0.036211,0.034821,0.016666,0.38708,0.020064
0.022635,0.037772,0.032842,0.027396,0.032373,0.026435,0.035861,0.034778,0.01627,0.34697,0.020264
0.022825,0.039771,0.032701,0.026944,0.032907,0.028307,0.035755,0.034338,0.016409,0.27893,0.019787
0.022957,0.039961,0.033067,0.026958,0.032407,0.024395,0.034921,0.036182,0.016298,0.19015,0.020488
0.022752,0.040165,0.034458,0.026247,0.032762,0.022973,0.035732,0.034152,0.016468,0.1186,0.019724
0.023007,0.038591,0.034529,0.02647,0.035734,0.022803,0.035974,0.033588,0.016718,0.089602,0.019962
0.022752,0.038365,0.035771,0.02636,0.033724,0.025616,0.036538,0.034076,0.016691,0.1318,0.020165
0.022727,0.038393,0.033923,0.027305,0.033597,0.02757,0.035695,0.035087,0.016555,0.38036,0.020108
0.022669,0.038656,0.033576,0.028072,0.032924,0.026612,0.035177,0.035496,0.016513,0.2795,0.019943
0.023905,0.038182,0.03313,0.028624,0.0331,0.027568,0.03449,0.036227,0.016514,0.27105,0.02004
0.023308,0.040228,0.032954,0.028833,0.032711,0.023502,0.036402,0.033898,0.01625,0.19214,0.020554
0.023242,0.038481,0.033307,0.027649,0.032173,0.022619,0.035708,0.034091,0.016344,0.09184,0.019616
0.023098,0.038293,0.034809,0.0275,0.035729,0.022632,0.036871,0.034401,0.016447,0.083366,0.019454
0.022554,0.038255,0.035646,0.027185,0.033866,0.022445,0.035435,0.03446,0.016513,0.061729,0.019379
0.022802,0.037964,0.034253,0.026232,0.033188,0.022489,0.035315,0.035415,0.016423,0.055522,0.019532
0.022329,0.038959,0.03275,0.025799,0.033521,0.022496,0.035121,0.034626,0.016275,0.055011,0.01949
0.022913,0.038988,0.033808,0.026565,0.032512,0.022247,0.035904,0.033706,0.016355,0.049297,0.019424
0.022697,0.037699,0.032654,0.027284,0.032576,0.022323,0.034426,0.033708,0.016404,0.044034,0.019491
0.022601,0.03961,0.033601,0.027322,0.032331,0.022285,0.036659,0.034407,0.016428,0.041008,0.019291
0.022586,0.040793,0.034778,0.026997,0.032446,0.022179,0.035166,0.033863,0.016452,0.039055,0.019538
0.022524,0.038889,0.034663,0.026706,0.035746,0.022245,0.034456,0.035221,0.016551,0.037037,0.020207
0.022362,0.039725,0.034742,0.026482,0.033534,0.022304,0.035579,0.033386,0.016659,0.034314,0.020017
0.022357,0.038109,0.033222,0.026085,0.03448,0.022513,0.035956,0.032856,0.016688,0.032548,0.019782
0.023077,0.037822,0.032986,0.025946,0.033989,0.022359,0.035532,0.034139,0.016472,0.030848,0.02013
0.022803,0.036654,0.03266,0.026018,0.033107,0.022519,0.036327,0.034327,0.016283,0.03101,0.019797
0.022611,0.038976,0.032695,0.027126,0.033064,0.022261,0.036106,0.034917,0.016475,0.030016,0.019656
0.022778,0.038121,0.033585,0.027364,0.032036,0.02223,0.034874,0.034963,0.016365,0.029444,0.019436
0.022424,0.040347,0.033909,0.027514,0.033743,0.022417,0.036288,0.033604,0.016541,0.028839,0.019514
0.022115,0.038459,0.035401,0.027496,0.035802,0.022197,0.036592,0.034061,0.016457,0.027857,0.019381
0.02258,0.038548,0.033725,0.026657,0.033337,0.022253,0.036585,0.034573,0.016364,0.027625,0.019349
0.023114,0.037175,0.032201,0.02658,0.034442,0.022375,0.035846,0.034004,0.01637,0.026882,0.019347
0.022752,0.039552,0.032577,0.026596,0.033642,0.022328,0.03611,0.035871,0.016344,0.026541,0.01926
0.022545,0.039129,0.031616,0.026185,0.032442,0.022312,0.035616,0.033856,0.016501,0.026521,0.019575
0.022663,0.041863,0.032468,0.026133,0.032863,0.022403,0.036711,0.033798,0.016654,0.026954,0.01947
0.022464,0.038205,0.034888,0.026103,0.031946,0.022554,0.035804,0.034005,0.01648,0.027177,0.019381
0.022453,0.038266,0.035091,0.027331,0.036245,0.022781,0.035779,0.034363,0.016237,0.026881,0.019759
0.022408,0.038778,0.034615,0.026593,0.033594,0.022994,0.035501,0.033748,0.016362,0.02636,0.019961
0.023065,0.039356,0.033167,0.02757,0.033979,0.022734,0.0356,0.034887,0.016355,0.026367,0.019696
0.022798,0.03908,0.033216,0.027419,0.033352,0.022925,0.035669,0.033309,0.016341,0.026372,0.019802
0.022683,0.040018,0.032331,0.026563,0.032791,0.022783,0.035662,0.033615,0.016139,0.02581,0.019755
0.022637,0.038415,0.032537,0.026578,0.032863,0.02248,0.035303,0.034015,0.016787,0.025648,0.019487
0.022476,0.038243,0.033565,0.026138,0.032049,0.022373,0.03603,0.034207,0.017445,0.025447,0.019562
0.022494,0.039528,0.03412,0.025717,0.034009,0.022264,0.035378,0.03565,0.018167,0.025564,0.019485
0.022478,0.038482,0.035407,0.026224,0.035642,0.022102,0.034929,0.034171,0.017504,0.026479,0.01925
0.023163,0.040114,0.034042,0.026875,0.034029,0.022108,0.036588,0.033352,0.017245,0.025993,0.01948
0.022726,0.038749,0.033055,0.0271,0.034065,0.022545,0.036377,0.033926,0.018012,0.025847,0.01944
0.022428,0.037301,0.032975,0.027802,0.032967,0.022436,0.036449,0.035208,0.018027,0.025619,0.019351
0.022599,0.037105,0.032781,0.027232,0.032818,0.022232,0.036034,0.034563,0.017508,0.025907,0.019281
0.022545,0.039066,0.033773,0.026627,0.033431,0.022207,0.035315,0.035029,0.017158,0.025805,0.019457
0.02233,0.038446,0.033766,0.026977,0.032354,0.022097,0.035273,0.03382,0.017433,0.025627,0.019283
0.022364,0.039678,0.035805,0.026153,0.036302,0.02228,0.036046,0.033497,0.016771,0.025247,0.01919
0.023443,0.037774,0.033763,0.02611,0.033747,0.022302,0.036015,0.034063,0.016747,0.025181,0.019623
0.022804,0.037498,0.032878,0.026374,0.034139,0.022099,0.036507,0.034609,0.016478,0.026588,0.019949
0.022672,0.036923,0.032954,0.026931,0.033172,0.022435,0.036216,0.035455,0.016446,0.026027,0.020156
0.022567,0.039646,0.032891,0.026967,0.032348,0.022202,0.035204,0.034277,0.016183,0.026263,0.019805
0.022653,0.039253,0.033014,0.027311,0.033956,0.022118,0.035286,0.033328,0.016415,0.026127,0.019947
0.022545,0.041454,0.034247,0.027047,0.032949,0.02206,0.035278,0.034088,0.01642,0.025596,0.019727
0.022489,0.039197,0.035745,0.026684,0.03561,0.022168,0.036121,0.034767,0.016308,0.025466,0.019493
0.023308,0.037618,0.033953,0.026586,0.034639,0.022315,0.036549,0.034021,0.016281,0.02508,0.019481
0.022638,0.037788,0.032782,0.026106,0.033385,0.02204,0.036158,0.035249,0.016299,0.025095,0.019417
0.02262,0.039368,0.032835,0.025656,0.034266,0.022096,0.035889,0.032745,0.016424,0.025573,0.019355
0.022578,0.038161,0.0327,0.026979,0.0334,0.022305,0.03567,0.032915,0.016297,0.026806,0.019433
0.022467,0.040998,0.033269,0.02705,0.033102,0.021959,0.03621,0.033266,0.016183,0.025882,0.019252
0.022512,0.039681,0.034632,0.027334,0.032406,0.022162,0.036806,0.033736,0.016196,0.025857,0.019491
0.02258,0.038961,0.035367,0.026869,0.031506,0.022325,0.036148,0.071899,0.01639,0.025613,0.019529
0.027999,0.037771,0.035396,0.026759,0.035718,0.022336,0.035101,0.42694,0.016611,0.025436,0.019626
0.028144,0.038987,0.033725,0.026082,0.03336,0.022357,0.034979,0.27082,0.016336,0.02591,0.020488
0.028435,0.039832,0.033083,0.026261,0.033557,0.022603,0.035778,0.17873,0.016436,0.025836,0.020311
0.029588,0.040075,0.032548,0.025734,0.033232,0.022502,0.035881,0.28,0.01633,0.025514,0.02013
0.023609,0.037709,0.033087,0.025741,0.032491,0.022396,0.03641,0.12799,0.016595,0.02498,0.019726
0.022434,0.038239,0.033529,0.026363,0.032902,0.02232,0.035873,0.087141,0.01643,0.026021,0.019843
0.022656,0.039538,0.034093,0.026915,0.032023,0.022257,0.035331,0.078006,0.016611,0.025758,0.019844
0.023193,0.038813,0.035805,0.026931,0.034637,0.022513,0.035559,0.071051,0.016534,0.026287,0.019511
0.022894,0.039094,0.033617,0.027096,0.035289,0.022507,0.035449,0.067267,0.016404,0.026459,0.019567
0.022656,0.039069,0.033224,0.026832,0.033283,0.022565,0.035667,0.063599,0.016363,0.025613,0.019307
0.022352,0.037819,0.032773,0.026612,0.034067,0.022648,0.036512,0.057647,0.016245,0.02565,0.01945
0.022675,0.037844,0.03275,0.026163,0.03376,0.022246,0.036241,0.055645,0.016347,0.025342,0.019372
0.022224,0.039909,0.033638,0.025609,0.032933,0.022456,0.036198,0.049536,0.016272,0.024906,0.019354
0.022484,0.038292,0.034252,0.025692,0.032282,0.022192,0.03725,0.044236,0.016458,0.025105,0.019284
0.022739,0.040826,0.035535,0.0263,0.031806,0.022091,0.036003,0.042577,0.016414,0.026542,0.019285
0.022498,0.040374,0.034019,0.027285,0.035694,0.022079,0.036913,0.039927,0.016741,0.026095,0.019514
0.022601,0.037735,0.032622,0.027265,0.035032,0.022108,0.036652,0.04055,0.016576,0.025553,0.019462
0.022386,0.037913,0.032773,0.027565,0.033875,0.0222,0.035731,0.037239,0.016236,0.025454,0.019716
0.022491,0.038399,0.032476,0.02739,0.033871,0.022246,0.035605,0.036444,0.016382,0.025205,0.019984
0.022517,0.038443,0.032602,0.026286,0.032988,0.022142,0.035838,0.036125,0.016753,0.025423,0.019721
0.022719,0.040305,0.033922,0.025926,0.033074,0.022245,0.035758,0.035703,0.016446,0.026012,0.019962
0.02319,0.039089,0.034136,0.02565,0.032136,0.022092,0.037052,0.036528,0.016596,0.025385,0.01969
0.022555,0.038767,0.035375,0.025613,0.033148,0.022315,0.035734,0.035534,0.016299,0.02482,0.019572
0.022595,0.038145,0.03346,0.026128,0.036447,0.022333,0.035591,0.033816,0.016365,0.024788,0.019389
0.022637,0.040266,0.032509,0.026955,0.033397,0.022577,0.035705,0.033894,0.016224,0.026462,0.019543
0.022738,0.038478,0.032668,0.027073,0.035354,0.022646,0.03554,0.03485,0.016207,0.025974,0.019501
0.022551,0.041312,0.033585,0.02741,0.033496,0.022743,0.035748,0.033512,0.016074,0.026619,0.01948
0.022962,0.040185,0.033816,0.027623,0.032965,0.022648,0.03658,0.03562,0.016226,0.025993,0.019237
0.022883,0.037419,0.033441,0.026531,0.032769,0.022719,0.035808,0.03418,0.016285,0.025314,0.019128
0.022789,0.038145,0.035241,0.026405,0.032277,0.022925,0.034811,0.033011,0.016299,0.025294,0.019343
0.022464,0.039279,0.032975,0.025666,0.034242,0.022925,0.036055,0.033711,0.016483,0.025868,0.019342
0.022673,0.038057,0.032919,0.025678,0.035559,0.022622,0.036336,0.035132,0.016276,0.025419,0.019021
0.022446,0.040193,0.032307,0.0263,0.033516,0.022276,0.037054,0.033756,0.016407,0.025404,0.019459
0.022431,0.039378,0.032384,0.0269,0.034314,0.022501,0.036837,0.03623,0.016554,0.026325,0.019972
0.02304,0.03893,0.033223,0.02668,0.032273,0.022409,0.035546,0.033843,0.016342,0.025617,0.019643
0.023179,0.03788,0.034222,0.027332,0.032657,0.022327,0.035753,0.032765,0.016269,0.02584,0.019738
0.022942,0.040763,0.034742,0.026761,0.032174,0.022225,0.035681,0.033423,0.016517,0.02568,0.019603
0.022464,0.038748,0.034444,0.026379,0.031214,0.022278,0.036695,0.034613,0.016358,0.026163,0.01944
0.022462,0.040647,0.033436,0.026447,0.035545,0.022184,0.036465,0.034352,0.016378,0.025894,0.019376
0.022582,0.039022,0.033502,0.026245,0.034228,0.021796,0.036147,0.034838,0.016609,0.025116,0.019147
0.022409,0.039542,0.032528,0.025657,0.03344,0.022289,0.035023,0.032363,0.016431,0.024943,0.019291
0.023065,0.038511,0.033173,0.025974,0.033371,0.022394,0.035538,0.032446,0.016421,0.025045,0.019225
0.022883,0.039147,0.033254,0.027028,0.033097,0.022306,0.036483,0.034285,0.016534,0.026186,0.019294
0.022582,0.038013,0.033256,0.026719,0.032483,0.022441,0.036952,0.034331,0.016536,0.026522,0.019145
0.022552,0.040515,0.035667,0.027551,0.032394,0.02255,0.035875,0.034101,0.016324,0.026027,0.019208
0.02347,0.041933,0.037539,0.030492,0.038209,0.023987,0.040082,0.040269,0.016278,0.028473,0.020847
0.022484,0.041029,0.034403,0.025721,0.032126,0.022367,0.036185,0.034442,0.016429,0.025011,0.019686
0.022488,0.037968,0.035745,0.026405,0.031698,0.022435,0.036436,0.032952,0.016224,0.026468,0.019591
0.022475,0.037355,0.032936,0.027424,0.031365,0.022625,0.034932,0.031817,0.01623,0.02603,0.019583
0.022343,0.038805,0.032749,0.026919,0.034373,0.022827,0.036748,0.032493,0.016313,0.025824,0.019216
0.022495,0.0392,0.033079,0.026926,0.03478,0.022615,0.035789,0.032719,0.016347,0.025521,0.019446
0.022921,0.040791,0.033186,0.026698,0.032783,0.022318,0.036749,0.033684,0.01638,0.025776,0.019148
0.022957,0.040447,0.033305,0.026432,0.034049,0.022582,0.036211,0.033073,0.016385,0.025571,0.019253
0.022731,0.038894,0.033415,0.02647,0.032766,0.022646,0.035561,0.030875,0.01637,0.025018,0.019234
0.022638,0.037818,0.034804,0.025816,0.032458,0.022668,0.03582,0.031504,0.016413,0.024773,0.019148
0.022601,0.038165,0.03345,0.025241,0.032905,0.16104,0.036069,0.032845,0.016387,0.025543,0.019281
0.022168,0.038075,0.033128,0.025787,0.03169,0.26567,0.03657,0.032664,0.016342,0.026165,0.019224
0.02245,0.039832,0.033485,0.027089,0.036724,0.15367,0.037446,0.033739,0.016242,0.026192,0.019192
0.023193,0.038331,0.032425,0.026894,0.034159,0.087498,0.036035,0.032521,0.016254,0.02617,0.019014
0.023064,0.038283,0.033861,0.027735,0.034068,0.074471,0.036343,0.032438,0.016297,0.025994,0.019188
0.022985,0.037846,0.034538,0.027091,0.033685,0.080933,0.035996,0.03193,0.016371,0.025506,0.019851
0.02252,0.039386,0.034745,0.026199,0.032607,0.081478,0.036203,0.032873,0.01628,0.026007,0.019949
0.022382,0.038202,0.035193,0.026051,0.032699,0.073808,0.036705,0.033691,0.016391,0.044613,0.019635
0.022525,0.039703,0.033516,0.025897,0.032514,0.063989,0.036756,0.033569,0.016487,0.039544,0.01992
0.022809,0.039368,0.032704,0.025621,0.034026,0.057772,0.036004,0.032081,0.016132,0.046187,0.019729
0.023123,0.037793,0.032553,0.02595,0.035979,0.054068,0.035585,0.031752,0.016431,0.033339,0.019501
0.022616,0.038076,0.032918,0.027549,0.032771,0.052595,0.036467,0.032752,0.016365,0.032978,0.019386
0.022703,0.04022,0.034277,0.027152,0.034322,0.047555,0.03663,0.032747,0.016832,0.029679,0.019422
0.022704,0.039114,0.033447,0.027555,0.033266,0.044206,0.03665,0.033722,0.016423,0.026991,0.019255
0.022391,0.040079,0.035449,0.027226,0.032457,0.040555,0.035671,0.032615,0.016481,0.026737,0.01918
0.022326,0.03805,0.033442,0.026635,0.032454,0.037889,0.034862,0.03112,0.016253,0.026503,0.01918
0.022756,0.038551,0.033141,0.026659,0.032481,0.035983,0.035668,0.032082,0.016415,0.026156,0.019214
0.022865,0.037837,0.032904,0.026247,0.035779,0.035141,0.036051,0.033312,0.016479,0.025682,0.019056
0.022598,0.04019,0.032642,0.025907,0.033645,0.0363,0.036077,0.032516,0.016467,0.026817,0.019249
