NaN,NaN,NaN,NaN,NaN,NaN,NaN,NaN,NaN,NaN,NaN,NaN,NaN,NaN,NaN
0.18837,1.0654,1.2128,0.87171,1.0898,1.0193,1.0822,1.0623,1.0079,1.1946,1.1292,1.0555,1.1401,1.0785,1.0913
0.01835,0.014876,0.027337,0.022805,0.017396,0.017111,0.016158,0.017524,0.22851,0.024932,0.023764,0.074193,0.017853,0.018419,0.022772
0.017457,0.015534,0.028024,0.021932,0.017279,0.01546,0.01563,0.016201,0.13603,0.023384,0.021259,0.056037,0.023273,0.019819,0.020691
0.016219,0.013939,0.029501,0.022507,0.016801,0.01451,0.015193,0.016123,0.085133,0.023422,0.018843,0.042146,0.021618,0.018979,0.019718
0.02591,0.017583,0.033223,0.02844,0.020743,0.019788,0.017945,0.019606,0.063774,0.029373,0.025653,0.035934,0.024706,0.025249,0.023063
0.022766,0.018687,0.030507,0.026396,0.020608,0.01959,0.016487,0.019222,0.065285,0.024275,0.021725,0.031089,0.02198,0.022328,0.02191
0.017294,0.014246,0.027046,0.024305,0.016848,0.015095,0.013294,0.017176,0.056867,0.020392,0.022116,0.026612,0.018015,0.016894,0.019837
0.017332,0.013885,0.027806,0.023071,0.016862,0.014333,0.014178,0.016334,0.047379,0.020786,0.022796,0.024675,0.019532,0.017295,0.018895
0.018256,0.01559,0.028532,0.022618,0.017618,0.015421,0.015989,0.016304,0.04119,0.023938,0.021863,0.023837,0.020365,0.019304,0.018176
0.016221,0.014121,0.027546,0.021965,0.017002,0.014237,0.015054,0.016372,0.03666,0.02204,0.020636,0.022003,0.02149,0.019097,0.016523
0.017399,0.013078,0.028713,0.022628,0.016813,0.014049,0.015361,0.016018,0.034349,0.022991,0.020182,0.021126,0.02258,0.019042,0.018135
0.025796,0.020304,0.034169,0.029365,0.022371,0.021524,0.019139,0.020965,0.035408,0.029622,0.027081,0.023786,0.025853,0.026807,0.019549
0.023289,0.017779,0.03065,0.026794,0.021044,0.019227,0.01644,0.020216,0.03243,0.024606,0.022358,0.021593,0.022376,0.022348,0.020045
0.017883,0.014007,0.026182,0.024287,0.017447,0.014366,0.013906,0.017065,0.028372,0.020357,0.022785,0.019568,0.01845,0.017598,0.017696
0.017197,0.015392,0.026781,0.023416,0.017167,0.014654,0.013818,0.016415,0.027208,0.020641,0.023046,0.02073,0.017356,0.017066,0.017246
0.016304,0.013921,0.027249,0.021995,0.017032,0.013401,0.015468,0.016543,0.025945,0.022801,0.020552,0.020222,0.021371,0.018482,0.015763
0.016473,0.013494,0.17118,0.022639,0.017228,0.014587,0.014663,0.017115,0.026752,0.022128,0.018289,0.019416,0.020677,0.018795,0.014843
0.018827,0.015348,0.27724,0.02257,0.016953,0.014495,0.0148,0.017113,0.026006,0.022278,0.02348,0.018703,0.026682,0.018724,0.017087
0.024907,0.018689,0.34813,0.028571,0.021838,0.02137,0.019009,0.021001,0.028079,0.028125,0.022262,0.021818,0.026583,0.026151,0.018436
0.023887,0.017366,0.33821,0.026767,0.021011,0.019511,0.017284,0.019556,0.026125,0.025595,0.024867,0.020727,0.023756,0.023538,0.019533
0.017747,0.014754,0.39779,0.023489,0.017298,0.014168,0.01367,0.01624,0.022875,0.020027,0.022685,0.018807,0.01851,0.017577,0.016908
0.018029,0.014702,0.50378,0.023309,0.017307,0.014392,0.013841,0.016978,0.022879,0.021101,0.021188,0.019521,0.019806,0.017827,0.01617
0.016602,0.01331,0.66477,0.022117,0.017359,0.014851,0.015662,0.016473,0.022882,0.063146,0.02033,0.019908,0.024318,0.021678,0.015489
0.017198,0.014778,0.51979,0.020888,0.017571,0.01999,0.014595,0.016862,0.023011,0.34851,0.022785,0.019359,0.020361,0.018405,0.014315
0.019702,0.015454,0.22545,0.021815,0.01891,0.01635,0.01573,0.01847,0.024361,0.58432,0.021568,0.019615,0.022851,0.019619,0.017371
0.02762,0.020272,0.16891,0.030173,0.026079,0.032048,0.020622,0.022014,0.028084,0.62929,0.025827,0.024485,0.027725,0.027927,0.019988
0.022286,0.017756,0.086956,0.026699,0.024698,0.039435,0.017336,0.018689,0.024459,0.40536,0.025176,0.022583,0.023954,0.023882,0.018727
0.017185,0.014387,0.058618,0.024242,0.01795,0.021152,0.014005,0.016849,0.021296,0.24675,0.021693,0.019649,0.019009,0.017729,0.016161
0.02063,0.062127,0.079085,0.025101,0.0187,0.01873,0.015414,0.019054,0.023257,0.26876,0.022178,0.020923,0.020872,0.020782,0.016916
0.017259,0.10543,0.069427,0.022145,0.017649,0.015815,0.016578,0.018706,0.022955,0.30227,0.020029,0.019608,0.017872,0.020617,0.015048
0.017164,0.22508,0.074773,0.021789,0.016926,0.015125,0.014302,0.019013,0.023295,0.21822,0.022374,0.019028,0.021091,0.01773,0.014771
0.019269,0.2892,0.070408,0.022469,0.016994,0.014094,0.015312,0.021131,0.022758,0.17088,0.019154,0.01861,0.020314,0.018937,0.016747
0.02325,0.18873,0.064889,0.027729,0.020526,0.019174,0.018152,0.019601,0.024858,0.13438,0.025324,0.020152,0.025282,0.023916,0.019179
0.021804,0.1857,0.05645,0.02604,0.019319,0.017668,0.016556,0.018593,0.023676,0.10331,0.024019,0.018966,0.024221,0.022716,0.018542
0.017208,0.16555,0.048698,0.024123,0.016707,0.014875,0.013748,0.016684,0.020573,0.074823,0.020554,0.018359,0.019422,0.017775,0.015842
0.020107,0.12818,0.046387,0.025005,0.019067,0.017883,0.015258,0.019009,0.023679,0.063544,0.019989,0.020078,0.021017,0.020556,0.016603
0.017867,0.083104,0.046636,0.022792,0.017777,0.01627,0.015581,0.01886,0.022754,0.055766,0.023569,0.019509,0.019567,0.019218,0.015227
0.018445,0.056272,0.042879,0.021969,0.016511,0.014037,0.014884,0.016908,0.022506,0.050326,0.018569,0.018715,0.019077,0.017514,0.015802
0.018253,0.046354,0.044243,0.022218,0.017011,0.014353,0.015276,0.075742,0.021951,0.048131,0.022591,0.01822,0.020574,0.019398,0.015929
0.023212,0.043689,0.044123,0.02614,0.020671,0.018993,0.018375,0.11511,0.025018,0.045697,0.025347,0.02036,0.025621,0.023693,0.019118
0.020304,0.039153,0.04066,0.026412,0.018553,0.016924,0.015822,0.17832,0.021569,0.042368,0.022575,0.018393,0.023358,0.021288,0.017038
0.017173,0.036183,0.037247,0.024099,0.016869,0.015182,0.014184,0.26155,0.021354,0.038876,0.019793,0.018433,0.021374,0.018119,0.015971
0.026246,0.035509,0.039145,0.029103,0.022125,0.022871,0.019194,0.17307,0.026086,0.043608,0.02627,0.022277,0.025493,0.026107,0.018578
0.020689,0.031593,0.040787,0.025392,0.019493,0.018759,0.016909,0.17667,0.024837,0.040384,0.02232,0.021434,0.020802,0.021249,0.015705
0.020012,0.028336,0.035103,0.02305,0.016805,0.01426,0.015332,0.12183,0.022496,0.039067,0.022287,0.019926,0.018172,0.018987,0.016173
0.01721,0.026922,0.037718,0.023286,0.017092,0.013892,0.014502,0.089547,0.021475,0.039813,0.022923,0.018825,0.020586,0.018074,0.015041
0.020664,0.027231,0.038716,0.023842,0.019907,0.017523,0.017266,0.071382,0.022445,0.039513,0.023488,0.019549,0.022437,0.021408,0.018175
0.019856,0.024441,0.039366,0.025999,0.018694,0.016845,0.016087,0.061814,0.022529,0.038669,0.021663,0.018278,0.1359,0.021281,0.017271
0.016663,0.02349,0.040139,0.023687,0.016818,0.013873,0.013582,0.057011,0.021467,0.036398,0.023525,0.018282,0.34862,0.018558,0.016122
0.023045,0.024406,0.037577,0.027326,0.020445,0.020157,0.017141,0.04963,0.025267,0.040846,0.028449,0.020801,0.34341,0.024531,0.017498
0.020164,0.022941,0.039334,0.024957,0.019327,0.017783,0.016283,0.041601,0.024836,0.040809,0.023576,0.020998,0.2742,0.021375,0.016053
0.019614,0.020894,0.033097,0.022176,0.017168,0.01422,0.015732,0.03776,0.022104,0.038415,0.02377,0.01996,0.17743,0.01909,0.01676
0.017603,0.01945,0.03713,0.022358,0.017678,0.014776,0.014731,0.033674,0.02156,0.03795,0.02314,0.018632,0.18179,0.017933,0.014999
0.019958,0.019236,0.037537,0.023565,0.019058,0.017223,0.016796,0.033429,0.022067,0.037348,0.021841,0.019184,0.11829,0.02123,0.017926
0.017563,0.019204,0.03299,0.025107,0.017359,0.014428,0.014726,0.031424,0.02194,0.034979,0.01825,0.017223,0.093354,0.019386,0.017128
0.017545,0.018663,0.031349,0.024131,0.017623,0.015178,0.014629,0.030537,0.02239,0.036465,0.023829,0.018271,0.069655,0.019187,0.01671
0.028207,0.023347,0.037701,0.030465,0.023842,0.024201,0.020686,0.032398,0.02789,0.041096,0.024698,0.023162,0.067522,0.028516,0.020135
0.023068,0.020275,0.035782,0.025977,0.020064,0.019466,0.017465,0.028189,0.024744,0.040473,0.025131,0.021126,0.065335,0.022062,0.016909
0.019236,0.016418,0.03115,0.022307,0.017843,0.014903,0.015629,0.027414,0.020396,0.03727,0.022908,0.01938,0.057802,0.019311,0.017157
0.017673,0.015318,0.034966,0.02212,0.017545,0.014788,0.014434,0.026609,0.019421,0.034918,0.0212,0.018417,0.047535,0.018085,0.015017
0.20225,0.016865,0.032831,0.023749,0.017947,0.014799,0.015798,0.027638,0.021838,0.034104,0.019944,0.017737,0.043655,0.019448,0.0173
0.55253,0.016874,0.032705,0.034024,0.01749,0.014769,0.015012,0.026523,0.022108,0.032197,0.021049,0.017349,0.039116,0.022555,0.016539
0.64001,0.015395,0.030616,0.029627,0.016357,0.013903,0.01381,0.024267,0.022676,0.033669,0.021518,0.017579,0.033865,0.023668,0.015866
0.42306,0.020941,0.032924,0.028707,0.021908,0.022152,0.018671,0.027864,0.026366,0.039667,0.024807,0.021604,0.034934,0.029044,0.018512
0.42577,0.017726,0.035919,0.026,0.01975,0.019588,0.01679,0.025044,0.023686,0.038278,0.025362,0.020895,0.032391,0.022184,0.016126
0.40193,0.014318,0.029104,0.021983,0.016911,0.014513,0.015365,0.023847,0.020642,0.035016,0.02216,0.019391,0.027748,0.019173,0.016802
0.26824,0.014515,0.034251,0.021679,0.017537,0.014049,0.014779,0.023351,0.021363,0.033448,0.02022,0.018303,0.026279,0.017853,0.015083
0.18611,0.016091,0.032102,0.022745,0.017744,0.014307,0.015532,0.023176,0.021205,0.03223,0.020363,0.017693,0.026692,0.018717,0.017015
0.12307,0.014566,0.030998,0.024944,0.016924,0.013655,0.014629,0.021658,0.021373,0.032283,0.02178,0.016679,0.025125,0.019024,0.016707
0.089239,0.015435,0.0286,0.024078,0.016629,0.015575,0.014505,0.022465,0.022431,0.031225,0.020277,0.016688,0.026664,0.018827,0.01591
0.074183,0.020547,0.034378,0.029473,0.022797,0.02381,0.019774,0.025829,0.027058,0.039978,0.027539,0.022961,0.030178,0.02696,0.01907
0.061241,0.016989,0.034416,0.0264,0.020309,0.019289,0.016995,0.023541,0.023456,0.037924,0.024662,0.020693,0.026531,0.021472,0.01647
0.050159,0.013793,0.029478,0.023003,0.017104,0.014677,0.015907,0.022033,0.021195,0.034305,0.020793,0.018985,0.022455,0.019257,0.017414
0.044889,0.0163,0.033413,0.023066,0.017859,0.014946,0.015209,0.02233,0.022062,0.032739,0.019384,0.019327,0.022043,0.017704,0.016458
0.040529,0.014279,0.032235,0.023312,0.016872,0.013811,0.015287,0.020458,0.02195,0.030566,0.022865,0.017555,0.021003,0.018609,0.016579
0.036537,0.014597,0.031222,0.024845,0.017042,0.015126,0.014742,0.020641,0.021605,0.031618,0.018944,0.017465,0.02425,0.019121,0.016255
0.033788,0.014938,0.029145,0.025138,0.016616,0.015005,0.013783,0.019708,0.020995,0.03021,0.022275,0.016822,0.022446,0.018787,0.015414
0.04002,0.020099,0.032225,0.031179,0.02277,0.023193,0.019535,0.024946,0.025892,0.040209,0.028245,0.02178,0.028394,0.02669,0.019212
0.038975,0.017281,0.037396,0.027646,0.020637,0.021031,0.01771,0.022775,0.024529,0.039234,0.025323,0.020783,0.026719,0.023903,0.017453
0.031391,0.015719,0.026873,0.022653,0.016919,0.013818,0.01584,0.020275,0.021142,0.032643,0.019921,0.017986,0.020831,0.018577,0.019091
0.028289,0.015007,0.033586,0.023189,0.01817,0.014881,0.014944,0.020036,0.022129,0.031418,0.020858,0.019536,0.020429,0.017478,0.019703
0.02731,0.014106,0.033672,0.022929,0.017715,0.015027,0.015543,0.01994,0.021966,0.028985,0.021741,0.018191,0.019567,0.018836,0.018508
0.023965,0.014703,0.031087,0.023635,0.016709,0.014937,0.014856,0.018989,0.021919,0.029719,0.020108,0.017074,0.021447,0.018963,0.017442
0.02325,0.014344,0.029657,0.025423,0.016871,0.014601,0.014537,0.019289,0.020764,0.030298,0.022952,0.016763,0.020663,0.019416,0.017258
0.03521,0.020306,0.033044,0.030495,0.023319,0.024295,0.020128,0.024108,0.026439,0.041239,0.027442,0.021844,0.028934,0.027385,0.020447
0.029252,0.018836,0.035239,0.026683,0.019596,0.018805,0.016604,0.021427,0.023577,0.037373,0.023042,0.019677,0.025129,0.021876,0.017779
0.02492,0.015251,0.025975,0.022725,0.017293,0.01562,0.016081,0.018627,0.02108,0.032196,0.019066,0.018614,0.020778,0.019118,0.019083
0.027076,0.016559,0.035491,0.024693,0.020117,0.018702,0.01682,0.020408,0.023374,0.033579,0.024936,0.021204,0.022177,0.021235,0.020126
0.022504,0.01552,0.033362,0.022878,0.01792,0.015659,0.015734,0.018667,0.021516,0.028837,0.020482,0.018526,0.019377,0.019622,0.019166
0.020218,0.014139,0.032022,0.02215,0.017072,0.01422,0.015255,0.018394,0.020577,0.030015,0.021906,0.017203,0.020786,0.019404,0.018958
0.019338,0.013284,0.028706,0.026268,0.016342,0.014123,0.014326,0.018985,0.019865,0.028492,0.022155,0.016321,0.019981,0.018581,0.018482
0.029846,0.017976,0.029349,0.11019,0.020391,0.018992,0.01726,0.021526,0.024324,0.035774,0.024171,0.019683,0.024388,0.022636,0.020334
0.025358,0.017498,0.034306,0.1536,0.019493,0.018611,0.015889,0.020386,0.022957,0.036015,0.021846,0.01937,0.023714,0.020855,0.022395
0.021597,0.013909,0.027729,0.17767,0.017957,0.015138,0.016308,0.018272,0.022123,0.031701,0.021235,0.17425,0.020354,0.018881,0.020979
0.026318,0.017825,0.03513,0.2508,0.041165,0.032642,0.017452,0.020005,0.024016,0.05923,0.023756,0.39394,0.022966,0.021868,0.025158
0.02158,0.015274,0.032293,0.23996,0.053023,0.043426,0.016297,0.019665,0.021667,0.073767,0.021335,0.29823,0.020149,0.020908,0.027669
0.018839,0.01356,0.030575,0.37989,0.024806,0.028235,0.015079,0.018923,0.020167,0.044431,0.023089,0.13108,0.01883,0.019399,0.027684
0.020448,0.014509,0.028932,0.41751,0.017505,0.016546,0.014462,0.019072,0.022267,0.030163,0.022368,0.16854,0.02136,0.020784,0.031614
0.028726,0.018071,0.028978,0.34568,0.020082,0.019572,0.0167,0.020923,0.024005,0.035682,0.023821,0.18374,0.023636,0.024394,0.037797
0.023312,0.014532,0.033117,0.22585,0.017722,0.016321,0.01431,0.018438,0.023275,0.03377,0.019553,0.16372,0.021995,0.018876,0.040282
0.021087,0.015169,0.026845,0.099949,0.018131,0.0152,0.01626,0.018075,0.022583,0.030914,0.022807,0.10059,0.021457,0.018708,0.038862
0.028216,0.019756,0.038941,0.079968,0.022231,0.022397,0.019416,0.022032,0.02661,0.036115,0.023348,0.073504,0.025958,0.026351,0.041537
0.022036,0.015797,0.034488,0.064305,0.018851,0.017832,0.017267,0.019657,0.022124,0.031783,0.023624,0.0631,0.021814,0.022368,0.040667
0.017629,0.013925,0.03125,0.052122,0.01642,0.01439,0.014907,0.018038,0.020222,0.027656,0.022869,0.050761,0.018814,0.019163,0.037529
0.020093,0.015316,0.028399,0.045134,0.016705,0.014749,0.013899,0.017327,0.021537,0.030863,0.021293,0.042855,0.020124,0.019211,0.03366
0.024478,0.01488,0.026633,0.040244,0.018011,0.016918,0.014697,0.017844,0.022559,0.033682,0.020047,0.036206,0.020856,0.019412,0.031848
0.022825,0.014956,0.031929,0.035426,0.01717,0.015298,0.01414,0.017702,0.022174,0.032015,0.023055,0.03157,0.022183,0.018361,0.030098
0.020256,0.014217,0.026203,0.030794,0.017232,0.014283,0.015834,0.01756,0.02114,0.029091,0.019008,0.029309,0.021535,0.016616,0.024733
0.026114,0.017995,0.036554,0.028948,0.021145,0.020557,0.018477,0.020369,0.024207,0.033014,0.025073,0.029796,0.025744,0.025161,0.023833
0.022999,0.016489,0.03384,0.026113,0.020271,0.019485,0.018348,0.019947,0.022506,0.033917,0.025861,0.027927,0.023184,0.022254,0.019598
0.017012,0.015561,0.031003,0.024188,0.016583,0.014629,0.014867,0.017394,0.020386,0.027241,0.022466,0.024592,0.018584,0.018714,0.015785
0.023245,0.013893,0.02854,0.022861,0.016533,0.015047,0.014163,0.016793,0.020685,0.031285,0.020814,0.023807,0.018522,0.01931,0.014847
0.021594,0.015228,0.027319,0.02486,0.017952,0.015638,0.01492,0.017963,0.0226,0.032637,0.021697,0.023297,0.022262,0.020546,0.015823
0.021385,0.015004,0.032268,0.02359,0.017407,0.015369,0.014052,0.017918,0.021919,0.031296,0.022918,0.021709,0.021209,0.018294,0.016999
0.020445,0.013703,0.025307,0.022347,0.017558,0.013897,0.016233,0.017461,0.020738,0.029595,0.02055,0.022088,0.021488,0.01688,0.083637
0.028878,0.019724,0.039339,0.026964,0.023582,0.024173,0.020746,0.022498,0.025694,0.036499,0.027637,0.025675,0.028795,0.027772,0.14157
0.023962,0.019294,0.035637,0.023498,0.021027,0.020296,0.018601,0.01972,0.02426,0.034498,0.02486,0.023954,0.023951,0.022687,0.18063
0.017088,0.014438,0.03104,0.021282,0.016701,0.01508,0.014899,0.016684,0.020588,0.029356,0.020317,0.020349,0.018953,0.019,0.16194
0.023455,0.014107,0.030288,0.021474,0.017002,0.014337,0.014113,0.016825,0.022017,0.031715,0.019509,0.020247,0.19133,0.019269,0.11234
0.019833,0.014605,0.031601,0.0217,0.017008,0.014257,0.013737,0.016882,0.022024,0.03142,0.022209,0.020346,0.38521,0.019213,0.16216
0.019868,0.013816,0.038203,0.021926,0.017099,0.01407,0.013754,0.017135,0.02113,0.030107,0.020139,0.019243,0.32845,0.018264,0.1385
0.020227,0.012969,0.027984,0.021109,0.018006,0.015217,0.016015,0.017748,0.020508,0.028108,0.023457,0.019809,0.23294,0.10677,0.27142
0.028723,0.020976,0.041352,0.026044,0.023616,0.024233,0.020449,0.022137,0.026867,0.036941,0.028843,0.024341,0.17045,0.2131,0.33393
0.023171,0.017371,0.03478,0.022104,0.02033,0.019053,0.018091,0.01853,0.023854,0.031969,0.023239,0.023126,0.12803,0.25071,0.27564
0.018501,0.013674,0.032341,0.019833,0.016886,0.014368,0.014663,0.016592,0.021871,0.031332,0.018242,0.020304,0.11499,0.28958,0.17291
0.023569,0.014714,0.029954,0.020937,0.017501,0.01408,0.014019,0.016609,0.021602,0.031915,0.02282,0.019179,0.088311,0.27617,0.10951
0.020733,0.013773,0.028289,0.020204,0.016742,0.013816,0.013749,0.016992,0.021263,0.030973,0.017966,0.019184,0.066366,0.18775,0.12467
0.020339,0.013198,0.032399,0.021428,0.017316,0.015447,0.013977,0.017758,0.020298,0.029508,0.022694,0.018511,0.055526,0.14011,0.10997
0.020551,0.015635,0.026229,0.020689,0.018678,0.015335,0.01576,0.016998,0.020373,0.028467,0.022755,0.019322,0.050835,0.16868,0.077255
0.029492,0.020883,0.040008,0.025808,0.023803,0.024492,0.020837,0.020668,0.027595,0.038858,0.026997,0.024435,0.048059,0.16116,0.053091
0.022825,0.016829,0.036047,0.021991,0.020149,0.019595,0.018144,0.018867,0.023985,0.030505,0.02223,0.022306,0.040391,0.15196,0.041213
0.021948,0.079233,0.031316,0.019139,0.016819,0.014655,0.01521,0.016947,0.022097,0.032546,0.022953,0.020376,0.034714,0.11455,0.033543
0.021427,0.10461,0.030933,0.02172,0.018324,0.015688,0.014826,0.017474,0.021993,0.035156,0.021373,0.019808,0.033298,0.083884,0.029043
0.020604,0.23146,0.0266,0.019376,0.017178,0.015015,0.013479,0.01773,0.019656,0.031044,0.021834,0.018372,0.02958,0.064537,0.027462
0.020642,0.27046,0.030647,0.020844,0.017846,0.015005,0.014068,0.01751,0.019579,0.028735,0.023282,0.018285,0.03045,0.051302,0.02787
0.018095,0.13454,0.025286,0.020753,0.018198,0.014212,0.015705,0.016877,0.021242,0.028055,0.021517,0.018005,0.029299,0.043716,0.028111
0.026464,0.21642,0.037076,0.024792,0.022281,0.022265,0.01991,0.020565,0.025033,0.036894,0.024634,0.022535,0.03416,0.044088,0.0289
0.022055,0.14969,0.035035,0.02206,0.020535,0.018873,0.018384,0.019259,0.024126,0.031519,0.021458,0.021827,0.030521,0.037823,0.026156
0.022895,0.11082,0.0315,0.01891,0.016725,0.015106,0.01497,0.017175,0.020982,0.031463,0.022505,0.019341,0.02735,0.032663,0.024006
0.020727,0.085819,0.031414,0.021854,0.017905,0.016488,0.015433,0.018963,0.021766,0.033904,0.019328,0.01929,0.027683,0.031698,0.023089
0.019828,0.057492,0.027789,0.018881,0.017558,0.015179,0.013936,0.017851,0.019998,0.03058,0.022057,0.018079,0.025186,0.028965,0.02411
0.019615,0.048046,0.029637,0.020641,0.018147,0.014385,0.013971,0.016159,0.020661,0.050018,0.093031,0.01812,0.026451,0.025824,0.023463
0.017755,0.043896,0.031344,0.020418,0.018855,0.017519,0.015692,0.017297,0.020449,0.17122,0.14782,0.018113,0.024607,0.024734,0.02447
0.026435,0.042734,0.036594,0.024193,0.023133,0.02402,0.019738,0.021067,0.026988,0.29739,0.289,0.022986,0.032174,0.029587,0.026735
0.02181,0.036061,0.036105,0.021968,0.01999,0.022921,0.01788,0.018979,0.023919,0.4407,0.21982,0.021193,0.027274,0.027697,0.024456
0.022996,0.03184,0.032867,0.019205,0.01969,0.030116,0.014824,0.018588,0.020928,0.46569,0.14298,0.021325,0.024036,0.024843,0.021606
0.025579,0.031151,0.034109,0.024412,0.021237,0.02433,0.017164,0.02034,0.022916,0.4378,0.14462,0.021548,0.025904,0.028664,0.022425
0.02144,0.028005,0.029551,0.019901,0.022316,0.029505,0.014905,0.017213,0.02223,0.66213,0.19622,0.020948,0.022089,0.025496,0.021227
0.019489,0.025257,0.028011,0.020685,0.018949,0.026148,0.013738,0.017119,0.021297,0.6459,0.16388,0.018782,0.02185,0.023341,0.020956
0.016827,0.024147,0.031028,0.02,0.021866,0.030517,0.015775,0.016947,0.02156,0.46499,0.10599,0.018788,0.022512,0.021575,0.021092
0.021842,0.024259,0.031711,0.022291,0.022045,0.033658,0.017486,0.019052,0.023716,0.24064,0.08155,0.021778,0.025925,0.025215,0.020883
0.021727,0.022257,0.034379,0.020727,0.018628,0.024107,0.017228,0.019554,0.022624,0.24179,0.087323,0.020196,0.024571,0.026052,0.020086
0.021609,0.019451,0.031928,0.018305,0.017168,0.015361,0.014938,0.017255,0.020055,0.1611,0.082368,0.018544,0.021908,0.022115,0.017716
0.02564,0.02242,0.032989,0.023585,0.019947,0.019876,0.017293,0.018684,0.022887,0.11087,0.078725,0.022258,0.024503,0.026949,0.018487
0.021211,0.019606,0.030252,0.020111,0.018384,0.016443,0.015379,0.018516,0.022126,0.078803,0.064054,0.019779,0.021008,0.024131,0.019107
0.018622,0.018506,0.026475,0.020578,0.017768,0.014736,0.013789,0.01751,0.021098,0.060973,0.051733,0.018497,0.019128,0.022042,0.018047
0.017445,0.018208,0.032066,0.020581,0.017827,0.015123,0.016166,0.017867,0.022437,0.055553,0.043028,0.018082,0.022419,0.02108,0.01921
0.022906,0.020044,0.031142,0.022816,0.020604,0.020538,0.018174,0.020455,0.024796,0.051407,0.040155,0.021341,0.023595,0.024714,0.02048
0.022541,0.017157,0.033118,0.020384,0.017921,0.016128,0.016382,0.018264,0.021968,0.052614,0.034797,0.01923,0.023023,0.022457,0.018134
0.019983,0.017756,0.031734,0.018929,0.016969,0.014743,0.015205,0.016316,0.020628,0.049845,0.032814,0.018563,0.021793,0.020132,0.016651
0.027794,0.019588,0.035587,0.023932,0.020878,0.020418,0.017978,0.020032,0.025763,0.051818,0.032955,0.022235,0.02485,0.027257,0.018367
0.022748,0.017377,0.030184,0.0212,0.018753,0.017873,0.015505,0.017923,0.022862,0.047121,0.030411,0.020345,0.021101,0.024095,0.019534
0.017827,0.01628,0.025936,0.020402,0.018276,0.015005,0.013728,0.016927,0.022537,0.051471,0.026702,0.017804,0.019288,0.021259,0.017598
0.23564,0.014991,0.030511,0.022132,0.017089,0.01492,0.016027,0.017727,0.021772,0.052465,0.026326,0.01784,0.020702,0.02009,0.018817
0.60601,0.015912,0.029385,0.0331,0.018822,0.016643,0.015987,0.018484,0.021947,0.042455,0.028558,0.019195,0.021535,0.021841,0.018274
0.58667,0.017095,0.033576,0.022355,0.017369,0.015379,0.016175,0.016644,0.020379,0.045575,0.025114,0.019321,0.022412,0.02119,0.017557
0.37354,0.015505,0.032425,0.020436,0.017091,0.013725,0.014847,0.017292,0.021016,0.042893,0.025812,0.018487,0.022564,0.023072,0.016279
0.30667,0.017888,0.033716,0.023383,0.020205,0.020174,0.017463,0.019817,0.024131,0.045648,0.027617,0.022389,0.024411,0.025794,0.018008
0.22428,0.016998,0.029633,0.021327,0.019416,0.017768,0.015717,0.018912,0.023232,0.040502,0.024852,0.020391,0.021166,0.022919,0.01886
0.16373,0.01468,0.0263,0.020163,0.017836,0.014715,0.013241,0.018276,0.021576,0.03795,0.021509,0.018002,0.018296,0.020583,0.0177
0.13061,0.013827,0.031096,0.0199,0.017247,0.014089,0.015843,0.017949,0.021214,0.042433,0.025471,0.018084,0.018019,0.019291,0.018327
0.11573,0.016694,0.028418,0.020253,0.017593,0.015238,0.015045,0.017641,0.020806,0.039549,0.020764,0.018697,0.021294,0.019793,0.017208
0.10321,0.014991,0.031758,0.019269,0.016683,0.013645,0.014966,0.017144,0.020467,0.040451,0.023922,0.018398,0.018705,0.017915,0.017239
0.089623,0.014911,0.032152,0.018867,0.017677,0.01547,0.01543,0.017249,0.021696,0.040258,0.024163,0.018617,0.021387,0.020419,0.016173
0.084837,0.021709,0.03744,0.026062,0.02311,0.023741,0.020219,0.022046,0.027555,0.042924,0.026011,0.024187,0.027962,0.028145,0.021168
0.072011,0.017237,0.032312,0.022138,0.020513,0.01925,0.016864,0.019924,0.024963,0.038433,0.023633,0.021102,0.022538,0.02493,0.019209
0.059966,0.013581,0.035261,0.02015,0.017903,0.014553,0.013435,0.017844,0.021705,0.036582,0.023362,0.018626,0.018888,0.019804,0.017595
0.051407,0.015919,0.18862,0.019815,0.016961,0.014164,0.01574,0.017224,0.020572,0.03674,0.022384,0.018401,0.018248,0.019893,0.017856
0.044737,0.014558,0.26529,0.019514,0.016551,0.014582,0.014273,0.016663,0.019657,0.036244,0.022252,0.017545,0.018304,0.018545,0.016388
0.041794,0.014103,0.3361,0.018608,0.01685,0.014687,0.015127,0.016592,0.021106,0.036764,0.023377,0.018143,0.02084,0.017884,0.016664
0.03916,0.01509,0.21905,0.018425,0.016901,0.014975,0.014837,0.016808,0.0214,0.035372,0.02258,0.018341,0.020612,0.019186,0.015244
0.041026,0.019466,0.2026,0.024663,0.021832,0.022122,0.019183,0.021482,0.026156,0.036877,0.024829,0.023411,0.026544,0.026492,0.020416
0.036967,0.016745,0.43435,0.023031,0.021562,0.019761,0.017066,0.020474,0.02475,0.034333,0.023428,0.021694,0.024236,0.026389,0.018948
0.032753,0.015429,0.58519,0.019583,0.017756,0.013583,0.013481,0.016862,0.021152,0.033415,0.023518,0.018253,0.0185,0.020328,0.017742
0.030216,0.014736,0.52041,0.020105,0.016874,0.014949,0.014842,0.016758,0.019743,0.028438,0.02069,0.018477,0.018722,0.020991,0.017747
0.030061,0.013912,0.3861,0.019593,0.01651,0.01466,0.014517,0.016719,0.020597,0.033569,0.024364,0.01782,0.018949,0.019191,0.016539
0.030085,0.015328,0.24494,0.01882,0.017747,0.014866,0.015095,0.016903,0.021059,0.033456,0.022543,0.017916,0.020168,0.018418,0.016331
0.030028,0.014119,0.143,0.018405,0.017083,0.014215,0.015323,0.018034,0.021567,0.031715,0.020913,0.018922,0.018351,0.018391,0.014888
0.037062,0.020601,0.10872,0.025275,0.024439,0.024418,0.021355,0.023132,0.028382,0.036561,0.024477,0.025106,0.028086,0.029544,0.022193
0.030929,0.018765,0.085272,0.023299,0.021251,0.020069,0.017638,0.020154,0.024504,0.031522,0.025467,0.022341,0.024748,0.025256,0.019221
3.4086,3.9322,3.432,3.8652,3.9009,3.6102,3.9552,4.0127,3.8658,3.4779,3.9168,3.9635,3.7928,3.5015,4.0654
0,0,0,0,0,0,0,0,0,0,0,0,0,0,0
0,0,0,0,0,0,0,0,0,0,0,0,0,0,0
0,0,0,0,0,0,0,0,0,0,0,0,0,0,0
0,0,0,0,0,0,0,0,0,0,0,0,0,0,0
0,0,0,0,0,0,0,0,0,0,0,0,0,0,0
0,0,0,0,0,0,0,0,0,0,0,0,0,0,0
0,0,0,0,0,0,0,0,0,0,0,0,0,0,0
0,0,0,0,0,0,0,0,0,0,0,0,0,0,0
0,0,0,0,0,0,0,0,0,0,0,0,0,0,0
0,0,0,0,0,0,0,0,0,0,0,0,0,0,0
3.3056,3.9105,3.4168,3.8647,0,0.073065,0,3.4527,1.0758,0,3.9039,0,3.7704,3.495,4.0561
0.093256,0.020101,0.041463,0.27616,3.9108,3.5155,3.9395,0.52504,2.7451,3.4965,0.026423,3.9698,0.023621,0.027385,0.021266
0.024916,0.016483,0.037559,0.19855,0.019786,0.018442,0.01613,0.018546,0.02344,0.02578,0.021099,0.021915,0.02354,0.022269,0.019322
0.020497,0.014747,0.034842,0.13207,0.017143,0.014624,0.013826,0.01721,0.021894,0.028673,0.022756,0.018658,0.020431,0.020135,0.017481
0.024326,0.017664,0.038512,0.07803,0.019405,0.018765,0.016668,0.096341,0.024189,0.028161,0.02429,0.020671,0.022173,0.024414,0.018418
0.023643,0.13793,0.037002,0.061704,0.017242,0.015619,0.016755,0.16452,0.023108,0.029781,0.022565,0.018913,0.01903,0.021339,0.017024
0.021602,0.29283,0.03792,0.058549,0.017417,0.01524,0.016215,0.24871,0.021564,0.028518,0.019519,0.063941,0.017719,0.018683,0.015393
0.020727,0.41991,0.036517,0.05558,0.019308,0.016763,0.016861,0.22614,0.020064,0.029425,0.022601,0.27131,0.017809,0.017548,0.016849
0.024748,0.3152,0.03851,0.049565,0.020456,0.019696,0.017312,0.2777,0.060924,0.028298,0.023312,0.36304,0.023391,0.023345,0.01916
0.023316,0.25304,0.036663,0.077396,0.025079,0.019362,0.016414,0.36111,0.27877,0.029388,0.023632,0.32715,0.031377,0.02154,0.01866
0.018662,0.19715,0.033026,0.24772,0.018099,0.017016,0.019999,0.34162,0.3794,0.029692,0.023822,0.36708,0.12707,0.020354,0.016316
0.024892,0.20115,0.039673,0.35698,0.041285,0.020024,0.019657,0.36669,0.33003,0.045742,0.024371,0.44299,0.1565,0.024735,0.018503
0.023973,0.14391,0.03674,0.21792,0.035926,0.022796,0.020178,0.184,0.22529,0.04661,0.022964,0.163,0.25496,0.023637,0.016648
0.022749,0.09664,0.038183,0.33583,0.017726,0.019587,0.1285,0.10129,0.11291,0.030737,0.021884,0.16307,0.20746,0.020112,0.01694
0.020657,0.061909,0.035834,0.31988,0.03267,0.015662,0.15747,0.07616,0.082155,0.061786,0.021991,0.17851,0.15949,0.0189,0.016825
0.024262,0.048842,0.037645,0.34199,0.15326,0.022376,0.14469,0.062866,0.064422,0.13674,0.023552,0.14582,0.1633,0.024216,0.020014
0.021853,0.038104,0.040248,0.23979,0.20404,0.020391,0.35863,0.049033,0.047285,0.22397,0.02514,0.10515,0.27787,0.020936,0.017772
0.018956,0.032072,0.034958,0.2013,0.21288,0.016691,0.43126,0.040189,0.041672,0.45237,0.023529,0.090351,0.34112,0.02054,0.016555
0.027766,0.030764,0.040335,0.27013,0.24901,0.022802,0.30292,0.042715,0.034201,0.4062,0.02476,0.070637,0.24666,0.027443,0.019232
0.023975,0.030353,0.035916,0.20796,0.31998,0.020716,0.20438,0.032299,0.032969,0.30912,0.021989,0.054742,0.15899,0.024031,0.016938
0.1674,0.024436,0.036746,0.13556,0.24505,0.020387,0.16247,0.028317,0.026088,0.56488,0.02406,0.046185,0.2229,0.019652,0.017112
0.28726,0.024273,0.037092,0.088616,0.23274,0.024118,0.14608,0.027713,0.025517,0.63294,0.12792,0.042737,0.33867,0.019668,0.016867
0.59329,0.033765,0.041708,0.095861,0.17737,0.016526,0.11001,0.037976,0.03351,0.50038,0.3232,0.050743,0.22667,0.021326,0.019433
0.53606,0.15875,0.032629,0.058382,0.075323,0.060226,0.062504,0.026141,0.023376,0.23729,0.2296,0.029428,0.10612,0.019745,0.0163
0.54738,0.23159,0.039754,0.05709,0.058999,0.27993,0.1028,0.027575,0.025798,0.20306,0.23573,0.029314,0.098318,0.027191,0.017964
0.66109,0.27075,0.036833,0.053906,0.045753,0.52552,0.12854,0.031194,0.024507,0.16049,0.37948,0.028471,0.071986,0.024999,0.019105
0.37538,0.46156,0.039508,0.04853,0.045214,0.48745,0.090626,0.030639,0.1277,0.11943,0.39924,0.027646,0.093664,0.019501,0.016952
0.32914,0.4498,0.041315,0.041873,0.037035,0.58691,0.093136,0.04626,0.23254,0.12902,0.30491,0.025823,0.084893,0.02082,0.017773
0.32721,0.3725,0.14325,0.038122,0.037727,0.5369,0.080469,0.042025,0.30069,0.40035,0.14345,0.024161,0.088595,0.020387,0.01775
0.21886,0.26933,0.55566,0.034455,0.034882,0.32427,0.08178,0.022093,0.26891,0.65137,0.078009,0.19825,0.12158,0.018853,0.016633
0.13963,0.13202,0.67142,0.03481,0.031817,0.33153,0.083747,0.022966,0.36606,0.38349,0.092307,0.38654,0.093751,0.028133,0.015726
0.098497,0.17784,0.35573,0.035132,0.032803,0.24235,0.072253,0.035805,0.42602,0.24875,0.092747,0.25577,0.062339,0.030101,0.02041
0.070212,0.16674,0.18438,0.036658,0.039639,0.15576,0.081407,0.040348,0.42457,0.50792,0.067271,0.26789,0.048329,0.025005,0.018325
0.058217,0.42651,0.11707,0.031734,0.032719,0.10621,0.099545,0.053601,0.20642,0.47482,0.10067,0.17327,0.13032,0.018914,0.017359
0.049545,0.34722,0.14394,0.03075,0.027673,0.075581,0.068992,0.061727,0.15259,0.27262,0.081349,0.35566,0.086217,0.018065,0.016443
0.044963,0.28307,0.12382,0.027635,0.035113,0.060851,0.056082,0.033375,0.12949,0.18007,0.07665,0.31281,0.10653,0.019772,0.015923
0.041721,0.1363,0.11808,0.054814,0.025263,0.043138,0.10434,0.020594,0.12988,0.097244,0.090723,0.15989,0.058096,0.018748,0.016252
0.040036,0.08685,0.083003,0.1792,0.025684,0.037387,0.079524,0.056978,0.12867,0.063638,0.056722,0.13154,0.10934,0.019973,0.014549
0.042019,0.061146,0.087388,0.30081,0.0285,0.038103,0.079881,0.27456,0.10614,0.047927,0.079111,0.11046,0.27472,0.20836,0.020659
0.039386,0.052089,0.083922,0.19124,0.028186,0.034759,0.06073,0.43653,0.11618,0.038698,0.086204,0.09298,0.16385,0.39184,0.019058
0.034557,0.042135,0.064367,0.3092,0.02461,0.030456,0.08325,0.22369,0.13308,0.030681,0.075483,0.083253,0.086515,0.47374,0.017354
0.034979,0.033006,0.055835,0.40195,0.026151,0.028725,0.094585,0.15476,0.08018,0.026967,0.046251,0.080387,0.077438,0.43707,0.017078
0.0295,0.03049,0.058936,0.42582,0.023406,0.027748,0.059726,0.10854,0.084395,0.024848,0.09488,0.075153,0.071122,0.30039,0.016481
0.026128,0.031615,0.04801,0.098937,0.023252,0.027127,0.10794,0.075955,0.12565,0.025745,0.13151,0.072973,0.068524,0.1479,0.0156
0.029913,0.027006,0.044442,0.063193,0.022394,0.025356,0.053917,0.055293,0.066049,0.024791,0.076797,0.071553,0.084836,0.094608,0.014753
0.032429,0.031796,0.048796,0.064999,0.027327,0.030459,0.073002,0.047595,0.047687,0.029828,0.069668,0.068856,0.093009,0.07739,0.021461
0.029277,0.028297,0.042941,0.059836,0.025429,0.026925,0.04796,0.039323,0.054024,0.028244,0.083396,0.064904,0.11706,0.05832,0.019069
0.024693,0.023269,0.039631,0.053865,0.023632,0.023592,0.047539,0.034212,0.044905,0.022417,0.063501,0.064941,0.14571,0.047208,0.01718
0.024918,0.022797,0.041212,0.051974,0.024546,0.023895,0.08842,0.03208,0.12255,0.023955,0.11203,0.071076,0.12691,0.041305,0.017745
0.022121,0.026239,0.04241,0.049991,0.02157,0.02136,0.1176,0.032411,0.082982,0.021278,0.15091,0.071398,0.096021,0.038092,0.016651
0.021035,0.022456,0.032642,0.042888,0.021378,0.020716,0.034953,0.029933,0.095512,0.022653,0.10258,0.072262,0.11684,0.03713,0.015616
0.025193,0.020862,0.037607,0.038953,0.020689,0.019747,0.063343,0.029589,0.043546,0.021818,0.12573,0.075199,0.057504,0.0329,0.015034
0.027713,0.027625,0.037161,0.038391,0.026412,0.027739,0.055455,0.02984,0.082856,0.029685,0.10137,0.51667,0.065777,0.037133,0.020642
0.025151,0.022921,0.036954,0.03656,0.038581,0.038396,0.048844,0.026086,0.041965,0.04945,0.059852,0.43937,0.35332,0.032492,0.019407
0.019758,0.018492,0.032173,0.035421,0.052678,0.034653,0.052715,0.023849,0.075361,0.045242,0.059208,0.29639,0.2297,0.028393,0.017024
0.022173,0.024601,0.033085,0.033042,0.035133,0.023364,0.092854,0.02418,0.047551,0.030823,0.079288,0.46806,0.11665,0.029642,0.018045
0.019667,0.021947,0.030097,0.03358,0.14023,0.02551,0.16655,0.023858,0.058111,0.028893,0.065151,0.24723,0.15385,0.02871,0.016985
0.019967,0.018934,0.029465,0.028987,0.23494,0.018871,0.067485,0.023679,0.050336,0.022205,0.039632,0.23193,0.1243,0.025955,0.01535
0.022245,0.021931,0.029101,0.027449,0.27575,0.027571,0.035201,0.021484,0.051294,0.031251,0.056404,0.14148,0.12778,0.02717,0.01661
0.02741,0.02365,0.041152,0.028266,0.20335,0.027489,0.026467,0.023238,0.090877,0.027982,0.053924,0.089614,0.1458,0.031167,0.019902
0.022399,0.018771,0.029453,0.026123,0.19672,0.019979,0.032524,0.02149,0.087136,0.026538,0.067399,0.076993,0.12121,0.028064,0.018995
0.021158,0.020054,0.03029,0.02365,0.14345,0.017153,0.063667,0.020156,0.084887,0.022877,0.13201,0.058761,0.06815,0.027318,0.016573
0.024717,0.024018,0.035274,0.026335,0.10329,0.022163,0.044353,0.023009,0.097219,0.026638,0.15138,0.048597,0.11118,0.027753,0.019177
0.022502,0.01793,0.03677,0.025222,0.11297,0.020585,0.056856,0.022357,0.063933,0.023758,0.27197,0.041317,0.12777,0.025005,0.017551
0.021888,0.020427,0.030385,0.021855,0.094043,0.018026,0.039571,0.019347,0.077559,0.021146,0.16002,0.036729,0.10789,0.129,0.014584
0.021407,0.017689,0.037628,0.021741,0.082161,0.017316,0.02762,0.017912,0.045273,0.020972,0.25496,0.034517,0.14554,0.2048,0.017035
0.02528,0.018763,0.033398,0.023174,0.075055,0.019758,0.048742,0.020556,0.10413,0.02525,0.1171,0.0339,0.083144,0.20324,0.018283
0.021528,0.018557,0.031981,0.022361,0.065268,0.018569,0.045109,0.020748,0.11547,0.026034,0.096895,0.029909,0.10098,0.32211,0.018363
0.01742,0.020639,0.030817,0.022039,0.054926,0.015909,0.022549,0.01942,0.13887,0.023272,0.092713,0.027595,0.098224,0.18755,0.016595
0.022967,0.019746,0.033994,0.023662,0.04415,0.020959,0.022622,0.021971,0.076098,0.025229,0.077757,0.028024,0.073236,0.33213,0.018272
0.02219,0.021281,0.029692,0.023679,0.037771,0.02071,0.021991,0.020562,0.10628,0.023554,0.065731,0.027191,0.16138,0.52031,0.017611
0.10894,0.017906,0.026851,0.020843,0.032527,0.01585,0.018405,0.017912,0.073331,0.02174,0.12672,0.026401,0.056045,0.48187,0.015196
0.5893,0.016236,0.026287,0.021411,0.030614,0.016143,0.016998,0.018622,0.058256,0.020639,0.065851,0.026756,0.072436,0.29314,0.016795
0.6031,0.016524,0.030418,0.023235,0.030043,0.018263,0.018263,0.020625,0.048838,0.023911,0.097439,0.029027,0.050409,0.27039,0.018359
0.46379,0.021234,0.030497,0.023115,0.028454,0.016328,0.017545,0.019333,0.041723,0.024292,0.073466,0.025863,0.053239,0.16028,0.017104
0.45223,0.017987,0.028476,0.024063,0.027492,0.017852,0.017077,0.020166,0.038653,0.022427,0.13328,0.024977,0.088989,0.13595,0.01673
0.59092,0.023733,0.035653,0.028167,0.031256,0.027,0.023732,0.023699,0.038533,0.028995,0.08572,0.027935,0.047184,0.12793,0.020919
0.57551,0.022059,0.032862,0.026512,0.027261,0.02146,0.021453,0.020671,0.034189,0.025304,0.31827,0.02427,0.15464,0.11778,0.017529
0.24816,0.016532,0.029954,0.021226,0.02368,0.016362,0.01709,0.018675,0.029786,0.021831,0.25543,0.024357,0.09385,0.091947,0.01662
0.15946,0.014838,0.0259,0.020474,0.023098,0.015718,0.016192,0.019239,0.028957,0.02099,0.11782,0.023589,0.070309,0.064678,0.016187
0.11192,0.020749,0.033801,0.020456,0.022854,0.016237,0.015916,0.018686,0.027324,0.022301,0.099221,0.025457,0.11882,0.052081,0.01671
0.084854,0.01804,0.025254,0.019884,0.022769,0.016784,0.015806,0.020054,0.026284,0.024981,0.072655,0.025024,0.15114,0.038122,0.016572
0.069858,0.016157,0.034337,0.020275,0.021743,0.017159,0.017181,0.091801,0.025098,0.02181,0.065998,0.023272,0.13705,0.031954,0.016446
0.06173,0.023851,0.038754,0.024154,0.025823,0.022782,0.021533,0.21992,0.026626,0.026887,0.062384,0.025589,0.11954,0.033284,0.019233
0.052003,0.02004,0.029673,0.023942,0.023827,0.021514,0.021113,0.19575,0.026841,0.024679,0.050084,0.023897,0.15754,0.029797,0.017215
0.046601,0.016627,0.02663,0.019711,0.020272,0.015119,0.017952,0.18769,0.024196,0.021116,0.043223,0.021518,0.072865,0.025168,0.017295
0.040277,0.023956,0.026103,0.018909,0.020679,0.016719,0.017994,0.38298,0.02422,0.022141,0.040878,0.021633,0.16249,0.025899,0.017002
0.035857,0.032847,0.028956,0.018873,0.020501,0.01629,0.017298,0.43914,0.022526,0.022675,0.039624,0.02273,0.15279,0.025478,0.017788
0.034092,0.021692,0.026885,0.019541,0.021034,0.016746,0.015552,0.4604,0.022108,0.024013,0.030764,0.025161,0.12607,0.02556,0.016963
0.030653,0.04049,0.027932,0.01979,0.020723,0.016966,0.020731,0.29905,0.022676,0.021392,0.035211,0.023511,0.11898,0.026845,0.01687
0.036802,0.026936,0.035429,0.026367,0.027546,0.02739,0.023456,0.098239,0.028781,0.029984,0.032724,0.027202,0.055282,0.034292,0.021265
0.032232,0.021681,0.031051,0.024155,0.023339,0.022002,0.020918,0.067604,0.026863,0.026371,0.03324,0.024026,0.044591,0.028643,0.017801
0.02824,0.019274,0.02424,0.020062,0.019677,0.017415,0.017992,0.046873,0.022951,0.021161,0.032035,0.021123,0.035821,0.023075,0.018054
0.02917,0.022244,0.02774,0.021325,0.021903,0.02082,0.018444,0.037504,0.023836,0.025944,0.030679,0.023905,0.032334,0.027026,0.019191
0.023791,0.015396,0.024579,0.019146,0.019581,0.016348,0.015688,0.030865,0.021499,0.023488,0.027627,0.022565,0.027308,0.022797,0.017289
0.022744,0.019549,0.025032,0.018945,0.020383,0.016157,0.01525,0.027387,0.022272,0.022994,0.027658,0.024393,0.025148,0.023458,0.016809
0.021707,0.017511,0.024699,0.01817,0.019678,0.015126,0.016097,0.025659,0.019916,0.021287,0.025996,0.023089,0.025885,0.023015,0.016555
0.02692,0.020357,0.031209,0.023098,0.023834,0.02182,0.020107,0.024687,0.026517,0.025703,0.029361,0.025358,0.028011,0.028942,0.018325
0.026407,0.018397,0.028953,0.022017,0.021655,0.020767,0.019063,0.023952,0.02518,0.024189,0.028979,0.022287,0.027172,0.0254,0.019059
0.021512,0.021448,0.024397,0.019719,0.018496,0.016452,0.017798,0.022683,0.021675,0.020492,0.027233,0.01959,0.024363,0.020948,0.016715
0.023535,0.018444,0.025429,0.020339,0.019926,0.017561,0.018338,0.022168,0.022144,0.023591,0.027636,0.022704,0.024739,0.024584,0.018483
0.020367,0.018173,0.023696,0.018675,0.019343,0.016214,0.015845,0.018661,0.021317,0.024314,0.023958,0.021681,0.021256,0.022016,0.017052
0.019532,0.018178,0.025427,0.018252,0.019412,0.014623,0.015159,0.01974,0.019647,0.022615,0.025421,0.022919,0.020309,0.021841,0.016455
0.019394,0.016669,0.025073,0.018873,0.019852,0.016838,0.016099,0.019281,0.02179,0.021439,0.022619,0.023546,0.020093,0.02202,0.016154
0.024739,0.019071,0.029858,0.022374,0.022976,0.022355,0.020067,0.023675,0.025832,0.025005,0.028898,0.025446,0.025432,0.027074,0.018265
0.023223,0.022819,0.027268,0.020178,0.019729,0.018684,0.017386,0.022044,0.023239,0.023398,0.026859,0.021112,0.023187,0.022409,0.017792
0.019346,0.017731,0.025024,0.020013,0.019008,0.015311,0.01746,0.019798,0.021104,0.020666,0.025257,0.019548,0.022951,0.020355,0.016964
0.024805,0.020335,0.028219,0.022556,0.022185,0.021175,0.020064,0.020937,0.02406,0.026682,0.026899,0.023234,0.025538,0.026932,0.019724
0.021011,0.020074,0.024833,0.019928,0.020445,0.017583,0.017039,0.019852,0.021717,0.026286,0.024533,0.021637,0.022319,0.022638,0.017588
0.017853,0.016542,0.024902,0.018336,0.019329,0.016593,0.015311,0.018079,0.020785,0.022085,0.022426,0.021807,0.019535,0.021271,0.016261
0.017276,0.014589,0.023082,0.018377,0.018732,0.016267,0.014857,0.019061,0.021955,0.020567,0.022889,0.022842,0.018907,0.020641,0.015087
0.020098,0.023166,0.02705,0.019868,0.02103,0.018638,0.017947,0.021581,0.02323,0.021676,0.026042,0.023328,0.020379,0.022945,0.017542
0.021528,0.018874,0.02727,0.019614,0.019279,0.01664,0.016656,0.019749,0.021406,0.02207,0.024669,0.020573,0.022032,0.021006,0.017176
0.018511,0.016378,0.025166,0.020004,0.017938,0.014824,0.016643,0.01722,0.019304,0.020474,0.023232,0.019111,0.021391,0.019412,0.01769
0.024858,0.022901,0.029588,0.022475,0.022156,0.021171,0.02056,0.021516,0.024315,0.027646,0.023663,0.023515,0.025794,0.026162,0.019622
0.022142,0.019098,0.027194,0.021378,0.021429,0.021162,0.018639,0.020272,0.022078,0.028009,0.024454,0.022049,0.02369,0.024337,0.01822
0.017681,0.014821,0.025051,0.018344,0.018817,0.016758,0.015704,0.018812,0.021532,0.022372,0.019682,0.021591,0.019836,0.020913,0.015895
0.016532,0.020761,0.02387,0.01883,0.019117,0.015616,0.015339,0.01968,0.02099,0.020897,0.023765,0.023204,0.018377,0.020053,0.014426
0.017592,0.019551,0.02546,0.018941,0.019887,0.016251,0.017371,0.019255,0.021077,0.020248,0.024427,0.022546,0.018785,0.021698,0.017431
0.020319,0.015603,0.026444,0.018719,0.018566,0.015294,0.016329,0.01718,0.020093,0.021555,0.022198,0.020141,0.021127,0.02004,0.016656
0.018782,0.01935,0.025824,0.019721,0.018165,0.015266,0.017511,0.018813,0.020599,0.020757,0.021369,0.019543,0.020342,0.019392,0.017611
0.028293,0.023213,0.031382,0.024425,0.02434,0.025124,0.023092,0.022585,0.025313,0.029378,0.026593,0.02538,0.026816,0.028337,0.021164
0.022397,0.017759,0.026651,0.022127,0.021158,0.021004,0.019096,0.021362,0.023454,0.02784,0.021736,0.02154,0.023216,0.024421,0.018551
0.017684,0.018881,0.024283,0.018117,0.018921,0.015137,0.015651,0.019306,0.022356,0.02169,0.023509,0.021849,0.01967,0.020078,0.015586
0.017757,0.020319,0.024949,0.018311,0.019537,0.015718,0.015319,0.018638,0.021419,0.020783,0.023452,0.023571,0.018562,0.020218,0.014915
0.01845,0.014982,0.023834,0.018179,0.018777,0.01455,0.015845,0.01705,0.0197,0.019424,0.022504,0.021851,0.018189,0.019841,0.017004
0.019505,0.019085,0.026305,0.019335,0.018432,0.016266,0.016459,0.018699,0.020394,0.02195,0.021499,0.019906,0.020612,0.020109,0.017495
0.018261,0.017296,0.02536,0.019441,0.017773,0.015563,0.016636,0.01691,0.019553,0.021315,0.020492,0.019339,0.019452,0.018691,0.016982
0.026194,0.020158,0.030114,0.023797,0.022868,0.024096,0.021507,0.02287,0.025268,0.028327,0.025124,0.022048,0.025562,0.026271,0.019306
0.023731,0.020064,0.027417,0.022606,0.021359,0.020383,0.019722,0.021978,0.024619,0.027928,0.022169,0.022748,0.024002,0.02506,0.018508
0.0174,0.021202,0.024599,0.017914,0.018387,0.015106,0.01548,0.018338,0.020448,0.021277,0.022661,0.020599,0.019722,0.018425,0.015042
0.017728,0.0169,0.024095,0.019223,0.019099,0.01583,0.0164,0.017732,0.021983,0.021342,0.022706,0.022873,0.01935,0.02129,0.017116
0.018451,0.01854,0.02451,0.01846,0.01905,0.015744,0.016808,0.01851,0.019746,0.020234,0.021322,0.02296,0.018357,0.019892,0.016055
0.01838,0.01792,0.025751,0.017963,0.018127,0.015887,0.015898,0.016741,0.020365,0.021333,0.019825,0.02071,0.017428,0.019737,0.017082
0.018444,0.015463,0.025066,0.018549,0.017979,0.016561,0.01721,0.018826,0.020229,0.020837,0.020961,0.019586,0.020354,0.019438,0.016984
0.026105,0.019527,0.030364,0.023689,0.022911,0.022121,0.021423,0.023198,0.026105,0.027404,0.022879,0.02214,0.024781,0.025808,0.01953
0.022381,0.025127,0.027257,0.021371,0.021576,0.019876,0.019408,0.02086,0.023948,0.027172,0.023823,0.020772,0.023479,0.023714,0.017807
0.017444,0.017529,0.02497,0.018913,0.018455,0.014756,0.01585,0.017253,0.021144,0.022229,0.023236,0.019958,0.020559,0.018913,0.014752
0.020929,0.019502,0.027232,0.021177,0.021256,0.019911,0.017935,0.0202,0.02254,0.024331,0.024299,0.024168,0.022391,0.024058,0.019312
0.021437,0.019365,0.025699,0.019344,0.019809,0.017498,0.016677,0.017988,0.021761,0.021843,0.021223,0.024243,0.018882,0.021733,0.017047
0.017819,0.016039,0.026342,0.018397,0.018002,0.016404,0.016764,0.019174,0.01896,0.021682,0.020895,0.022059,0.018349,0.020015,0.017582
0.017223,0.013808,0.024911,0.01876,0.017833,0.014485,0.016292,0.019333,0.021333,0.020564,0.019655,0.020183,0.019683,0.018687,0.016408
0.021029,0.023938,0.026408,0.020751,0.020253,0.018586,0.019571,0.020336,0.023418,0.024756,0.022466,0.021218,0.021147,0.021973,0.018072
0.019767,0.020071,0.024881,0.020637,0.019493,0.017021,0.018225,0.018293,0.022148,0.026141,0.02419,0.019279,0.022263,0.020949,0.017234
0.016204,0.014914,0.024277,0.019032,0.018148,0.015678,0.01555,0.01826,0.019935,0.022192,0.022331,0.020367,0.020431,0.018875,0.014528
0.020995,0.022006,0.027308,0.021043,0.021387,0.020882,0.01781,0.018907,0.023097,0.024586,0.023435,0.022852,0.02196,0.024098,0.019473
0.023245,0.018569,0.026253,0.020341,0.020879,0.018856,0.017007,0.020264,0.021159,0.02223,0.020942,0.023462,0.019899,0.022305,0.018716
0.01748,0.014353,0.02592,0.018264,0.017534,0.014698,0.016678,0.018849,0.021775,0.021543,0.021001,0.022294,0.018014,0.019283,0.017231
0.017292,0.019854,0.025433,0.01791,0.017682,0.014915,0.016444,0.018334,0.021887,0.021325,0.01842,0.020564,0.018058,0.019309,0.016483
0.019713,0.02066,0.026033,0.019856,0.019442,0.016882,0.018445,0.017771,0.022558,0.023531,0.023911,0.020456,0.021535,0.02067,0.016958
0.017667,0.014894,0.023664,0.020333,0.018512,0.016541,0.017296,0.018572,0.020269,0.023506,0.023459,0.019022,0.020606,0.018641,0.015675
0.016727,0.019197,0.023305,0.019647,0.018545,0.016374,0.015925,0.016954,0.019546,0.021155,0.021907,0.020708,0.020016,0.019553,0.015266
0.026433,0.022572,0.031026,0.023987,0.023958,0.024149,0.020637,0.023131,0.025412,0.027496,0.024898,0.025056,0.02577,0.027104,0.021187
0.024925,0.018292,0.028073,0.021661,0.021951,0.021025,0.018384,0.022161,0.023497,0.025226,0.023345,0.024432,0.022818,0.024975,0.01957
0.018371,0.016402,0.025613,0.018328,0.017732,0.015315,0.016128,0.01879,0.021957,0.02195,0.021052,0.022539,0.018442,0.019985,0.017087
0.017756,0.021532,0.023943,0.018398,0.017372,0.015321,0.016236,0.017247,0.022035,0.02094,0.019797,0.02148,0.017548,0.019726,0.016436
0.017243,0.016042,0.024034,0.018801,0.017889,0.015697,0.016536,0.018342,0.020692,0.021625,0.022783,0.019527,0.020328,0.019026,0.01571
0.017071,0.018221,0.022979,0.01947,0.018584,0.016716,0.017359,0.016684,0.019761,0.024067,0.022452,0.018644,0.019867,0.018287,0.014584
0.015393,0.017606,0.021883,0.019298,0.018539,0.014397,0.016206,0.018364,0.020641,0.021782,0.021237,0.017805,0.020671,0.017849,0.016076
0.025045,0.020004,0.030399,0.022741,0.022416,0.022195,0.019732,0.022477,0.023877,0.026349,0.023668,0.024461,0.024563,0.025483,0.018978
0.023781,0.01733,0.027247,0.021102,0.021896,0.01979,0.017696,0.02141,0.024528,0.024222,0.024186,0.023892,0.022666,0.024179,0.019275
0.017938,0.021879,0.024406,0.018473,0.017535,0.015528,0.015278,0.017933,0.021455,0.02182,0.018237,0.023162,0.018293,0.018779,0.016663
0.018628,0.018494,0.025176,0.018709,0.017926,0.01609,0.016334,0.018402,0.020792,0.020798,0.022831,0.021924,0.018293,0.01934,0.016817
0.016343,0.015094,0.023653,0.017973,0.017617,0.016167,0.016163,0.016792,0.01978,0.021724,0.022893,0.020474,0.017909,0.019352,0.016151
0.017266,0.018906,0.023092,0.018115,0.018609,0.015259,0.01734,0.018781,0.020824,0.024194,0.022041,0.018439,0.019968,0.018923,0.014963
0.016027,0.016249,0.022898,0.019578,0.018052,0.015431,0.016534,0.018998,0.018949,0.021538,0.020401,0.018078,0.020394,0.01781,0.017256
0.02892,0.021025,0.032049,0.024783,0.024495,0.024273,0.021,0.023786,0.026855,0.028693,0.025766,0.025656,0.026797,0.028422,0.02206
0.022937,0.021181,0.027097,0.021394,0.020943,0.020813,0.017831,0.020446,0.024386,0.024246,0.022338,0.022946,0.023019,0.022763,0.019284
0.018431,0.020452,0.024927,0.01829,0.017868,0.01621,0.015389,0.018138,0.022126,0.022044,0.020575,0.022506,0.019083,0.019436,0.016056
0.020924,0.0167,0.027837,0.020123,0.019347,0.018577,0.018349,0.018546,0.022439,0.023333,0.024201,0.023525,0.019943,0.02229,0.017382
0.017843,0.019072,0.024996,0.018173,0.017768,0.015619,0.0161,0.018916,0.020059,0.023001,0.022484,0.020747,0.01805,0.020017,0.015447
0.017169,0.01758,0.023328,0.018788,0.018598,0.015803,0.017173,0.018936,0.020245,0.02396,0.02174,0.019469,0.020084,0.019446,0.017252
0.015254,0.014422,0.022979,0.018747,0.017782,0.014137,0.017579,0.019496,0.020625,0.022102,0.018915,0.017763,0.019348,0.017771,0.0163
0.023926,0.019849,0.028026,0.02157,0.020847,0.020612,0.018733,0.020075,0.024764,0.025278,0.023637,0.023386,0.023281,0.022946,0.019674
0.020446,0.022169,0.025509,0.020297,0.019311,0.018661,0.016878,0.018928,0.022584,0.021907,0.019453,0.02177,0.021739,0.021222,0.017798
0.017659,0.015317,0.02399,0.017939,0.017132,0.01542,0.014912,0.017127,0.020557,0.019973,0.022623,0.022445,0.019441,0.018,0.017008
0.022366,0.020999,0.028863,0.020726,0.01954,0.019097,0.018966,0.020174,0.021417,0.024227,0.024338,0.024774,0.020751,0.02328,0.018173
0.01961,0.018719,0.026589,0.020166,0.019519,0.017773,0.01767,0.020013,0.021709,0.023328,0.022743,0.022409,0.019779,0.021596,0.015736
0.016846,0.014955,0.032347,0.018317,0.017992,0.014504,0.01666,0.019168,0.018845,0.023234,0.070701,0.019535,0.018612,0.019218,0.06852
3.4541,3.8399,3.5466,3.8659,3.9071,3.4896,3.9592,3.9359,3.8296,3.5998,3.8763,3.9338,3.8171,3.4871,4.0002
0,0,0,0,0,0,0,0,0,0,0,0,0,0,0
0,0,0,0,0,0,0,0,0,0,0,0,0,0,0
0,0,0,0,0,0,0,0,0,0,0,0,0,0,0
0,0,0,0,0,0,0,0,0,0,0,0,0,0,0
0,0,0,0,0,0,0,0,0,0,0,0,0,0,0
0,0,0,0,0,0,0,0,0,0,0,0,0,0,0
0,0,0,0,0,0,0,0,0,0,0,0,0,0,0
0,0,0,0,0,0,0,0,0,0,0,0,0,0,0
0,0,0,0,0,0,0,0,0,0,0,0,0,0,0
0,0.4483,0.17591,1.48,0,0,0,0,0,0,2.5045,0,3.8011,2.0386,2.5352
3.4683,3.3591,3.3678,2.3385,3.9055,3.4962,3.9423,3.9494,3.8381,3.6022,1.395,3.943,0.023859,1.4108,1.4802
0.02252,0.017432,0.029104,0.020984,0.020551,0.020849,0.019204,0.020454,0.022266,0.02598,0.022781,0.023602,0.020914,0.023805,0.017796
0.015938,0.016374,0.024529,0.018279,0.017829,0.01621,0.016344,0.017675,0.021253,0.023427,0.020645,0.0197,0.017673,0.01883,0.017633
0.017595,0.021056,0.023604,0.018623,0.018314,0.015005,0.017305,0.017508,0.02163,0.021461,0.020033,0.018297,0.017319,0.019513,0.017474
0.018642,0.015476,0.023121,0.019147,0.017976,0.014974,0.01674,0.018121,0.02073,0.020264,0.02057,0.019541,0.019756,0.018442,0.016788
0.017861,0.018382,0.023861,0.01886,0.017127,0.01422,0.015903,0.0185,0.020216,0.019753,0.022477,0.019327,0.019896,0.017736,0.016545
0.018407,0.017745,0.024432,0.019072,0.017519,0.015887,0.01558,0.019139,0.020016,0.02174,0.022207,0.021649,0.020239,0.018254,0.016182
0.027125,0.021629,0.031026,0.023766,0.022826,0.025117,0.021633,0.023003,0.025601,0.028521,0.025754,0.027825,0.026122,0.027901,0.019556
0.022233,0.017798,0.030262,0.02133,0.020971,0.020678,0.01969,0.019505,0.023924,0.02627,0.021755,0.024337,0.021748,0.023711,0.018421
0.015806,0.021828,0.02486,0.01843,0.017718,0.015117,0.017434,0.018148,0.021981,0.023453,0.02067,0.019352,0.018336,0.018895,0.016345
0.020532,0.018045,0.025754,0.020173,0.019781,0.018197,0.018942,0.019925,0.022663,0.023898,0.020572,0.020517,0.018946,0.022298,0.018825
0.019301,0.017872,0.023504,0.018966,0.018966,0.014705,0.017082,0.019225,0.020375,0.02073,0.022483,0.019993,0.018984,0.019194,0.016919
0.018689,0.018386,0.023329,0.019612,0.018491,0.016423,0.016212,0.019408,0.020504,0.020118,0.023254,0.019306,0.019515,0.01866,0.01737
0.017714,0.015137,0.02518,0.018653,0.017934,0.015522,0.01477,0.018317,0.020188,0.021609,0.021329,0.021045,0.020271,0.017127,0.016393
0.021075,0.016783,0.027516,0.020315,0.02025,0.019798,0.017816,0.019626,0.022465,0.024438,0.021766,0.024741,0.023115,0.023282,0.016232
0.019056,0.022227,0.027526,0.019277,0.019449,0.017194,0.01744,0.019062,0.022551,0.023717,0.021898,0.02263,0.0207,0.020078,0.018734
0.015962,0.018922,0.025049,0.018238,0.017759,0.01507,0.016034,0.018284,0.020855,0.023285,0.018987,0.019549,0.017889,0.018487,0.017125
0.022199,0.017793,0.027928,0.020804,0.020716,0.019108,0.019171,0.021153,0.022796,0.024897,0.023165,0.021018,0.020928,0.023125,0.020057
0.021779,0.020251,0.025072,0.019959,0.020179,0.018276,0.0178,0.020115,0.020864,0.022383,0.02406,0.019861,0.019492,0.02144,0.018349
0.017841,0.016322,0.022319,0.019162,0.017627,0.015749,0.015351,0.017997,0.021085,0.019702,0.022331,0.020065,0.01974,0.017992,0.016364
0.018435,0.014471,0.02528,0.018949,0.017722,0.015728,0.014792,0.017715,0.019633,0.021884,0.020981,0.021214,0.020451,0.01783,0.01589
0.019468,0.017925,0.025025,0.019117,0.019216,0.01746,0.017083,0.018902,0.023068,0.023125,0.020189,0.023258,0.021741,0.020884,0.01597
0.017038,0.021345,0.025225,0.017921,0.018999,0.015527,0.017036,0.017817,0.021864,0.021662,0.020732,0.021245,0.020791,0.018231,0.01836
0.015554,0.015693,0.025232,0.018075,0.018174,0.014491,0.016318,0.018987,0.020199,0.022954,0.018695,0.020243,0.018976,0.01897,0.0175
0.025675,0.023411,0.02971,0.022605,0.022699,0.02349,0.021424,0.023326,0.024816,0.026999,0.02513,0.022582,0.023372,0.026419,0.020894
0.023279,0.019855,0.026275,0.020561,0.021046,0.020279,0.018997,0.020155,0.022866,0.023359,0.023569,0.019995,0.020836,0.023229,0.018241
0.018162,0.014717,0.022906,0.019277,0.01747,0.015355,0.015288,0.017609,0.018754,0.019953,0.021315,0.020667,0.019549,0.018471,0.015965
0.018122,0.014042,0.025565,0.018778,0.017007,0.015368,0.015045,0.017564,0.021092,0.021299,0.020277,0.020862,0.019617,0.017692,0.015089
0.016821,0.021572,0.022983,0.018341,0.017374,0.014985,0.015697,0.018313,0.021586,0.021091,0.021192,0.021727,0.020242,0.018542,0.015928
0.017543,0.017434,0.024504,0.018556,0.018469,0.014959,0.016886,0.01925,0.021184,0.021943,0.019573,0.022688,0.020264,0.018245,0.017114
0.015526,0.016296,0.025385,0.017755,0.018495,0.015492,0.016217,0.018846,0.0199,0.022401,0.020296,0.021085,0.019707,0.018923,0.017545
0.028678,0.02411,0.030968,0.023539,0.024076,0.025136,0.021563,0.023309,0.025154,0.028244,0.0268,0.023728,0.023626,0.027513,0.021296
0.024462,0.019533,0.027913,0.022292,0.021496,0.021754,0.020449,0.021009,0.024017,0.025243,0.025212,0.022168,0.022679,0.025768,0.019684
0.016907,0.0137,0.022383,0.019378,0.017843,0.014962,0.015566,0.017359,0.020282,0.019627,0.020306,0.020105,0.017714,0.017997,0.01579
0.018717,0.021665,0.02408,0.019239,0.017928,0.015563,0.015569,0.018998,0.022831,0.022541,0.019639,0.020864,0.020672,0.018776,0.015253
0.01687,0.018388,0.023859,0.018595,0.017624,0.014339,0.015556,0.019065,0.02152,0.021076,0.020501,0.020955,0.019895,0.018386,0.016163
0.016145,0.014942,0.023257,0.018079,0.017656,0.015861,0.017136,0.019178,0.020581,0.022044,0.017863,0.022057,0.020124,0.018258,0.016553
0.015892,0.01869,0.025688,0.018406,0.018127,0.016343,0.016861,0.018581,0.020041,0.022587,0.021633,0.020766,0.019603,0.019572,0.017672
0.027457,0.022322,0.031,0.02346,0.023387,0.023624,0.022104,0.022273,0.025236,0.027145,0.025848,0.023792,0.023983,0.026779,0.020741
0.022839,0.017236,0.027658,0.021355,0.02054,0.019978,0.020053,0.020574,0.022653,0.02361,0.023581,0.020905,0.021011,0.02353,0.018576
0.017564,0.018873,0.023292,0.018699,0.017225,0.015302,0.015845,0.018399,0.0216,0.01982,0.019944,0.020268,0.018045,0.018271,0.016042
0.02288,0.022064,0.026573,0.021814,0.019819,0.019638,0.0185,0.021025,0.023885,0.025346,0.022098,0.022442,0.023257,0.022759,0.016722
0.019026,0.015903,0.026422,0.019902,0.018848,0.017647,0.016351,0.02062,0.021842,0.022834,0.021057,0.022364,0.020271,0.02007,0.018066
0.016568,0.018787,0.022724,0.018143,0.017682,0.016179,0.016855,0.018088,0.020395,0.022107,0.018779,0.022592,0.020184,0.018237,0.016359
0.015541,0.016864,0.024288,0.018329,0.018075,0.014686,0.016314,0.018271,0.020831,0.022666,0.021922,0.021011,0.019763,0.018684,0.017447
0.023093,0.016822,0.027157,0.020376,0.020695,0.018192,0.018551,0.019126,0.02177,0.023363,0.024225,0.021291,0.021187,0.021548,0.01803
0.062517,0.017664,0.02598,0.019285,0.019088,0.016936,0.018615,0.019708,0.022807,0.021697,0.021838,0.020063,0.019356,0.021567,0.017297
0.32393,0.0205,0.022953,0.021949,0.01724,0.014736,0.016061,0.018703,0.022079,0.019609,0.019684,0.019455,0.018101,0.019207,0.015395
0.51224,0.019257,0.02845,0.030428,0.021237,0.021458,0.018876,0.021826,0.024219,0.02608,0.022777,0.023175,0.022121,0.024944,0.017848
0.47221,0.020388,0.026561,0.02191,0.020352,0.01967,0.017007,0.019601,0.021879,0.02368,0.022419,0.023184,0.02224,0.021104,0.018835
0.38276,0.017574,0.025112,0.01884,0.017966,0.015176,0.017269,0.018252,0.020965,0.022215,0.021069,0.022795,0.020259,0.019424,0.017146
0.73227,0.015261,0.025353,0.025017,0.018743,0.015167,0.01609,0.017145,0.019641,0.022942,0.022829,0.020811,0.020627,0.031337,0.016776
0.72562,0.016565,0.028313,0.026134,0.019857,0.016327,0.018139,0.16856,0.023648,0.021926,0.023754,0.020132,0.021467,0.029426,0.017324
0.60336,0.025414,0.027021,0.021601,0.017739,0.015795,0.018077,0.36292,0.022804,0.020347,0.021638,0.018828,0.018574,0.023961,0.015915
0.22884,0.024212,0.024636,0.019171,0.017705,0.015983,0.017425,0.42844,0.021328,0.020203,0.019548,0.019418,0.018088,0.01959,0.015095
0.14778,0.025499,0.032363,0.026017,0.024482,0.026768,0.021864,0.28776,0.026568,0.029446,0.026679,0.025616,0.024759,0.028855,0.019954
0.11729,0.02403,0.02696,0.02252,0.021424,0.021046,0.018013,0.2336,0.023454,0.025421,0.022056,0.02351,0.023101,0.023132,0.019907
0.090229,0.016452,0.025384,0.018819,0.018611,0.015659,0.01669,0.1743,0.019809,0.022375,0.022227,0.022373,0.019468,0.017821,0.017428
0.078929,0.014965,0.02414,0.018409,0.018988,0.014946,0.016348,0.13938,0.02088,0.022865,0.022719,0.021861,0.021392,0.019258,0.017273
0.069696,0.01984,0.025251,0.018107,0.018532,0.015428,0.016795,0.10627,0.022073,0.020945,0.021318,0.019623,0.019958,0.017826,0.0161
0.060909,0.019425,0.025264,0.018298,0.0182,0.015927,0.01738,0.08096,0.021592,0.01986,0.020468,0.019074,0.019094,0.01962,0.016255
0.054684,0.014992,0.024063,0.0181,0.017571,0.0158,0.016887,0.56619,0.020631,0.019553,0.018782,0.017651,0.017651,0.018411,0.014802
0.054498,0.025176,0.029425,0.023144,0.022609,0.022518,0.020799,0.21647,0.023987,0.027742,0.024638,0.02496,0.022918,0.026587,0.019115
0.046779,0.020867,0.027951,0.022889,0.021438,0.021347,0.019177,0.10796,0.024018,0.025582,0.021556,0.023642,0.02287,0.023724,0.020063
0.039189,0.014269,0.025267,0.018719,0.017676,0.01423,0.017042,0.097073,0.018934,0.022442,0.021524,0.021899,0.019625,0.017258,0.017266
0.039674,0.019269,0.02542,0.019727,0.020126,0.018958,0.018381,0.080998,0.022999,0.024492,0.023376,0.023635,0.022131,0.021267,0.018195
0.036402,0.021102,0.02581,0.019108,0.018663,0.016773,0.017709,0.068527,0.022251,0.021576,0.021286,0.02121,0.020173,0.019494,0.016763
0.032171,0.015264,0.025104,0.017997,0.017495,0.016098,0.017458,0.057224,0.020516,0.019702,0.019957,0.019474,0.01936,0.018893,0.015934
0.03111,0.018516,0.024825,0.018192,0.017434,0.014698,0.016519,0.050762,0.019886,0.020956,0.020403,0.018089,0.018093,0.018638,0.014616
0.033967,0.020954,0.027675,0.022008,0.021298,0.020615,0.018982,0.046469,0.022961,0.025173,0.022081,0.023608,0.021159,0.024231,0.018374
0.028966,0.015817,0.024469,0.019973,0.019299,0.016088,0.01586,0.041462,0.021204,0.022919,0.020822,0.021361,0.019356,0.019706,0.017349
0.026977,0.014698,0.025662,0.018819,0.01896,0.015939,0.017336,0.037709,0.020159,0.023724,0.022427,0.022293,0.019774,0.017593,0.017569
0.033794,0.024594,0.0283,0.022104,0.022829,0.022513,0.020242,0.035522,0.025406,0.026856,0.025695,0.02585,0.023724,0.023866,0.019647
0.02926,0.018256,0.026391,0.019464,0.018941,0.017655,0.018409,0.030897,0.022265,0.022254,0.022144,0.02232,0.021112,0.020984,0.01741
0.026458,0.017424,0.025706,0.018345,0.017903,0.0156,0.017756,0.030045,0.020959,0.020061,0.019072,0.019694,0.02056,0.018883,0.016367
0.025142,0.017727,0.024355,0.017817,0.017557,0.014891,0.015784,0.027779,0.019255,0.019949,0.02108,0.01867,0.018329,0.01854,0.014345
0.025809,0.016678,0.024991,0.019213,0.019224,0.016088,0.016585,0.026857,0.021439,0.022011,0.018945,0.021129,0.018836,0.020251,0.017114
0.024448,0.014408,0.024464,0.019627,0.018511,0.016731,0.015891,0.026412,0.019517,0.022174,0.022553,0.020605,0.01834,0.019947,0.016877
0.022308,0.020667,0.023631,0.019094,0.018002,0.01581,0.016712,0.025653,0.021019,0.021961,0.022509,0.021473,0.020037,0.017688,0.01772
0.030556,0.021892,0.029253,0.021903,0.022042,0.020626,0.019585,0.025983,0.024378,0.026053,0.024661,0.025151,0.023222,0.023355,0.019271
0.02715,0.017465,0.026912,0.020782,0.020222,0.019695,0.019271,0.025609,0.023347,0.023784,0.022632,0.023446,0.022884,0.021586,0.018585
0.023004,0.018535,0.025885,0.018426,0.017701,0.014631,0.017774,0.023259,0.020142,0.019487,0.018846,0.018686,0.020075,0.018383,0.016087
0.022987,0.016463,0.025074,0.018442,0.017139,0.014951,0.016423,0.022829,0.020973,0.020442,0.020575,0.017934,0.018644,0.018735,0.014402
0.021778,0.014354,0.024897,0.018503,0.018216,0.015604,0.015523,0.023259,0.018843,0.020527,0.019312,0.020238,0.017958,0.018763,0.016486
0.020916,0.01762,0.023108,0.01909,0.017846,0.016038,0.014994,0.022201,0.021207,0.022034,0.021183,0.019775,0.017808,0.018939,0.016179
0.020752,0.020323,0.023616,0.019089,0.019069,0.014875,0.016999,0.021155,0.022239,0.023604,0.022023,0.02181,0.01976,0.018703,0.017703
0.03299,0.021002,0.031606,0.024674,0.024099,0.02431,0.021345,0.025662,0.026304,0.028938,0.024927,0.027223,0.024321,0.026977,0.020891
0.026506,0.021794,0.027615,0.021585,0.020447,0.020387,0.019816,0.022998,0.023437,0.024488,0.022408,0.023612,0.023286,0.022663,0.018729
0.021306,0.017396,0.025182,0.018191,0.017322,0.015827,0.017301,0.021246,0.020354,0.019979,0.021126,0.019598,0.020437,0.01813,0.016104
0.024883,0.016992,0.026619,0.019923,0.019345,0.018932,0.01839,0.02271,0.021605,0.023643,0.020529,0.020322,0.020825,0.020786,0.015737
0.021918,0.01501,0.025111,0.018848,0.018996,0.017454,0.016093,0.021897,0.02124,0.020354,0.021643,0.020363,0.018254,0.01999,0.017856
0.019752,0.021715,0.023765,0.018919,0.017901,0.014777,0.015308,0.019674,0.021922,0.021661,0.022475,0.019593,0.018155,0.018825,0.016933
0.019441,0.016738,0.02247,0.019203,0.018378,0.014991,0.016407,0.020843,0.020959,0.02232,0.022327,0.02106,0.018043,0.019108,0.017206
0.027803,0.01954,0.028803,0.020617,0.021312,0.018423,0.018286,0.021402,0.022557,0.024643,0.021871,0.024259,0.022103,0.02239,0.01898
0.024348,0.02076,0.02624,0.0202,0.019647,0.019668,0.018737,0.022128,0.021414,0.023633,0.020537,0.023095,0.022487,0.021367,0.018209
0.020129,0.015632,0.023823,0.017747,0.017277,0.015368,0.017337,0.020353,0.02049,0.019365,0.020662,0.019486,0.019953,0.01665,0.015841
0.025615,0.016991,0.028295,0.021222,0.02007,0.020578,0.018812,0.022264,0.022455,0.024793,0.020601,0.020751,0.02194,0.023187,0.016566
0.023248,0.023363,0.027885,0.020147,0.023575,0.023032,0.017188,0.020648,0.023494,0.026307,0.023134,0.25681,0.019854,0.021792,0.018524
0.019214,0.018668,0.023427,0.018688,0.0381,0.030777,0.015623,0.020939,0.022895,0.039423,0.021711,0.44853,0.017886,0.018812,0.016686
0.019006,0.015888,0.023461,0.018932,0.029668,0.025207,0.016736,0.019106,0.020909,0.035491,0.021599,0.23708,0.017509,0.018919,0.016979
0.026662,0.021184,0.027468,0.020568,0.021926,0.021028,0.01827,0.021133,0.021814,0.024732,0.022063,0.26537,0.021721,0.021613,0.018602
0.020593,0.016869,0.024739,0.019433,0.017958,0.01662,0.017302,0.020303,0.021629,0.020409,0.018972,0.20716,0.019372,0.018308,0.016724
0.019868,0.01427,0.024757,0.018077,0.018852,0.016786,0.017247,0.02004,0.019365,0.020062,0.020897,0.19326,0.019959,0.017185,0.015639
0.0296,0.024494,0.031804,0.023538,0.023038,0.024159,0.021535,0.022859,0.026704,0.028764,0.023163,0.12532,0.02586,0.027209,0.018474
0.023672,0.022477,0.028435,0.020966,0.020674,0.02026,0.017799,0.021958,0.023658,0.024405,0.023214,0.088701,0.021148,0.02195,0.019522
0.018449,0.014804,0.023364,0.018309,0.018442,0.015548,0.014984,0.019447,0.02134,0.02208,0.02166,0.068,0.017742,0.019332,0.017137
0.019163,0.019245,0.023012,0.018905,0.01889,0.016529,0.016848,0.019011,0.019995,0.022546,0.020628,0.057427,0.017649,0.018986,0.01741
0.022229,0.017359,0.024927,0.019639,0.01821,0.015835,0.016036,0.019333,0.020904,0.020592,0.019477,0.048977,0.018559,0.018882,0.016596
0.020389,0.014795,0.023441,0.019021,0.017744,0.016177,0.016936,0.019389,0.019155,0.019893,0.019775,0.045388,0.019004,0.018429,0.016936
0.019501,0.015431,0.023307,0.018213,0.016983,0.015075,0.017157,0.018224,0.021305,0.019316,0.020125,0.041478,0.020106,0.017124,0.01517
0.028007,0.025645,0.030883,0.02351,0.022923,0.023472,0.02058,0.022788,0.025864,0.027536,0.024138,0.041148,0.024981,0.025865,0.018436
0.024618,0.020162,0.02863,0.022323,0.021681,0.020501,0.018542,0.021379,0.023843,0.025171,0.024658,0.03601,0.022562,0.024515,0.020248
0.018307,0.017865,0.023639,0.017618,0.017925,0.015529,0.015149,0.019061,0.019367,0.021851,0.021746,0.033844,0.017781,0.018178,0.017305
0.019875,0.018623,0.024241,0.019234,0.019332,0.016966,0.016241,0.019687,0.021313,0.023133,0.021028,0.03398,0.018218,0.020022,0.017994
0.022927,0.015242,0.024798,0.0188,0.018851,0.015345,0.016537,0.019844,0.019223,0.020135,0.019232,0.02967,0.017104,0.018781,0.016426
0.019513,0.014483,0.02428,0.019446,0.018079,0.015322,0.017019,0.018619,0.021137,0.019717,0.021083,0.028448,0.019177,0.018573,0.016277
0.019868,0.021967,0.02396,0.01874,0.01762,0.015432,0.01703,0.01916,0.021822,0.019888,0.018905,0.028023,0.020053,0.017892,0.015604
0.026772,0.02058,0.02987,0.021754,0.021866,0.021145,0.02047,0.021208,0.025294,0.025616,0.024109,0.028864,0.02427,0.024088,0.017209
0.021096,0.018625,0.026879,0.019632,0.019665,0.018404,0.017316,0.020474,0.021841,0.023011,0.022969,0.025658,0.02114,0.019816,0.018498
0.018538,0.018572,0.024509,0.018635,0.018666,0.015997,0.015156,0.01988,0.01929,0.022402,0.021298,0.024741,0.018736,0.018933,0.016964
0.026779,0.020418,0.028737,0.022749,0.022596,0.022248,0.019402,0.022956,0.02448,0.027231,0.023094,0.029085,0.022268,0.025663,0.019947
0.024376,0.01572,0.024211,0.020401,0.020012,0.017769,0.018822,0.019271,0.021224,0.022126,0.020205,0.025824,0.019826,0.021016,0.017829
0.020266,0.020904,0.025183,0.019341,0.018013,0.015783,0.016793,0.018983,0.021138,0.019607,0.021172,0.025953,0.01836,0.019187,0.016448
0.019636,0.019048,0.023127,0.018582,0.017323,0.014087,0.017047,0.018027,0.020968,0.019543,0.019138,0.024838,0.019556,0.018095,0.015292
0.021342,0.015596,0.026289,0.018794,0.018667,0.016949,0.017633,0.019964,0.0216,0.021426,0.022648,0.024453,0.021287,0.01908,0.015065
0.01961,0.019594,0.026263,0.018375,0.018663,0.01643,0.016449,0.019878,0.019896,0.021797,0.022616,0.023444,0.020359,0.017886,0.017584
0.017878,0.016955,0.024153,0.017721,0.018217,0.015264,0.015243,0.019256,0.02016,0.021974,0.020085,0.022538,0.01882,0.017851,0.016572
0.026722,0.01826,0.027266,0.021463,0.021822,0.020525,0.018368,0.020631,0.022251,0.025029,0.022855,0.027172,0.021078,0.022974,0.019577
0.025263,0.019884,0.025626,0.020855,0.021085,0.01974,0.019338,0.020615,0.023589,0.023839,0.022779,0.026898,0.020367,0.023166,0.018729
0.019723,0.020909,0.024763,0.019259,0.017552,0.013924,0.016273,0.018039,0.021112,0.019551,0.01911,0.025189,0.017643,0.018545,0.016003
0.02024,0.015207,0.023428,0.018617,0.017661,0.015303,0.016873,0.018774,0.02107,0.020563,0.020172,0.024089,0.019114,0.018596,0.015371
0.020426,0.019288,0.02459,0.018335,0.017732,0.015752,0.016991,0.018805,0.020509,0.019713,0.02218,0.023299,0.019149,0.018162,0.014203
0.018686,0.017875,0.025542,0.01817,0.018321,0.015708,0.016105,0.019275,0.019539,0.021251,0.020779,0.022044,0.020101,0.017439,0.017301
0.01813,0.015162,0.025231,0.018416,0.018654,0.015219,0.015617,0.018216,0.020332,0.023106,0.021059,0.022286,0.020184,0.0179,0.016737
0.031003,0.02173,0.030726,0.023642,0.024022,0.024509,0.020906,0.023082,0.02526,0.028344,0.023425,0.026467,0.024696,0.026958,0.02249
0.025953,0.025544,0.027712,0.021899,0.02201,0.020286,0.019838,0.020413,0.025395,0.02485,0.024768,0.02689,0.02145,0.02484,0.019358
0.020271,0.016584,0.023923,0.019042,0.017374,0.015789,0.016351,0.018976,0.021425,0.019628,0.018405,0.0231,0.017582,0.018612,0.016588
0.023619,0.019875,0.026185,0.020838,0.018993,0.018622,0.018652,0.020612,0.02224,0.022873,0.022805,0.025074,0.019556,0.021485,0.017117
0.018929,0.017807,0.023539,0.01851,0.017124,0.015691,0.017733,0.019291,0.01991,0.0197,0.022206,0.02322,0.019415,0.018655,0.014549
0.019962,0.015773,0.025707,0.018194,0.018572,0.015963,0.016668,0.018997,0.02163,0.022068,0.021568,0.021347,0.020274,0.018625,0.015903
0.018127,0.013844,0.024632,0.018042,0.018212,0.015068,0.015215,0.018566,0.018984,0.022504,0.01979,0.021958,0.019766,0.017141,0.017149
0.026453,0.023857,0.026071,0.020769,0.020753,0.018276,0.017425,0.020321,0.023595,0.024002,0.021023,0.024065,0.021699,0.022357,0.019582
0.023383,0.02028,0.025547,0.020971,0.020236,0.019366,0.0189,0.020203,0.023863,0.023092,0.02268,0.025967,0.020593,0.021568,0.01859
0.01925,0.015847,0.022993,0.018809,0.017542,0.015276,0.016052,0.019101,0.020993,0.018808,0.019562,0.022459,0.017755,0.018692,0.016232
0.022787,0.020681,0.026818,0.020927,0.019492,0.018933,0.018479,0.020903,0.022024,0.023303,0.023879,0.02459,0.019673,0.021728,0.017207
0.020888,0.017226,0.025182,0.020722,0.018939,0.016838,0.018439,0.018792,0.021809,0.021554,0.023121,0.023451,0.021227,0.020754,0.015771
0.017333,0.014045,0.025359,0.017809,0.017492,0.014768,0.016213,0.018788,0.019239,0.020892,0.0201,0.021428,0.018984,0.017769,0.014327
0.018968,0.021873,0.024988,0.018313,0.018288,0.014857,0.015786,0.018705,0.020838,0.023128,0.01938,0.021988,0.019764,0.01791,0.017524
0.025345,0.020562,0.026976,0.02028,0.020308,0.018537,0.017148,0.020461,0.023619,0.024331,0.021739,0.023012,0.022002,0.021066,0.018472
0.020221,0.015227,0.023608,0.018627,0.019045,0.016565,0.017492,0.019661,0.020846,0.020855,0.019228,0.023787,0.019267,0.019318,0.017083
0.019777,0.019329,0.02277,0.01839,0.01762,0.015832,0.01644,0.019059,0.020264,0.019841,0.020791,0.022121,0.01762,0.019221,0.016256
0.027579,0.022195,0.03192,0.0243,0.022173,0.022986,0.021825,0.021659,0.024289,0.027454,0.026333,0.027068,0.02298,0.026755,0.019829
0.023294,0.017121,0.02667,0.021939,0.020318,0.020155,0.020843,0.020806,0.02238,0.02315,0.023679,0.024759,0.02229,0.022953,0.017746
0.018616,0.017972,0.024715,0.018647,0.018473,0.014361,0.016936,0.017782,0.020242,0.021431,0.020322,0.021264,0.01853,0.018624,0.015609
0.020418,0.021467,0.025249,0.01825,0.018593,0.015928,0.015915,0.018837,0.022298,0.023542,0.018772,0.021231,0.020182,0.018307,0.017833
0.021438,0.015163,0.024177,0.018324,0.018471,0.015286,0.015231,0.019353,0.02073,0.020748,0.02076,0.020996,0.019461,0.01678,0.017216
0.019416,0.019543,0.023445,0.018417,0.018689,0.01588,0.016633,0.01949,0.020668,0.020302,0.01822,0.023489,0.019018,0.018831,0.017174
0.01937,0.017703,0.022724,0.018107,0.017486,0.014646,0.016061,0.017841,0.01903,0.01917,0.021432,0.022387,0.017551,0.016915,0.016383
0.02608,0.019582,0.030678,0.02319,0.021617,0.022151,0.020521,0.022539,0.02438,0.02569,0.02509,0.026815,0.022421,0.025353,0.018895
0.024554,0.018031,0.027376,0.022389,0.020735,0.020003,0.020226,0.021003,0.022825,0.023951,0.02311,0.025093,0.02131,0.024347,0.017589
0.017338,0.022177,0.022973,0.018113,0.017377,0.015321,0.016619,0.018931,0.021609,0.020543,0.019594,0.021576,0.019351,0.018495,0.016946
0.021982,0.017751,0.025374,0.018695,0.018596,0.017146,0.016386,0.019344,0.022484,0.023523,0.021144,0.021536,0.020004,0.019567,0.016887
0.020027,0.017017,0.024817,0.018053,0.018283,0.01565,0.01549,0.01913,0.020292,0.020964,0.019323,0.020374,0.019658,0.017759,0.017855
0.019426,0.018752,0.02318,0.017957,0.01853,0.015004,0.017088,0.018075,0.019391,0.019785,0.020951,0.022551,0.020171,0.017559,0.016848
0.019857,0.015753,0.022748,0.018288,0.017664,0.015319,0.016564,0.018551,0.020536,0.019547,0.022515,0.023638,0.018565,0.018638,0.016276
0.027695,0.020573,0.02978,0.024134,0.022713,0.023587,0.02194,0.023147,0.024105,0.027866,0.026654,0.027425,0.023385,0.027066,0.019824
0.023071,0.023837,0.027867,0.021907,0.020792,0.020487,0.020414,0.021591,0.023228,0.022708,0.022091,0.02435,0.021226,0.023012,0.016579
0.017462,0.019623,0.02361,0.019445,0.018111,0.015997,0.016747,0.019984,0.021462,0.021319,0.01912,0.022167,0.018212,0.019398,0.017866
0.030116,0.019572,0.029916,0.02321,0.022216,0.022967,0.02011,0.022946,0.02489,0.028798,0.024102,0.024664,0.024041,0.02538,0.020442
0.021976,0.021292,0.027927,0.019978,0.020479,0.018667,0.017288,0.019711,0.022033,0.024254,0.020311,0.022357,0.021788,0.020601,0.018988
0.019534,0.017299,0.023859,0.018298,0.018503,0.015939,0.016942,0.018412,0.020752,0.01997,0.02228,0.021949,0.0201,0.017425,0.017027
0.018652,0.014057,0.02252,0.017652,0.017493,0.014202,0.016327,0.01829,0.019113,0.019264,0.021928,0.023844,0.019171,0.018858,0.015711
0.020198,0.017157,0.024723,0.019506,0.018511,0.017824,0.018292,0.019755,0.021258,0.021442,0.021783,0.023519,0.019273,0.019908,0.016306
0.019166,0.02295,0.025537,0.019639,0.018542,0.01757,0.018115,0.01987,0.022224,0.020597,0.020564,0.023741,0.018687,0.019819,0.015529
0.016725,0.016364,0.022932,0.018701,0.017809,0.015124,0.016292,0.019067,0.021447,0.020788,0.018396,0.022093,0.017339,0.018407,0.016944
0.028008,0.021866,0.027417,0.021861,0.021153,0.020123,0.019227,0.020559,0.023397,0.026175,0.022712,0.022983,0.022363,0.023983,0.019455
0.022057,0.01982,0.027848,0.020068,0.020705,0.018269,0.017184,0.019941,0.021214,0.024238,0.019928,0.022503,0.021171,0.021404,0.01837
0.01858,0.015253,0.023756,0.017795,0.018101,0.014306,0.017725,0.018016,0.020476,0.019266,0.021789,0.020849,0.019661,0.016949,0.016157
0.01855,0.013788,0.023707,0.018088,0.017293,0.015254,0.016273,0.018511,0.019506,0.018873,0.021238,0.023379,0.019964,0.018615,0.015421
