NaN,NaN,NaN,NaN,NaN,NaN,NaN,NaN,NaN,NaN,NaN,NaN
0.43814,1.4811,2.102,1.6076,1.5125,1.4349,1.4222,1.4325,1.3864,1.4848,1.504,1.4732
0.027606,0.032311,0.032473,0.022431,0.027422,0.0219,0.024085,0.022985,0.028384,0.024104,0.023415,0.021438
0.021249,0.025443,0.022898,0.01711,0.021613,0.017211,0.019195,0.017884,0.0218,0.020728,0.019703,0.017089
0.020343,0.023595,0.023684,0.01702,0.019927,0.017377,0.019031,0.020765,0.020124,0.020152,0.018128,0.023302
0.021988,0.023044,0.025145,0.018521,0.020599,0.018605,0.019677,0.026004,0.021209,0.021401,0.019546,0.023137
0.020038,0.02162,0.020159,0.017066,0.018968,0.017318,0.017804,0.024723,0.019299,0.01929,0.017532,0.023977
0.020471,0.022001,0.020099,0.017963,0.019548,0.017883,0.018057,0.026637,0.019328,0.019462,0.016974,0.022273
0.035592,0.037447,0.03531,0.028934,0.030678,0.031246,0.027666,0.033697,0.030131,0.031523,0.024378,0.02971
0.02781,0.029033,0.02709,0.023435,0.024802,0.031718,0.022296,0.027588,0.024052,0.024844,0.020144,0.024353
0.020028,0.020434,0.018315,0.017818,0.018496,0.027078,0.0173,0.021634,0.018326,0.018729,0.015789,0.019578
0.021963,0.022767,0.02058,0.01931,0.020108,0.026005,0.018528,0.021549,0.019754,0.020102,0.016823,0.020419
0.019378,0.019449,0.019273,0.01684,0.017976,0.021372,0.016794,0.018711,0.017954,0.017829,0.01527,0.017554
0.020213,0.020245,0.029923,0.017627,0.018336,0.021515,0.017276,0.019014,0.021633,0.018268,0.015993,0.01795
0.019588,0.019469,0.02773,0.017111,0.01803,0.022089,0.016922,0.018388,0.024798,0.017854,0.015464,0.017071
0.032757,0.034418,0.043379,0.028451,0.029076,0.029247,0.026146,0.028436,0.031076,0.028616,0.022779,0.026105
0.029071,0.03056,0.03501,0.0291,0.025861,0.024486,0.023461,0.025113,0.029299,0.025224,0.020436,0.023422
0.019345,0.019466,0.023399,0.020524,0.018115,0.017779,0.017371,0.017844,0.020384,0.017339,0.015301,0.016786
0.025138,0.02376,0.027474,0.023087,0.020952,0.020233,0.027998,0.020606,0.022152,0.020584,0.020475,0.023407
0.026354,0.020395,0.023644,0.019616,0.020458,0.018128,0.021168,0.018254,0.020316,0.018316,0.02337,0.023633
0.022532,0.019385,0.019804,0.018634,0.025966,0.017185,0.024068,0.018004,0.018969,0.018155,0.020142,0.023357
0.025437,0.020637,0.020079,0.018999,0.026898,0.018116,0.020645,0.023451,0.018833,0.019183,0.020759,0.022535
0.033628,0.032371,0.030764,0.026417,0.034474,0.025472,0.026368,0.032751,0.026352,0.029787,0.023643,0.02705
0.026447,0.025649,0.024015,0.021577,0.029393,0.021104,0.022197,0.029302,0.021847,0.024052,0.020649,0.022736
0.021787,0.021737,0.018347,0.017742,0.023701,0.017924,0.018361,0.026689,0.018218,0.020649,0.018669,0.01973
0.03202,0.038606,0.029685,0.025582,0.029597,0.024993,0.024311,0.029705,0.025948,0.027123,0.022383,0.025744
0.026156,0.029674,0.024293,0.021362,0.026843,0.021259,0.020714,0.025995,0.022392,0.02301,0.018922,0.02151
0.020042,0.02567,0.018833,0.017468,0.021448,0.017206,0.017243,0.020876,0.022939,0.018949,0.015977,0.017728
0.019352,0.021588,0.027846,0.017098,0.019267,0.021321,0.016876,0.019509,0.024162,0.018188,0.015673,0.017075
0.025679,0.027307,0.03482,0.021586,0.023628,0.031483,0.020856,0.02326,0.026459,0.02261,0.018741,0.021146
0.022298,0.024467,0.03302,0.018951,0.02066,0.028085,0.018914,0.02052,0.024128,0.020086,0.016794,0.018768
0.019748,0.020794,0.027031,0.017198,0.018435,0.024884,0.016911,0.018707,0.020445,0.017895,0.015488,0.017133
0.030561,0.032315,0.034312,0.025726,0.027172,0.028615,0.02456,0.026641,0.027817,0.026891,0.021535,0.028081
0.025889,0.027236,0.030443,0.024004,0.023201,0.025167,0.021699,0.022847,0.023873,0.022926,0.018884,0.026516
0.019533,0.01978,0.023075,0.022603,0.01824,0.021807,0.02538,0.018199,0.018653,0.017745,0.015485,0.023595
0.019999,0.020273,0.020461,0.021332,0.01835,0.020895,0.02262,0.018298,0.018579,0.01839,0.015849,0.022539
0.023112,0.023973,0.022872,0.023027,0.021171,0.021029,0.026175,0.021018,0.020731,0.020803,0.022151,0.02241
0.019981,0.020202,0.018825,0.019176,0.018223,0.018025,0.020596,0.022058,0.018129,0.018339,0.060833,0.019556
0.020166,0.020735,0.019391,0.019646,0.018703,0.018197,0.019635,0.025383,0.018522,0.018739,0.054876,0.019827
0.034273,0.035913,0.033695,0.029037,0.029792,0.027565,0.0283,0.034495,0.028784,0.03061,0.028081,0.027824
0.026489,0.027295,0.025799,0.022707,0.02404,0.02208,0.022327,0.030485,0.023237,0.025997,0.021318,0.0223
0.020138,0.020188,0.018218,0.017803,0.018864,0.017765,0.017708,0.023383,0.019705,0.021459,0.018704,0.018021
0.02319,0.019856,0.01986,0.017384,0.025044,0.01772,0.017454,0.02296,0.025467,0.019824,0.017607,0.017628
0.025252,0.019434,0.02923,0.017093,0.025744,0.017176,0.016947,0.020732,0.021342,0.018659,0.016421,0.01689
0.022926,0.020045,0.027923,0.017576,0.027551,0.017518,0.017284,0.01976,0.024191,0.018913,0.016174,0.01721
0.024464,0.019318,0.030247,0.017176,0.025328,0.017345,0.017046,0.018747,0.021267,0.018613,0.015609,0.016873
0.034425,0.033867,0.037486,0.026692,0.032683,0.026082,0.025699,0.027658,0.028824,0.028963,0.022273,0.030049
0.028327,0.031998,0.031223,0.023073,0.027844,0.02248,0.022311,0.02425,0.025255,0.024224,0.019652,0.026536
0.021515,0.026325,0.023589,0.017043,0.022314,0.017323,0.017033,0.01818,0.01937,0.017928,0.015454,0.023755
0.024839,0.028947,0.026454,0.019722,0.023982,0.024209,0.019512,0.020877,0.021146,0.020595,0.017383,0.023551
0.022304,0.025976,0.021732,0.01828,0.020896,0.027856,0.019302,0.019197,0.019376,0.019014,0.016367,0.020969
0.019568,0.020555,0.018295,0.016807,0.018653,0.026535,0.026745,0.017753,0.01777,0.01765,0.015437,0.019208
0.019978,0.021896,0.018894,0.017362,0.019102,0.02444,0.020675,0.018373,0.018204,0.018407,0.015827,0.019538
0.031234,0.03354,0.030994,0.02714,0.027668,0.028382,0.030143,0.026821,0.026646,0.027119,0.021901,0.026219
0.026115,0.027537,0.025384,0.027418,0.02332,0.025175,0.023203,0.024467,0.022934,0.022623,0.019027,0.022281
0.020365,0.020664,0.018466,0.020818,0.018671,0.022421,0.019609,0.025022,0.019301,0.018644,0.02186,0.017925
0.030116,0.031057,0.029318,0.02786,0.026364,0.027405,0.025411,0.031441,0.030843,0.026358,0.025322,0.024508
0.025251,0.02595,0.02425,0.02291,0.022362,0.022144,0.021551,0.029451,0.025798,0.022989,0.02288,0.020887
0.019701,0.020279,0.018,0.019027,0.018382,0.018199,0.017466,0.023919,0.024161,0.020992,0.019716,0.017195
0.019113,0.019388,0.01732,0.018441,0.017813,0.017598,0.016881,0.022374,0.021834,0.019123,0.017672,0.016997
0.024285,0.02512,0.02746,0.02148,0.021911,0.020819,0.019969,0.02457,0.023402,0.024079,0.020782,0.02444
0.023883,0.024634,0.034461,0.020903,0.021677,0.02028,0.019781,0.023096,0.022551,0.022474,0.01978,0.025721
0.019444,0.019679,0.027181,0.017085,0.017833,0.017301,0.016904,0.018935,0.019477,0.018681,0.016614,0.023657
0.029397,0.030678,0.037754,0.025016,0.026189,0.024327,0.023475,0.025897,0.025811,0.026287,0.021216,0.027418
0.027522,0.026081,0.030043,0.021684,0.026558,0.021185,0.020748,0.022403,0.022348,0.022665,0.018712,0.023584
0.025728,0.01955,0.023376,0.017253,0.026003,0.017496,0.01685,0.018109,0.018032,0.018238,0.015567,0.019174
0.022296,0.01937,0.023596,0.01703,0.027542,0.017153,0.016764,0.017821,0.017856,0.017764,0.015411,0.019301
0.026572,0.022612,0.023675,0.019025,0.028204,0.019089,0.018741,0.019684,0.019734,0.019719,0.016611,0.019903
0.023852,0.02063,0.019922,0.017862,0.025228,0.018056,0.018395,0.018654,0.01868,0.018641,0.015986,0.018387
0.021607,0.020756,0.018984,0.017362,0.022345,0.01884,0.026314,0.018174,0.018912,0.018124,0.015638,0.017731
0.038044,0.044912,0.036577,0.030131,0.034583,0.036558,0.030876,0.031562,0.035708,0.031594,0.024723,0.028893
0.030356,0.0331,0.027791,0.023906,0.028985,0.031091,0.028582,0.029439,0.02871,0.025003,0.020354,0.022698
0.021584,0.02703,0.019105,0.017887,0.021473,0.02767,0.020895,0.025164,0.024094,0.018672,0.016036,0.017662
0.020298,0.022976,0.017979,0.017223,0.019416,0.022816,0.019341,0.026171,0.022311,0.018287,0.015725,0.017221
0.019935,0.020878,0.017565,0.017244,0.018558,0.021411,0.019187,0.025322,0.020227,0.017672,0.020857,0.017965
0.020107,0.022233,0.021075,0.017638,0.018803,0.021791,0.018408,0.022524,0.019747,0.018044,0.021806,0.025428
0.019653,0.02089,0.030203,0.017176,0.018335,0.021405,0.017573,0.022524,0.019532,0.01775,0.020572,0.021832
0.033168,0.034737,0.039793,0.02786,0.029219,0.028073,0.026305,0.02948,0.028667,0.028302,0.026063,0.030837
0.027911,0.029128,0.03749,0.024264,0.0247,0.023869,0.022959,0.025421,0.024221,0.024697,0.021612,0.025866
0.019437,0.019538,0.024823,0.02311,0.017852,0.017346,0.017029,0.018813,0.018094,0.017729,0.018192,0.019486
0.021463,0.022,0.025565,0.021253,0.019633,0.018719,0.018277,0.019817,0.019583,0.019596,0.018728,0.020496
0.019701,0.019723,0.024152,0.021152,0.018133,0.017497,0.017167,0.018264,0.017958,0.017921,0.016637,0.019076
0.01958,0.019592,0.022227,0.019157,0.017953,0.017415,0.017242,0.018176,0.017988,0.0177,0.015952,0.018426
0.019662,0.019943,0.019684,0.019019,0.018352,0.017697,0.017334,0.018479,0.019037,0.018162,0.015942,0.01812
0.032054,0.033811,0.032376,0.027548,0.028442,0.02643,0.025676,0.027746,0.032834,0.027694,0.022536,0.025738
0.029422,0.026474,0.025117,0.022181,0.022972,0.021624,0.021339,0.022558,0.02621,0.022418,0.018608,0.021255
0.025597,0.020384,0.019003,0.017991,0.018761,0.017697,0.026057,0.02347,0.024321,0.018243,0.016103,0.017443
0.031524,0.030091,0.027887,0.024221,0.030517,0.023611,0.027295,0.030741,0.027849,0.025035,0.020515,0.023176
0.027563,0.024057,0.021866,0.020099,0.028687,0.01972,0.026216,0.028481,0.022628,0.021379,0.017523,0.019276
0.022675,0.020677,0.018654,0.017839,0.028587,0.018118,0.020991,0.02633,0.020053,0.020792,0.015931,0.022239
0.020999,0.019264,0.017252,0.017021,0.026033,0.020376,0.019102,0.021999,0.019353,0.019654,0.01533,0.023324
0.026852,0.025931,0.024442,0.021408,0.027807,0.03075,0.022592,0.026621,0.02265,0.02471,0.018419,0.027249
0.0248,0.024243,0.031645,0.020428,0.024932,0.028865,0.020236,0.023556,0.021108,0.022288,0.022375,0.02466
0.019949,0.024904,0.028941,0.016912,0.022781,0.02505,0.017309,0.019114,0.017879,0.018561,0.021751,0.019994
0.027562,0.033805,0.038038,0.023156,0.027508,0.026909,0.022089,0.024886,0.023808,0.025251,0.024356,0.024368
0.024363,0.030539,0.031367,0.020958,0.023626,0.02435,0.020317,0.022049,0.021688,0.022407,0.022074,0.02209
0.019799,0.023236,0.023462,0.017192,0.019028,0.021818,0.016928,0.018247,0.017742,0.018288,0.017631,0.018557
0.020282,0.021179,0.024086,0.0176,0.019026,0.021528,0.017669,0.018393,0.019159,0.018287,0.018732,0.018178
0.02407,0.025881,0.027949,0.020781,0.021923,0.021801,0.019956,0.021421,0.0274,0.021545,0.019896,0.020427
0.020202,0.021598,0.020931,0.017582,0.018774,0.018337,0.017521,0.018378,0.02237,0.018288,0.016911,0.017736
0.020461,0.021152,0.019325,0.017522,0.0187,0.018025,0.017418,0.018448,0.024414,0.01837,0.016253,0.017615
0.034061,0.035986,0.033749,0.028557,0.030115,0.027536,0.026966,0.029424,0.031505,0.029343,0.023463,0.027124
0.026669,0.02766,0.025791,0.023733,0.023993,0.022125,0.022062,0.028052,0.024943,0.023394,0.019235,0.021914
0.019785,0.020198,0.018461,0.023121,0.018506,0.017544,0.023984,0.024796,0.01992,0.018132,0.015643,0.018395
0.019905,0.02056,0.018507,0.02021,0.018687,0.017825,0.025321,0.02647,0.019782,0.018152,0.01609,0.025433
0.019219,0.019362,0.017446,0.02107,0.018002,0.017255,0.024231,0.025418,0.018452,0.017859,0.015447,0.021506
0.020775,0.020853,0.018683,0.020186,0.019131,0.018079,0.021837,0.023033,0.018817,0.018721,0.016048,0.024133
0.019264,0.019334,0.017095,0.018617,0.017824,0.017121,0.019341,0.022394,0.017827,0.018449,0.015315,0.020977
0.033961,0.034091,0.032906,0.027875,0.028434,0.026046,0.027327,0.029004,0.02722,0.029449,0.022288,0.027683
0.032706,0.028813,0.037546,0.023831,0.029085,0.022807,0.023099,0.025253,0.023859,0.025857,0.019992,0.02428
0.023129,0.019872,0.026909,0.017383,0.026167,0.017638,0.017649,0.019219,0.018026,0.020862,0.015519,0.019039
0.026132,0.021541,0.031778,0.018792,0.028864,0.019025,0.018306,0.019982,0.019116,0.020633,0.018596,0.019547
0.022583,0.019636,0.025223,0.017184,0.026604,0.025619,0.017066,0.018214,0.018183,0.018679,0.023935,0.017755
0.021134,0.01949,0.023387,0.017105,0.024269,0.025673,0.017003,0.017935,0.02234,0.018641,0.019961,0.017293
0.021962,0.020369,0.024083,0.017538,0.022738,0.027689,0.017351,0.018458,0.024794,0.01887,0.020421,0.017673
0.032953,0.033388,0.034711,0.026395,0.031698,0.030648,0.025285,0.027297,0.030382,0.027698,0.02403,0.025523
0.025256,0.031045,0.024544,0.020584,0.026257,0.024312,0.020071,0.021224,0.025736,0.021743,0.020115,0.02024
0.021139,0.024673,0.019642,0.018025,0.020963,0.022206,0.018003,0.018514,0.021134,0.018644,0.018951,0.018512
0.029908,0.034655,0.029238,0.025131,0.027087,0.028259,0.024137,0.026055,0.026902,0.025567,0.022378,0.030763
0.024511,0.027832,0.023613,0.020962,0.022627,0.022767,0.020357,0.027032,0.022887,0.021558,0.018716,0.024535
0.020203,0.020895,0.018702,0.017358,0.018885,0.018019,0.018568,0.025004,0.019135,0.018051,0.016276,0.023844
0.019177,0.021014,0.026432,0.016954,0.018067,0.017457,0.026879,0.026138,0.017979,0.01758,0.01551,0.020911
0.02532,0.027062,0.0348,0.022249,0.023122,0.021691,0.023559,0.02902,0.022452,0.022721,0.01852,0.02326
0.023388,0.024551,0.033891,0.024857,0.021254,0.020218,0.026049,0.02502,0.020781,0.02121,0.017614,0.021843
0.019473,0.01986,0.027064,0.019859,0.018503,0.01723,0.020129,0.022709,0.017898,0.018231,0.0156,0.019056
0.029798,0.031041,0.033799,0.027862,0.026774,0.024095,0.025474,0.027089,0.02522,0.026412,0.020658,0.024974
0.025973,0.027129,0.030005,0.02381,0.023568,0.021791,0.022499,0.023969,0.022574,0.025497,0.018704,0.021887
0.019323,0.019648,0.023743,0.018796,0.01808,0.017406,0.017857,0.018845,0.017893,0.019586,0.015601,0.017503
0.019486,0.01971,0.020556,0.018533,0.018144,0.017363,0.017439,0.018536,0.020279,0.020468,0.015484,0.017425
0.023604,0.023848,0.022925,0.02051,0.021077,0.019701,0.019859,0.02084,0.027695,0.021475,0.017625,0.019858
0.026354,0.021394,0.0203,0.018613,0.019474,0.023854,0.018228,0.019436,0.023134,0.019942,0.017975,0.018134
0.024547,0.020366,0.018736,0.017824,0.023776,0.027856,0.017435,0.01833,0.02383,0.019169,0.024346,0.017534
0.038356,0.036978,0.034623,0.02928,0.037839,0.036373,0.02776,0.030244,0.031681,0.03125,0.027185,0.032765
0.03158,0.028694,0.026964,0.023633,0.032391,0.028884,0.022465,0.024051,0.025466,0.024677,0.023899,0.026042
0.022076,0.02021,0.022552,0.017669,0.026436,0.021859,0.017385,0.018361,0.019979,0.018537,0.018992,0.024214
0.02171,0.020229,0.030794,0.017582,0.024296,0.021649,0.01764,0.018256,0.019533,0.018361,0.018486,0.021449
0.021347,0.019421,0.026633,0.017035,0.021967,0.021925,0.01819,0.021684,0.018225,0.017799,0.018632,0.019663
0.021796,0.020371,0.029284,0.017366,0.023789,0.020863,0.02737,0.025185,0.018452,0.018327,0.017558,0.019582
0.019931,0.021667,0.024077,0.01692,0.021991,0.018329,0.020464,0.025015,0.017712,0.017842,0.016167,0.019031
0.032475,0.04058,0.036434,0.026942,0.030033,0.026838,0.030708,0.034016,0.027618,0.028116,0.022531,0.027006
0.02831,0.033319,0.032665,0.023981,0.025659,0.023805,0.024913,0.029149,0.024806,0.02473,0.020056,0.023586
0.01924,0.024811,0.020845,0.017093,0.018482,0.017269,0.019131,0.022616,0.017434,0.017583,0.015529,0.017324
0.021515,0.024068,0.021189,0.018937,0.02017,0.019075,0.020435,0.022348,0.019429,0.019642,0.016814,0.018558
0.01976,0.021213,0.018835,0.017191,0.018645,0.017565,0.018138,0.019838,0.021233,0.018549,0.015833,0.017172
0.019502,0.021615,0.018082,0.017122,0.018428,0.017319,0.017439,0.018859,0.025099,0.020656,0.015524,0.017101
0.020048,0.021299,0.018913,0.018155,0.018888,0.017782,0.017724,0.01924,0.022636,0.020305,0.015779,0.018907
0.032678,0.034576,0.032805,0.030579,0.028995,0.027006,0.026722,0.028782,0.031673,0.030302,0.022655,0.032655
0.026224,0.027589,0.025875,0.025568,0.023621,0.022123,0.021866,0.023404,0.025121,0.024275,0.018864,0.025998
0.020067,0.020572,0.018342,0.021774,0.01861,0.017787,0.017586,0.018344,0.020434,0.01937,0.016032,0.023743
0.029209,0.030813,0.028377,0.026545,0.026143,0.02391,0.023657,0.02526,0.026529,0.026195,0.022711,0.026445
0.022881,0.023703,0.021258,0.021228,0.020858,0.023357,0.019342,0.020525,0.021231,0.021208,0.025637,0.021173
0.020679,0.020738,0.018825,0.019445,0.019163,0.027926,0.018067,0.018849,0.018959,0.018972,0.02034,0.020193
0.019982,0.019409,0.017177,0.0179,0.017952,0.026394,0.016938,0.017623,0.017813,0.017851,0.020145,0.018898
0.031671,0.027194,0.026503,0.022551,0.027864,0.029105,0.021681,0.023072,0.022857,0.023487,0.021498,0.0225
0.026243,0.023678,0.032936,0.019833,0.028826,0.024222,0.020047,0.025373,0.020421,0.020487,0.01978,0.020074
0.023854,0.019297,0.02693,0.017003,0.026842,0.021104,0.025821,0.024672,0.017724,0.017655,0.018562,0.017301
0.031232,0.029275,0.038634,0.023627,0.031919,0.027309,0.026204,0.031207,0.024306,0.024182,0.020987,0.022878
0.026051,0.025611,0.03076,0.021028,0.02746,0.024002,0.026802,0.0292,0.021999,0.02141,0.018524,0.020354
0.021695,0.020237,0.023899,0.017653,0.022773,0.019053,0.020638,0.022769,0.024402,0.01813,0.016128,0.017406
0.021531,0.019509,0.023362,0.017204,0.022606,0.017746,0.019242,0.023047,0.023156,0.01801,0.015571,0.016765
0.024895,0.02505,0.027141,0.020019,0.025543,0.020282,0.021644,0.02342,0.025971,0.021287,0.017795,0.024503
0.021256,0.028211,0.020795,0.017649,0.020861,0.018017,0.018562,0.02035,0.022805,0.019367,0.016044,0.023083
0.020375,0.023809,0.019232,0.017705,0.019679,0.017778,0.017688,0.019171,0.020585,0.021408,0.01585,0.024367
0.035322,0.040428,0.035318,0.02946,0.0314,0.028589,0.028024,0.030414,0.031085,0.032237,0.023928,0.030877
0.027736,0.03132,0.027188,0.024234,0.025154,0.023374,0.022818,0.024549,0.025157,0.026446,0.019646,0.024783
0.020517,0.021946,0.019014,0.023412,0.019441,0.017845,0.017934,0.018934,0.019357,0.01986,0.016136,0.019762
0.02058,0.02267,0.018979,0.020446,0.01931,0.017911,0.017907,0.018869,0.018991,0.019879,0.016065,0.019972
0.019533,0.02059,0.017376,0.020937,0.018013,0.017014,0.017001,0.017714,0.017925,0.018337,0.01539,0.018448
0.020628,0.021328,0.018717,0.02014,0.018897,0.01777,0.017837,0.018457,0.018712,0.019219,0.017658,0.018641
0.019438,0.019483,0.017552,0.018545,0.017871,0.017816,0.017091,0.017918,0.01755,0.017862,0.023958,0.017523
0.033242,0.034777,0.032456,0.028343,0.029125,0.03472,0.026308,0.031068,0.0282,0.028349,0.02616,0.02647
0.029405,0.030783,0.028776,0.025016,0.026068,0.031839,0.023862,0.03139,0.025504,0.025661,0.024656,0.023567
0.019405,0.019556,0.021927,0.017413,0.017838,0.027607,0.017012,0.025024,0.017797,0.017791,0.018707,0.017139
0.027721,0.02331,0.03328,0.019518,0.020924,0.024882,0.023002,0.027368,0.020226,0.020087,0.019768,0.019329
0.024523,0.020235,0.027136,0.017263,0.019329,0.02131,0.027516,0.023242,0.018001,0.018386,0.018919,0.01834
0.023512,0.019864,0.028962,0.017277,0.025527,0.021741,0.023554,0.02259,0.01802,0.018188,0.017253,0.024828
0.025025,0.020555,0.025327,0.018003,0.027261,0.022092,0.02307,0.021694,0.018281,0.018938,0.016703,0.021803
0.034987,0.035438,0.036946,0.027653,0.037326,0.028861,0.028126,0.029674,0.028132,0.02928,0.023517,0.031312
0.026251,0.026201,0.029685,0.021585,0.02931,0.021789,0.022302,0.023073,0.0221,0.022669,0.018987,0.024401
0.022633,0.020943,0.022971,0.017946,0.024313,0.018587,0.019249,0.019491,0.018571,0.019354,0.015995,0.019889
0.030528,0.03022,0.029165,0.02486,0.028244,0.024136,0.02427,0.025756,0.024958,0.02665,0.020455,0.025224
0.022989,0.022641,0.021448,0.020188,0.025346,0.019343,0.019202,0.020194,0.01951,0.022246,0.016934,0.020507
0.021136,0.024945,0.019844,0.023848,0.022661,0.018193,0.01816,0.01894,0.018987,0.021876,0.016117,0.019109
0.019642,0.026279,0.017632,0.019508,0.019398,0.017134,0.016896,0.017582,0.017505,0.019678,0.015287,0.017427
0.024886,0.029995,0.023754,0.024129,0.022834,0.020928,0.020502,0.021918,0.021539,0.023031,0.018445,0.020831
0.022513,0.027403,0.021224,0.021071,0.020902,0.019162,0.019142,0.020226,0.019783,0.021108,0.017166,0.018964
0.019476,0.02089,0.017613,0.018653,0.018597,0.017146,0.016972,0.017875,0.017649,0.018484,0.015485,0.01698
0.028719,0.030447,0.027591,0.024919,0.025053,0.023412,0.02307,0.025133,0.024389,0.025343,0.02005,0.022939
0.025041,0.026852,0.025943,0.021716,0.022338,0.020904,0.020355,0.027163,0.021758,0.022095,0.021494,0.025314
0.019299,0.020195,0.02989,0.017179,0.018025,0.017192,0.017192,0.024241,0.017537,0.017967,0.023188,0.02248
0.019313,0.020125,0.026322,0.022614,0.018056,0.021653,0.023641,0.025992,0.017673,0.018046,0.021267,0.024538
4.4861,4.3329,3.6206,4.8579,4.6964,4.9645,4.9897,4.8276,4.8816,4.84,5.2318,4.9289
0,0,0,0,0,0,0,0,0,0,0,0
0,0,0,0,0,0,0,0,0,0,0,0
0,0,0,0,0,0,0,0,0,0,0,0
0,0,0,0,0,0,0,0,0,0,0,0
0,0,0,0,0,0,0,0,0,0,0,0
0,0,0,0,0,0,0,0,0,0,0,0
0,0,0,0,0,0,0,0,0,0,0,0
0,0,0,0,0,0,0,0,0,0,0,0
0,0,0,0,0,0,0,0,0,0,0,0
0,0,0,0,0,0,4.4433,0,1.9908,0,4.6744,0
4.4924,4.3335,3.6255,4.8678,4.6888,0,0.49679,1.9717,2.8175,2.5344,0.48962,4.9322
0.019768,0.023328,0.030188,0.018629,0.021355,4.9678,0.019505,2.7729,0.017941,2.2577,0.015509,0.022397
0.023195,0.030549,0.03168,0.020601,0.022545,0.019654,0.028834,0.02231,0.020388,0.020928,0.017333,0.025648
0.0217,0.02646,0.029973,0.018943,0.020315,0.01886,0.022587,0.025912,0.019018,0.019895,0.016373,0.022527
0.019444,0.024409,0.024233,0.017248,0.018824,0.017156,0.023366,0.02487,0.017887,0.017829,0.016245,0.01998
0.019605,0.020943,0.023303,0.01744,0.018568,0.017313,0.019749,0.026419,0.018091,0.018057,0.022842,0.019545
0.033624,0.036059,0.037811,0.027768,0.029667,0.027391,0.02796,0.03333,0.028677,0.02872,0.02554,0.028313
0.027066,0.029029,0.02916,0.022872,0.024023,0.024225,0.022914,0.027276,0.025351,0.023674,0.023638,0.023013
0.020772,0.021372,0.019916,0.017632,0.018794,0.027052,0.018216,0.02202,0.025556,0.018323,0.019944,0.018356
0.037347,0.034715,0.033226,0.027432,0.028579,0.033547,0.026474,0.028821,0.031139,0.02818,0.02456,0.026397
0.028545,0.026408,0.025073,0.021707,0.022731,0.029717,0.021485,0.023057,0.027247,0.023069,0.021304,0.021287
0.025322,0.021171,0.019722,0.018235,0.019096,0.023271,0.018088,0.019834,0.021919,0.021117,0.018348,0.018135
0.023211,0.019358,0.017302,0.017117,0.017697,0.021131,0.016999,0.018207,0.019577,0.019572,0.016214,0.016905
0.025633,0.024761,0.022859,0.023912,0.021569,0.02488,0.020289,0.021388,0.022906,0.023776,0.018411,0.02252
0.023997,0.023399,0.021616,0.023815,0.020587,0.023353,0.019367,0.020362,0.021125,0.021977,0.017407,0.026139
0.02111,0.019354,0.02017,0.021168,0.018084,0.018867,0.016861,0.017691,0.018203,0.018455,0.015437,0.022712
0.031246,0.031758,0.039389,0.027515,0.032047,0.025363,0.024639,0.025906,0.026177,0.026701,0.021866,0.028676
0.026425,0.026872,0.033006,0.023264,0.030628,0.021903,0.021871,0.022668,0.022896,0.023249,0.018951,0.024691
0.020136,0.020078,0.030137,0.018801,0.026981,0.017965,0.026021,0.018532,0.018346,0.018599,0.015709,0.019502
0.019437,0.019221,0.024733,0.01779,0.025125,0.01726,0.021954,0.023346,0.017608,0.017833,0.015403,0.018943
0.02111,0.021592,0.02499,0.019102,0.024296,0.018357,0.024944,0.025934,0.018931,0.018943,0.01674,0.019925
0.019942,0.02314,0.024194,0.018017,0.021738,0.01772,0.020948,0.026283,0.018176,0.01843,0.015933,0.018441
0.020807,0.028716,0.023245,0.018048,0.023722,0.017944,0.019688,0.026763,0.019223,0.018657,0.016051,0.018437
0.037109,0.042169,0.037355,0.03082,0.034906,0.029569,0.030236,0.034051,0.035167,0.031444,0.024884,0.029004
0.027728,0.033074,0.027535,0.023475,0.026039,0.023103,0.022695,0.028139,0.028296,0.024468,0.020301,0.022697
0.020748,0.022611,0.019575,0.018085,0.019971,0.018027,0.018334,0.021427,0.024665,0.019093,0.023479,0.017887
0.023456,0.024083,0.021245,0.019431,0.020739,0.01956,0.019171,0.020957,0.024123,0.020292,0.021388,0.018779
0.025293,0.020944,0.017471,0.016941,0.018254,0.021787,0.017015,0.018784,0.020046,0.018231,0.020614,0.017435
0.023521,0.021253,0.018613,0.017711,0.018847,0.027863,0.017552,0.01934,0.020283,0.020864,0.019487,0.025057
0.023869,0.019611,0.017111,0.016881,0.018216,0.026887,0.017014,0.018056,0.019572,0.019382,0.017816,0.021332
0.034311,0.033048,0.030317,0.02626,0.027571,0.031432,0.024939,0.027605,0.027178,0.02925,0.02443,0.030108
0.029995,0.030116,0.028049,0.024237,0.02547,0.027324,0.023211,0.025397,0.024972,0.026132,0.021876,0.026681
0.021149,0.0196,0.026321,0.017967,0.018064,0.021234,0.017209,0.01807,0.017963,0.018568,0.016244,0.019354
0.027467,0.026305,0.034637,0.026724,0.022968,0.025848,0.021135,0.022486,0.022051,0.023243,0.019152,0.023244
0.022193,0.021527,0.031292,0.020539,0.019315,0.021435,0.018293,0.018968,0.018757,0.019412,0.016697,0.019905
0.020277,0.019837,0.027565,0.021532,0.018312,0.018664,0.020322,0.018571,0.018097,0.018197,0.015842,0.018502
0.020106,0.019659,0.024327,0.019597,0.018357,0.018106,0.027397,0.023407,0.017847,0.018115,0.015691,0.017604
0.02927,0.030064,0.032568,0.025816,0.029292,0.024345,0.027304,0.031259,0.025114,0.025386,0.020638,0.023429
0.024107,0.024638,0.028128,0.021603,0.029437,0.020754,0.025301,0.028904,0.024402,0.021398,0.017963,0.020156
0.020119,0.020354,0.021568,0.018113,0.027131,0.017855,0.019791,0.026674,0.025297,0.018358,0.015752,0.017558
0.031939,0.033042,0.031927,0.026595,0.034377,0.025657,0.026895,0.030217,0.030134,0.027273,0.022127,0.026125
0.025111,0.027359,0.02506,0.021508,0.028486,0.021368,0.022019,0.026608,0.026913,0.022477,0.018824,0.027873
0.020719,0.028649,0.019026,0.017787,0.023166,0.017896,0.018245,0.021364,0.02151,0.01865,0.015891,0.022376
0.019293,0.022909,0.017577,0.017054,0.022816,0.017181,0.017353,0.018763,0.01937,0.018208,0.01533,0.023121
0.023507,0.028673,0.02203,0.020011,0.025624,0.020028,0.019696,0.02148,0.022375,0.022486,0.017415,0.023341
0.026951,0.023377,0.020611,0.018469,0.021846,0.018545,0.018278,0.019789,0.020258,0.021309,0.019222,0.020246
0.023679,0.020705,0.027509,0.016962,0.019224,0.016978,0.016987,0.018356,0.018257,0.020484,0.023437,0.019171
0.031231,0.030985,0.036968,0.023746,0.02608,0.023173,0.02296,0.025058,0.024307,0.026004,0.024394,0.024493
0.028454,0.026365,0.03499,0.020968,0.022534,0.022297,0.020487,0.021837,0.021649,0.022658,0.022758,0.02152
0.021966,0.020486,0.026801,0.017316,0.018431,0.026712,0.017243,0.018104,0.018121,0.018993,0.018572,0.017876
0.020802,0.019424,0.023439,0.017028,0.018127,0.025674,0.016897,0.017716,0.017612,0.018497,0.018353,0.017209
0.022257,0.020573,0.024288,0.018478,0.01896,0.027752,0.018578,0.018599,0.018184,0.018863,0.019055,0.017678
0.020968,0.019466,0.02338,0.022633,0.018098,0.022717,0.026394,0.018561,0.01758,0.01793,0.01666,0.016887
0.020546,0.020205,0.02095,0.019643,0.01839,0.021688,0.02102,0.024036,0.018854,0.01817,0.016325,0.019022
0.034637,0.03586,0.03447,0.030898,0.029753,0.031511,0.032171,0.034948,0.033789,0.029287,0.023697,0.033046
0.028128,0.029219,0.02786,0.025562,0.024878,0.026692,0.025117,0.031731,0.028013,0.024615,0.020186,0.027008
0.020096,0.020059,0.018653,0.019024,0.018477,0.019295,0.019402,0.025863,0.024153,0.017995,0.015898,0.023358
0.022495,0.022901,0.021224,0.020355,0.02036,0.019882,0.020878,0.024279,0.023985,0.020476,0.017343,0.02265
0.019687,0.020178,0.021393,0.017974,0.018683,0.018025,0.018169,0.022943,0.020369,0.018208,0.015695,0.019399
0.019501,0.019809,0.030579,0.017457,0.023297,0.017781,0.017676,0.020653,0.019746,0.017898,0.015555,0.019355
0.01947,0.01961,0.026059,0.01726,0.025761,0.017267,0.017293,0.019131,0.019491,0.01764,0.015454,0.018796
0.028875,0.035631,0.037993,0.02417,0.033179,0.023806,0.023651,0.02554,0.025435,0.024993,0.020452,0.024314
0.027335,0.031042,0.03149,0.021848,0.030338,0.021696,0.021393,0.023068,0.022825,0.022892,0.018849,0.022202
0.025763,0.02516,0.023345,0.016822,0.023401,0.0172,0.016889,0.018093,0.017651,0.019261,0.015341,0.017209
0.025273,0.026562,0.026927,0.019362,0.024469,0.019414,0.019223,0.020583,0.02014,0.022344,0.0171,0.019543
0.027398,0.024233,0.025178,0.019607,0.025224,0.019529,0.019264,0.020555,0.020128,0.022817,0.018885,0.019287
0.022843,0.021228,0.019098,0.016956,0.022205,0.017127,0.016918,0.017922,0.017419,0.019673,0.024191,0.016837
0.021503,0.021351,0.018775,0.017217,0.020652,0.017565,0.017235,0.018197,0.017967,0.019062,0.019874,0.019465
0.028262,0.028244,0.026709,0.023081,0.025571,0.023669,0.022223,0.023636,0.023536,0.024263,0.023691,0.029216
0.024539,0.023487,0.021915,0.019751,0.021347,0.028417,0.019185,0.020152,0.023206,0.020943,0.01994,0.024116
0.020698,0.019864,0.017854,0.020731,0.018689,0.025594,0.017036,0.020468,0.025141,0.018507,0.018217,0.023165
0.033213,0.034298,0.03228,0.030803,0.028815,0.035108,0.026238,0.034105,0.031098,0.02835,0.025359,0.02892
0.026654,0.02732,0.025668,0.025619,0.023766,0.026935,0.026336,0.028981,0.027703,0.023305,0.020487,0.023402
0.020257,0.020278,0.024585,0.020656,0.019046,0.021699,0.026819,0.026694,0.021494,0.018628,0.016609,0.019788
0.019362,0.019018,0.029549,0.018671,0.018102,0.021331,0.023521,0.023714,0.019345,0.01772,0.015736,0.018769
0.02207,0.022528,0.031154,0.020646,0.020208,0.022703,0.023341,0.024012,0.021442,0.019935,0.017009,0.019806
0.021515,0.020993,0.029963,0.019435,0.019404,0.020082,0.020166,0.022509,0.020175,0.018982,0.016333,0.019011
0.019284,0.019142,0.023762,0.01751,0.018094,0.017905,0.019115,0.019933,0.018432,0.017749,0.015372,0.017098
0.030013,0.030889,0.034155,0.024987,0.026567,0.024889,0.025469,0.026488,0.025506,0.025956,0.021319,0.024131
0.02634,0.027422,0.0312,0.022777,0.023769,0.022131,0.021874,0.023491,0.023008,0.023538,0.019256,0.021774
0.01952,0.01957,0.021154,0.016874,0.018072,0.017399,0.017209,0.018376,0.017693,0.02,0.015433,0.016847
0.022577,0.019196,0.018604,0.016838,0.023542,0.017202,0.016853,0.018024,0.017752,0.01927,0.015308,0.022749
0.025469,0.01967,0.018478,0.017016,0.02601,0.017355,0.017136,0.017954,0.017757,0.020618,0.015589,0.02253
0.022904,0.024192,0.018513,0.017146,0.026265,0.017279,0.017167,0.01818,0.017705,0.019393,0.015339,0.023997
0.025201,0.02715,0.018447,0.017382,0.025869,0.017629,0.01758,0.018475,0.018254,0.019264,0.015706,0.021903
0.038161,0.041255,0.035551,0.029856,0.035301,0.028717,0.028704,0.030418,0.030847,0.031817,0.024644,0.030418
0.029076,0.032826,0.027476,0.023313,0.027511,0.023045,0.022744,0.024176,0.029703,0.025044,0.019996,0.024634
0.022005,0.021554,0.026703,0.017535,0.023825,0.017789,0.01748,0.020189,0.021792,0.018704,0.015852,0.019511
0.026183,0.026957,0.033955,0.021566,0.025389,0.025397,0.020618,0.028175,0.026953,0.022154,0.018218,0.021801
0.021091,0.022293,0.030612,0.022251,0.020933,0.027415,0.017501,0.024806,0.022259,0.018754,0.01609,0.01823
0.020803,0.021356,0.028175,0.020937,0.0198,0.027318,0.017762,0.026943,0.020668,0.018964,0.017362,0.018106
0.019552,0.019496,0.023805,0.021113,0.018537,0.02425,0.016886,0.02408,0.019555,0.017604,0.024576,0.016905
0.028941,0.030138,0.032452,0.02646,0.02565,0.027026,0.026105,0.028334,0.02609,0.024928,0.024505,0.023526
0.026803,0.028084,0.031226,0.024384,0.02456,0.025731,0.03146,0.026726,0.023768,0.023578,0.023768,0.022436
0.019295,0.019491,0.020617,0.018615,0.018271,0.022011,0.02305,0.019898,0.017916,0.017988,0.018407,0.017199
0.026247,0.027497,0.026491,0.023131,0.023977,0.025123,0.026286,0.024082,0.023234,0.024304,0.021687,0.028388
0.022889,0.023722,0.022734,0.02028,0.021123,0.020723,0.021527,0.021674,0.020393,0.022633,0.020413,0.023241
0.019662,0.019673,0.01823,0.017055,0.01824,0.017798,0.019337,0.018379,0.017871,0.020489,0.017008,0.023948
0.019714,0.019693,0.018359,0.017371,0.018327,0.017778,0.018842,0.018334,0.017887,0.020036,0.016167,0.021008
0.026328,0.027326,0.025651,0.022493,0.023565,0.022004,0.022335,0.023257,0.022721,0.023859,0.019241,0.023719
0.026966,0.022407,0.023862,0.019156,0.020262,0.018898,0.018884,0.019885,0.019528,0.020394,0.016957,0.020603
0.024438,0.020213,0.030746,0.017214,0.018256,0.017633,0.017598,0.018431,0.018001,0.018889,0.015806,0.019352
0.037043,0.036506,0.041946,0.028688,0.031414,0.02774,0.027773,0.02957,0.030895,0.030284,0.023668,0.028003
0.030491,0.027605,0.036274,0.022726,0.030744,0.022206,0.022152,0.023139,0.029064,0.023854,0.019211,0.022421
0.02265,0.020995,0.026194,0.017793,0.027364,0.017853,0.017618,0.022579,0.022612,0.018509,0.015971,0.017998
0.021033,0.026428,0.023573,0.01754,0.025984,0.017119,0.016922,0.024569,0.023399,0.01751,0.015439,0.016819
0.022931,0.025123,0.025195,0.023286,0.025615,0.021616,0.017828,0.025816,0.021744,0.018823,0.016225,0.017872
0.02221,0.027098,0.02332,0.020214,0.023644,0.027788,0.0179,0.027024,0.020505,0.018733,0.016064,0.017945
0.01991,0.022473,0.018891,0.021025,0.02157,0.026333,0.019831,0.022641,0.019718,0.01753,0.015324,0.021158
0.031406,0.033456,0.031043,0.02754,0.031462,0.032049,0.033452,0.030901,0.027858,0.02719,0.021791,0.030538
0.02658,0.028534,0.025777,0.023412,0.025996,0.025745,0.025783,0.025531,0.023474,0.023353,0.019029,0.026885
0.019707,0.020723,0.018088,0.018335,0.019667,0.021191,0.023022,0.0196,0.018077,0.018386,0.015614,0.022234
0.019713,0.019897,0.017977,0.017892,0.019189,0.02225,0.019741,0.018754,0.017829,0.02023,0.015484,0.02036
0.019679,0.019868,0.017696,0.017364,0.018629,0.020744,0.019357,0.018628,0.017848,0.019713,0.017979,0.019096
0.01962,0.019827,0.018154,0.017204,0.0187,0.018708,0.01892,0.018423,0.018088,0.02053,0.024547,0.019292
0.021008,0.021045,0.01947,0.018389,0.019329,0.018473,0.018396,0.019231,0.019163,0.020132,0.021794,0.019325
0.033503,0.035137,0.038893,0.027869,0.029305,0.02721,0.027138,0.029147,0.030872,0.029309,0.026708,0.027262
0.02621,0.027704,0.03598,0.022598,0.02388,0.022275,0.022245,0.02359,0.029264,0.024371,0.021603,0.022403
0.020144,0.020482,0.030288,0.017557,0.018685,0.017602,0.017733,0.018532,0.022661,0.01905,0.018818,0.017404
0.026453,0.024212,0.031882,0.020274,0.021405,0.020116,0.019948,0.021228,0.025763,0.021643,0.020882,0.019726
0.02608,0.020051,0.02492,0.017365,0.018587,0.017959,0.017642,0.020113,0.02121,0.018657,0.017141,0.017302
0.023278,0.019999,0.024163,0.017437,0.018636,0.017456,0.017287,0.025159,0.019973,0.018568,0.016452,0.020716
0.024411,0.019235,0.023279,0.017055,0.017945,0.017196,0.016934,0.024501,0.019506,0.017825,0.015806,0.024118
0.031186,0.029934,0.030368,0.024341,0.025434,0.02369,0.023551,0.03144,0.025502,0.025292,0.02045,0.028147
0.025918,0.025143,0.024619,0.020779,0.024327,0.020861,0.028994,0.027628,0.02175,0.021755,0.018002,0.025106
0.021207,0.019513,0.018217,0.0176,0.026122,0.017383,0.021356,0.022284,0.017779,0.017898,0.01544,0.020443
0.02828,0.029284,0.026478,0.026033,0.03207,0.028049,0.028345,0.026665,0.023667,0.024212,0.019642,0.023963
0.02518,0.031754,0.023687,0.025227,0.029473,0.029651,0.023256,0.023883,0.021694,0.023776,0.018118,0.022344
0.019468,0.023048,0.017429,0.021135,0.024385,0.027065,0.019107,0.018503,0.017544,0.019334,0.015441,0.018512
0.021314,0.027582,0.019458,0.021318,0.023774,0.025097,0.020132,0.019818,0.019502,0.021548,0.01635,0.019207
0.026231,0.030074,0.025391,0.023758,0.026336,0.025322,0.022905,0.023433,0.025443,0.024547,0.019324,0.022038
0.021228,0.022515,0.019737,0.01969,0.024291,0.022011,0.018557,0.019449,0.02584,0.019881,0.016269,0.018404
0.020065,0.021615,0.018711,0.01824,0.02107,0.022045,0.017407,0.018164,0.022444,0.01884,0.015778,0.017101
0.033685,0.035626,0.039845,0.028071,0.030977,0.029508,0.026542,0.028646,0.032178,0.028778,0.02297,0.026431
0.029467,0.030717,0.037997,0.025104,0.026613,0.025113,0.023458,0.024885,0.027246,0.02577,0.020804,0.023381
0.020016,0.020312,0.030879,0.017415,0.01901,0.018124,0.017493,0.018511,0.020279,0.018583,0.015649,0.018723
0.019399,0.019729,0.027155,0.017098,0.018495,0.017787,0.017168,0.018105,0.019779,0.018159,0.01538,0.025071
0.020058,0.020065,0.023987,0.017185,0.018665,0.01795,0.017333,0.021469,0.019177,0.018185,0.015567,0.022064
0.020775,0.020993,0.024932,0.017795,0.019295,0.018287,0.017828,0.025316,0.018964,0.018654,0.015843,0.024053
0.019374,0.019509,0.023114,0.01694,0.017938,0.017272,0.01698,0.024702,0.017625,0.017762,0.015203,0.021015
0.034387,0.033239,0.033052,0.026028,0.028042,0.025822,0.026965,0.033205,0.027016,0.027605,0.021808,0.027308
0.033661,0.029623,0.028908,0.023768,0.025239,0.023425,0.032238,0.028983,0.024691,0.027178,0.020137,0.02488
0.022785,0.019484,0.018168,0.016965,0.018062,0.017272,0.022623,0.02259,0.017786,0.019738,0.015374,0.01896
0.024783,0.02002,0.018269,0.017297,0.018292,0.017373,0.022965,0.021326,0.018708,0.020262,0.015641,0.018197
0.022087,0.01931,0.017174,0.016931,0.018015,0.017183,0.019207,0.019651,0.023215,0.018528,0.015415,0.017385
0.021292,0.019863,0.01775,0.017354,0.018473,0.023532,0.019179,0.019078,0.023284,0.018729,0.015573,0.017506
0.022307,0.020479,0.018692,0.019166,0.021949,0.027673,0.019182,0.019667,0.024107,0.019233,0.015955,0.017716
0.038928,0.040085,0.03768,0.035065,0.039391,0.038864,0.030394,0.032707,0.035077,0.033005,0.025493,0.029611
0.030044,0.030817,0.032278,0.027031,0.03291,0.029541,0.023983,0.025585,0.027133,0.025578,0.020771,0.023393
0.020271,0.025799,0.030817,0.021236,0.026693,0.021971,0.017417,0.018421,0.019596,0.018423,0.015408,0.017503
0.026478,0.032184,0.034098,0.02424,0.029005,0.025399,0.021787,0.023211,0.024296,0.023763,0.019001,0.028066
0.021374,0.027297,0.030976,0.020187,0.02342,0.022601,0.018527,0.01935,0.019881,0.019282,0.021834,0.022596
0.020708,0.024766,0.025773,0.019073,0.02265,0.020451,0.01796,0.018734,0.018754,0.018591,0.022294,0.02461
0.019356,0.020561,0.023221,0.017414,0.023026,0.018365,0.017008,0.018018,0.017737,0.017602,0.020819,0.02104
0.028512,0.030605,0.032959,0.024122,0.027336,0.023709,0.022956,0.029882,0.024523,0.024991,0.023754,0.025467
0.025793,0.027714,0.0286,0.022084,0.023759,0.021777,0.021327,0.028552,0.022105,0.02275,0.020532,0.023219
0.019227,0.019884,0.018597,0.016966,0.018829,0.017297,0.02093,0.026017,0.017409,0.017894,0.018515,0.019
0.027096,0.028339,0.026403,0.022862,0.024846,0.022623,0.031209,0.030256,0.023352,0.024285,0.021376,0.023014
0.023976,0.024597,0.022977,0.020589,0.02226,0.020454,0.025663,0.024933,0.022088,0.023018,0.018656,0.020508
0.020212,0.020023,0.017995,0.017242,0.018527,0.017627,0.022518,0.02248,0.024464,0.01991,0.015933,0.017504
0.025079,0.019831,0.017702,0.017228,0.018118,0.017149,0.019526,0.020317,0.021988,0.020692,0.015642,0.017037
0.028767,0.025473,0.025603,0.020932,0.022143,0.020727,0.022803,0.022775,0.027051,0.023415,0.018486,0.020469
0.025102,0.021718,0.031574,0.018145,0.019483,0.018506,0.019433,0.020166,0.022838,0.019813,0.016425,0.018029
0.024736,0.020609,0.027376,0.01763,0.018567,0.017713,0.018009,0.018965,0.020378,0.019219,0.01599,0.017501
0.035453,0.036004,0.043394,0.028303,0.030015,0.027526,0.027203,0.029653,0.029823,0.029742,0.023234,0.027316
0.02857,0.028489,0.032512,0.025307,0.024545,0.022909,0.022482,0.023743,0.024535,0.023945,0.01958,0.026235
0.021827,0.019716,0.02408,0.023368,0.018224,0.023784,0.017188,0.018447,0.018928,0.018521,0.015416,0.023566
0.021008,0.019326,0.023768,0.021004,0.018085,0.026954,0.016991,0.017941,0.018093,0.018118,0.015347,0.023787
0.020589,0.019888,0.022128,0.020622,0.023593,0.027665,0.017278,0.018191,0.017944,0.018029,0.015523,0.021918
0.020555,0.021937,0.020253,0.019458,0.026422,0.024652,0.017822,0.018738,0.018327,0.018655,0.015722,0.020809
0.019353,0.027557,0.017969,0.018558,0.026202,0.021294,0.016957,0.017991,0.017576,0.017719,0.015212,0.018992
0.033486,0.037799,0.033021,0.028433,0.034937,0.029949,0.027205,0.033165,0.028193,0.028677,0.02298,0.028424
0.029578,0.03569,0.028714,0.02503,0.03091,0.027986,0.031124,0.030755,0.025198,0.025795,0.020431,0.024822
0.020217,0.022564,0.018457,0.017951,0.021708,0.020664,0.023081,0.026376,0.019549,0.019159,0.015873,0.018327
0.020441,0.021807,0.018442,0.017787,0.023064,0.019122,0.02466,0.026391,0.025092,0.021048,0.015841,0.017975
0.019403,0.021216,0.017454,0.016839,0.022102,0.017653,0.020756,0.021703,0.021599,0.01921,0.015285,0.017097
0.019909,0.02099,0.017999,0.0173,0.02052,0.017906,0.019336,0.022833,0.024015,0.020738,0.01568,0.017277
0.021001,0.021422,0.018733,0.018196,0.019848,0.018434,0.019656,0.021573,0.022288,0.020221,0.016166,0.017863
0.040496,0.040084,0.037984,0.031792,0.032848,0.030684,0.030639,0.032493,0.033075,0.032786,0.025901,0.030202
4.5199,4.3674,3.6529,4.8924,4.7234,4.9914,5.0217,4.8543,4.9085,4.8691,5.2571,4.9567
0,0,0,0,0,0,0,0,0,0,0,0
0,0,0,0,0,0,0,0,0,0,0,0
0,0,0,0,0,0,0,0,0,0,0,0
0,0,0,0,0,0,0,0,0,0,0,0
0,0,0,0,0,0,0,0,0,0,0,0
0,0,0,0,0,0,0,0,0,0,0,0
0,0,0,0,0,0,0,0,0,0,0,0
0,0,0,0,0,0,0,0,0,0,0,0
0,0,0,0,0,0,0,0,0,0,0,0
0,0,0,0,0,0,0,0,0,0,0,0
3.0798,1.2725,3.6269,4.8681,4.6922,0,4.9961,0,4.8745,0,5.2212,4.9355
1.3667,2.9768,0.018997,0.019744,0.02693,4.9632,0.023236,4.8242,0.021008,4.8151,0.0162,0.017556
0.026109,0.029895,0.025309,0.02349,0.030841,0.024334,0.023793,0.026197,0.024039,0.02314,0.019113,0.021054
0.021384,0.027159,0.028109,0.019287,0.026633,0.019852,0.01979,0.023594,0.020562,0.020355,0.016137,0.017768
0.020433,0.023459,0.0295,0.018293,0.024426,0.018214,0.019261,0.021025,0.019182,0.019152,0.016059,0.017531
0.033507,0.034998,0.04255,0.02755,0.031756,0.026971,0.026528,0.0289,0.028233,0.029494,0.022511,0.029284
0.025955,0.028229,0.033826,0.022264,0.02765,0.022076,0.021691,0.023596,0.022883,0.022989,0.018921,0.02732
0.020053,0.021364,0.024546,0.017431,0.022645,0.017706,0.017436,0.018722,0.018163,0.018812,0.015494,0.023461
0.022049,0.019783,0.023684,0.016781,0.019879,0.017162,0.017087,0.018031,0.017621,0.017931,0.01537,0.021959
0.026496,0.020819,0.024661,0.017881,0.019848,0.018132,0.017755,0.018831,0.018445,0.01876,0.015847,0.020964
0.023482,0.020843,0.021852,0.017893,0.019434,0.018296,0.017698,0.018981,0.01916,0.018826,0.015897,0.019842
0.024461,0.019559,0.018413,0.017028,0.01859,0.023663,0.016883,0.017815,0.024545,0.017928,0.015195,0.019273
0.031224,0.030179,0.028501,0.024455,0.025954,0.032378,0.023184,0.025128,0.027721,0.025365,0.0206,0.024588
0.029179,0.029584,0.02775,0.02431,0.025546,0.032618,0.022742,0.024774,0.029749,0.024325,0.020231,0.023818
0.021337,0.019209,0.01763,0.016886,0.017847,0.023776,0.016858,0.018288,0.021372,0.018117,0.015209,0.017351
0.021097,0.019218,0.017285,0.017336,0.01785,0.021239,0.020287,0.024123,0.019718,0.019039,0.015248,0.016876
0.020484,0.019271,0.017282,0.02037,0.017814,0.02142,0.027394,0.024208,0.019282,0.02028,0.015332,0.01664
0.020177,0.020044,0.019781,0.022204,0.018342,0.021839,0.023167,0.026574,0.019441,0.020702,0.015551,0.017237
0.019912,0.019321,0.029007,0.021251,0.017883,0.019397,0.022719,0.024947,0.018276,0.019938,0.015313,0.016821
0.03519,0.036533,0.042845,0.030784,0.030682,0.029027,0.028951,0.033144,0.029448,0.030935,0.023801,0.028518
0.030254,0.031663,0.040071,0.026538,0.026579,0.025133,0.025311,0.029363,0.026223,0.026754,0.021066,0.030524
0.020239,0.023693,0.026451,0.01903,0.018716,0.018109,0.0189,0.020901,0.018704,0.019237,0.015868,0.022131
0.026493,0.034674,0.030631,0.023268,0.024465,0.022064,0.022283,0.02372,0.022781,0.023304,0.019127,0.026809
0.021749,0.026392,0.025751,0.019203,0.027096,0.018937,0.018711,0.020119,0.019346,0.019608,0.01633,0.022409
0.019664,0.024924,0.022813,0.017598,0.026842,0.017804,0.017451,0.018819,0.017958,0.018368,0.015743,0.019573
0.019109,0.020581,0.019357,0.017002,0.026521,0.017161,0.016992,0.018028,0.017595,0.017621,0.015209,0.01911
0.03008,0.032405,0.030199,0.025397,0.032262,0.024746,0.024339,0.026331,0.025741,0.026251,0.021347,0.026034
0.029165,0.029443,0.026796,0.023122,0.028416,0.022425,0.022461,0.023768,0.02352,0.023882,0.019634,0.023375
0.025383,0.020405,0.019489,0.016861,0.021603,0.017245,0.016903,0.017611,0.017573,0.017446,0.015351,0.017319
0.028664,0.027504,0.034985,0.022124,0.027619,0.024895,0.021571,0.023124,0.023189,0.022947,0.018854,0.021695
0.028794,0.025041,0.03177,0.020669,0.024818,0.029914,0.020198,0.021833,0.026117,0.021799,0.017851,0.020142
0.022664,0.019596,0.029967,0.017174,0.019893,0.026277,0.017699,0.024315,0.023586,0.019445,0.015518,0.01716
0.021858,0.02003,0.026135,0.017759,0.01935,0.025402,0.02574,0.024496,0.023751,0.020318,0.015592,0.017238
0.029661,0.029051,0.032711,0.02373,0.025722,0.027078,0.026757,0.030909,0.028476,0.026545,0.02001,0.022537
0.024757,0.023161,0.027255,0.019601,0.02123,0.023119,0.026162,0.026983,0.022487,0.022246,0.017022,0.022445
0.021004,0.02013,0.022652,0.01748,0.019099,0.022316,0.020949,0.022711,0.020054,0.019395,0.015718,0.024578
0.035471,0.036709,0.035601,0.028716,0.030925,0.030565,0.029045,0.032493,0.031079,0.030512,0.023793,0.032577
0.0272,0.027851,0.026714,0.022805,0.024307,0.023783,0.02313,0.025719,0.024189,0.02467,0.019222,0.026813
0.020555,0.020545,0.019307,0.017765,0.01887,0.018269,0.018782,0.019761,0.018725,0.019118,0.015703,0.020926
0.019292,0.019251,0.017619,0.01692,0.017774,0.017355,0.017494,0.018732,0.017808,0.018,0.015241,0.019016
0.020839,0.021791,0.019018,0.017844,0.019013,0.018367,0.018164,0.019247,0.018619,0.018886,0.016096,0.019969
0.020772,0.027903,0.018775,0.017736,0.01863,0.018,0.017575,0.018874,0.018688,0.018785,0.015962,0.019307
0.01965,0.023287,0.018306,0.016995,0.017771,0.017295,0.016897,0.017902,0.018194,0.017709,0.015284,0.017832
0.032021,0.037237,0.038692,0.026642,0.028042,0.025901,0.025577,0.027571,0.03192,0.02773,0.022394,0.026094
0.027829,0.031731,0.036277,0.023722,0.025276,0.023274,0.022499,0.024423,0.028367,0.024702,0.019964,0.023074
0.019487,0.020827,0.029714,0.019615,0.025108,0.017227,0.017211,0.018183,0.023851,0.018341,0.015609,0.01699
0.019517,0.02128,0.026812,0.022871,0.026292,0.017221,0.017218,0.018109,0.021937,0.018738,0.015461,0.017105
0.020964,0.020748,0.023875,0.020245,0.026074,0.017313,0.017034,0.022598,0.019795,0.020593,0.015282,0.017684
0.026191,0.02048,0.024052,0.021083,0.025642,0.017586,0.017208,0.025006,0.020007,0.019255,0.015538,0.025116
0.02314,0.020644,0.023867,0.019488,0.023661,0.017623,0.018193,0.026664,0.019758,0.021631,0.015722,0.021711
0.042448,0.041406,0.040366,0.033402,0.036235,0.032287,0.035892,0.038736,0.033439,0.034233,0.026131,0.034835
0.033083,0.031725,0.030784,0.025967,0.031272,0.033437,0.027645,0.029958,0.026294,0.026833,0.021123,0.028146
0.022074,0.020368,0.018739,0.018081,0.022598,0.026482,0.024685,0.022876,0.018283,0.019189,0.015867,0.019858
0.025844,0.025203,0.023207,0.020941,0.023537,0.028748,0.023105,0.023712,0.021504,0.022118,0.018021,0.022105
0.02188,0.019927,0.01831,0.017369,0.019175,0.022471,0.019338,0.019531,0.018268,0.01837,0.015394,0.019391
0.022327,0.021465,0.019506,0.018355,0.019586,0.022215,0.020043,0.019971,0.018681,0.01908,0.016131,0.019233
0.019588,0.019462,0.017366,0.016891,0.018284,0.021833,0.018012,0.018351,0.01791,0.017671,0.015266,0.017571
0.030373,0.032189,0.029523,0.025465,0.027416,0.028071,0.024716,0.026722,0.027231,0.026803,0.02122,0.024616
0.02695,0.028195,0.025707,0.022867,0.024279,0.023623,0.022177,0.023778,0.030268,0.024082,0.019429,0.022
0.019694,0.019384,0.018055,0.017072,0.01803,0.017901,0.017107,0.017818,0.021621,0.017695,0.015372,0.017071
0.024618,0.025942,0.031952,0.020973,0.022436,0.020978,0.020462,0.021598,0.026738,0.021896,0.076598,0.020108
0.021619,0.028238,0.031095,0.018666,0.019819,0.018776,0.018516,0.019369,0.022964,0.020233,0.070768,0.02099
0.019836,0.02439,0.03012,0.017353,0.018297,0.017441,0.017179,0.018174,0.02018,0.019333,0.020126,0.02483
0.021048,0.027232,0.028743,0.018421,0.019385,0.018475,0.017915,0.020566,0.020794,0.021793,0.017104,0.023948
0.03057,0.034575,0.034826,0.025883,0.027374,0.02534,0.024648,0.032356,0.027289,0.028306,0.022026,0.029009
0.023193,0.025018,0.027154,0.019882,0.020911,0.019724,0.019585,0.026735,0.020912,0.023179,0.017682,0.022884
0.020301,0.021945,0.024154,0.017631,0.018963,0.017682,0.017523,0.02691,0.018673,0.019433,0.015751,0.019511
0.03155,0.033859,0.032856,0.026851,0.033717,0.025605,0.028022,0.031778,0.02721,0.028267,0.021983,0.026754
0.024824,0.025851,0.024772,0.021036,0.029891,0.021127,0.029808,0.025528,0.021688,0.022591,0.018181,0.021984
0.019885,0.020184,0.018287,0.017066,0.026975,0.017316,0.023736,0.02189,0.017905,0.018407,0.015683,0.017908
0.019518,0.019861,0.017961,0.017206,0.025435,0.020585,0.02247,0.020138,0.017861,0.018085,0.015591,0.017756
0.024072,0.024754,0.022833,0.020454,0.026209,0.030043,0.022223,0.022057,0.021075,0.021716,0.018096,0.020514
0.023403,0.021619,0.019694,0.018482,0.022875,0.027288,0.02012,0.020032,0.019828,0.019146,0.01638,0.018364
0.025335,0.019196,0.017061,0.01682,0.022719,0.025054,0.018439,0.018206,0.022607,0.01765,0.015324,0.016791
0.030452,0.029178,0.027001,0.023701,0.028415,0.027329,0.023684,0.024836,0.028938,0.024376,0.020338,0.022675
0.0307,0.026637,0.024559,0.022239,0.024719,0.025027,0.021277,0.022748,0.027164,0.022603,0.018725,0.024849
0.022587,0.01924,0.017414,0.022624,0.018821,0.021912,0.017091,0.017829,0.022188,0.017821,0.015435,0.023689
0.021787,0.019857,0.021785,0.020065,0.018837,0.020972,0.017217,0.018052,0.020641,0.018707,0.015485,0.023677
0.02282,0.021292,0.031496,0.022187,0.019692,0.019871,0.018074,0.018938,0.020812,0.02142,0.016212,0.022482
0.021437,0.019404,0.027512,0.019324,0.018197,0.017865,0.017083,0.017922,0.019732,0.019614,0.015408,0.019986
0.021242,0.02021,0.02949,0.018978,0.01844,0.018098,0.017578,0.020228,0.019235,0.020893,0.015812,0.019691
0.033302,0.035142,0.038206,0.028413,0.029509,0.027002,0.026759,0.034597,0.028392,0.02967,0.022989,0.028238
0.028107,0.031685,0.032409,0.023985,0.025249,0.02358,0.022727,0.03027,0.024463,0.025795,0.019919,0.024091
0.020159,0.028067,0.024208,0.017813,0.018642,0.017784,0.017527,0.026707,0.018415,0.019089,0.015642,0.018296
0.023333,0.027994,0.025108,0.020218,0.021069,0.020039,0.021456,0.026188,0.020731,0.021133,0.017412,0.019827
0.020178,0.024853,0.019451,0.017437,0.018291,0.017747,0.027496,0.022405,0.018254,0.01862,0.015517,0.017506
0.020123,0.022144,0.018884,0.017483,0.018454,0.017552,0.022144,0.021938,0.019949,0.0188,0.01578,0.017483
0.019171,0.020682,0.017841,0.016815,0.01768,0.017011,0.023296,0.019721,0.025321,0.017687,0.015459,0.016847
0.031471,0.034334,0.031081,0.026758,0.028049,0.025975,0.027105,0.027817,0.029695,0.02756,0.021963,0.025586
0.028141,0.029649,0.027323,0.023907,0.030414,0.026675,0.023965,0.024938,0.02922,0.024877,0.020086,0.02555
0.019542,0.019732,0.017315,0.016837,0.025658,0.027463,0.018897,0.018382,0.020949,0.017479,0.015323,0.024367
0.025825,0.026999,0.028158,0.0219,0.031294,0.030135,0.02228,0.022792,0.024296,0.022996,0.018562,0.027039
0.022547,0.023068,0.033009,0.019568,0.027387,0.026338,0.01932,0.020016,0.021909,0.020617,0.01707,0.024212
0.019851,0.019814,0.027334,0.017225,0.023428,0.022122,0.017374,0.017986,0.019398,0.018991,0.015539,0.020446
0.024191,0.020727,0.029321,0.017713,0.022807,0.02191,0.01761,0.018538,0.018861,0.020836,0.015734,0.019769
0.036681,0.034043,0.037103,0.027232,0.032241,0.03042,0.025774,0.027823,0.027803,0.030043,0.022264,0.027975
0.027624,0.024999,0.028942,0.021254,0.026351,0.023889,0.02032,0.021688,0.021689,0.024383,0.018085,0.022248
0.025147,0.020164,0.024685,0.017504,0.020777,0.019357,0.01726,0.023911,0.018439,0.020095,0.015947,0.018517
0.035622,0.035262,0.035761,0.028614,0.030449,0.027597,0.026564,0.034429,0.028561,0.02979,0.022905,0.026907
0.027042,0.026775,0.026064,0.027081,0.02347,0.021608,0.021108,0.030143,0.023858,0.023269,0.018672,0.021253
0.022254,0.020174,0.019034,0.020338,0.018845,0.017599,0.017595,0.026122,0.025661,0.019003,0.016,0.017479
0.021213,0.019429,0.017856,0.020832,0.018158,0.017347,0.016855,0.021808,0.02098,0.018006,0.015395,0.016782
0.026117,0.026009,0.023931,0.02309,0.022192,0.020776,0.023634,0.025795,0.02669,0.022575,0.018168,0.020433
0.02282,0.024035,0.021219,0.020715,0.02052,0.019294,0.028769,0.022635,0.022975,0.02028,0.017037,0.020472
0.019884,0.027557,0.017682,0.018421,0.018125,0.017339,0.023632,0.019086,0.019871,0.018187,0.015344,0.02478
0.031703,0.036154,0.030859,0.027152,0.028315,0.026011,0.029129,0.02764,0.028274,0.027793,0.022196,0.029519
0.026222,0.032548,0.025476,0.023095,0.023804,0.022416,0.023485,0.023615,0.024384,0.023249,0.019292,0.026784
0.01991,0.02265,0.017674,0.017562,0.018562,0.01738,0.019437,0.018528,0.018763,0.01831,0.015819,0.021205
0.019394,0.020347,0.017272,0.016809,0.017964,0.018505,0.018532,0.017741,0.017799,0.018457,0.015301,0.018991
0.021294,0.023001,0.025934,0.018126,0.019301,0.027531,0.018846,0.019282,0.018994,0.021938,0.016144,0.02006
0.019923,0.021124,0.029896,0.017506,0.01905,0.025489,0.017506,0.018072,0.017912,0.019716,0.015642,0.019268
0.020383,0.020719,0.029726,0.017826,0.025791,0.027596,0.01764,0.018382,0.018425,0.02097,0.015954,0.018535
0.036499,0.038962,0.044166,0.030364,0.038606,0.033766,0.028984,0.031534,0.031096,0.032216,0.024628,0.029093
0.028247,0.030105,0.032832,0.024012,0.032847,0.027266,0.023542,0.029029,0.024614,0.025897,0.020269,0.0234
0.020237,0.020452,0.02445,0.017417,0.025847,0.022281,0.017632,0.024999,0.018151,0.019303,0.015835,0.017339
0.025783,0.021281,0.025483,0.018122,0.023434,0.021925,0.017958,0.026954,0.018643,0.019537,0.01628,0.017824
0.023929,0.019462,0.020689,0.01697,0.021448,0.018816,0.016932,0.025726,0.017382,0.018164,0.01521,0.016911
0.024086,0.020641,0.019967,0.017782,0.023796,0.018503,0.017582,0.023106,0.018411,0.018758,0.015954,0.019974
0.024008,0.019521,0.018228,0.016996,0.021728,0.017661,0.017102,0.022287,0.020218,0.017745,0.015512,0.024552
0.03366,0.033972,0.031905,0.027332,0.030184,0.026677,0.025963,0.029762,0.033433,0.028363,0.022396,0.030547
0.029356,0.02953,0.027663,0.025879,0.026105,0.023598,0.023173,0.02598,0.027894,0.024787,0.020105,0.028058
0.021511,0.019468,0.017607,0.022499,0.018659,0.017194,0.01697,0.018826,0.02369,0.017899,0.01547,0.020925
0.025684,0.025058,0.022796,0.024325,0.022441,0.020526,0.020081,0.022273,0.024311,0.021599,0.017958,0.022577
0.022036,0.021919,0.019721,0.021557,0.01975,0.018513,0.018086,0.019691,0.021126,0.020333,0.01643,0.020575
0.019908,0.022666,0.021934,0.018791,0.018084,0.017217,0.016988,0.017917,0.019969,0.019601,0.015539,0.01883
0.020524,0.028128,0.030637,0.019033,0.018664,0.017632,0.020662,0.018633,0.019654,0.020719,0.01567,0.018601
0.033004,0.037547,0.040196,0.02798,0.028912,0.026679,0.034341,0.028113,0.028463,0.030177,0.022681,0.026877
0.024541,0.029727,0.033408,0.021418,0.022055,0.020529,0.025423,0.021672,0.021825,0.023479,0.018039,0.020862
0.021364,0.022959,0.025895,0.018707,0.019386,0.018272,0.023801,0.019236,0.01911,0.020228,0.016476,0.018284
0.033186,0.035811,0.037008,0.02764,0.029073,0.028868,0.027954,0.031961,0.028044,0.02891,0.022913,0.026264
0.024415,0.026631,0.029051,0.020692,0.021741,0.02987,0.021845,0.027502,0.021301,0.022189,0.01779,0.020157
0.020654,0.021169,0.022106,0.017933,0.020222,0.027161,0.019245,0.026546,0.018986,0.019096,0.015768,0.017418
0.019435,0.019821,0.018837,0.017111,0.026377,0.025569,0.017745,0.025908,0.022753,0.018226,0.015274,0.019854
0.025525,0.025879,0.024232,0.021578,0.030859,0.025477,0.02099,0.026085,0.027044,0.022623,0.01865,0.028009
0.022332,0.022787,0.020854,0.01925,0.028768,0.022915,0.018962,0.024282,0.024567,0.020191,0.016849,0.024456
0.019723,0.019804,0.017706,0.017298,0.024844,0.022145,0.016968,0.021027,0.022272,0.017831,0.015369,0.022615
0.030656,0.0308,0.028856,0.024685,0.029686,0.027391,0.024078,0.026164,0.027073,0.026037,0.020747,0.026729
0.030923,0.026365,0.024224,0.022746,0.025621,0.022219,0.020989,0.022884,0.024004,0.022174,0.018499,0.022686
0.022382,0.019323,0.017609,0.023412,0.02298,0.017858,0.01726,0.018649,0.019579,0.018271,0.015305,0.019122
0.024655,0.019672,0.025237,0.019903,0.021575,0.017872,0.017252,0.018624,0.018885,0.019455,0.015249,0.018874
0.024784,0.021649,0.030493,0.022092,0.021272,0.018579,0.018402,0.019698,0.019482,0.022025,0.016236,0.019187
0.021382,0.019649,0.029309,0.019085,0.019015,0.017334,0.017138,0.01799,0.018073,0.020229,0.015298,0.017523
0.022126,0.020386,0.02903,0.019247,0.018865,0.01785,0.017646,0.018437,0.018603,0.020446,0.01587,0.017861
0.036246,0.036341,0.039257,0.02939,0.030405,0.02755,0.027871,0.029176,0.029212,0.030513,0.023784,0.027537
0.029163,0.02869,0.032803,0.024262,0.025237,0.023173,0.023009,0.025146,0.024397,0.025357,0.020001,0.022907
0.020283,0.020044,0.024158,0.017524,0.018473,0.017418,0.017908,0.024072,0.017971,0.018859,0.015458,0.017014
0.021247,0.022998,0.021935,0.018331,0.019511,0.018412,0.026868,0.025269,0.019559,0.019527,0.016019,0.017989
0.019408,0.027429,0.018717,0.016819,0.017941,0.018565,0.02116,0.026011,0.023404,0.018122,0.015282,0.017672
0.019924,0.024037,0.018717,0.017359,0.018345,0.027037,0.024392,0.025586,0.023293,0.018239,0.015764,0.025154
0.019293,0.024798,0.01763,0.016875,0.018015,0.025392,0.020481,0.022333,0.023742,0.017674,0.015427,0.021718
0.031006,0.033845,0.030266,0.025962,0.027226,0.033621,0.026057,0.030031,0.029622,0.026971,0.021644,0.029781
0.027566,0.029953,0.027042,0.02355,0.024568,0.027672,0.023666,0.026976,0.02587,0.024586,0.019722,0.025891
0.019148,0.021275,0.01721,0.016869,0.017873,0.021409,0.018149,0.018695,0.019374,0.017833,0.015193,0.019387
0.021514,0.02298,0.020435,0.018893,0.021041,0.023031,0.018848,0.020124,0.02113,0.019818,0.016453,0.020497
0.020212,0.020967,0.026272,0.01759,0.027032,0.021454,0.017858,0.019145,0.019316,0.01852,0.015776,0.019452
0.019416,0.019697,0.028721,0.017198,0.026277,0.019055,0.017188,0.018133,0.018005,0.018717,0.015395,0.018218
0.020208,0.020814,0.030306,0.02136,0.027336,0.018572,0.017859,0.018706,0.018633,0.021071,0.015871,0.018326
0.030614,0.032374,0.03857,0.028912,0.032814,0.025353,0.024482,0.026374,0.026392,0.028171,0.021826,0.024776
0.029093,0.026411,0.029642,0.025341,0.027379,0.021558,0.021014,0.022301,0.022224,0.024777,0.018671,0.02109
0.025249,0.019791,0.02391,0.020094,0.022253,0.017657,0.017115,0.018227,0.017907,0.019619,0.015401,0.017184
0.031419,0.030374,0.033663,0.025817,0.030068,0.023866,0.023718,0.028218,0.02474,0.02612,0.020317,0.02354
0.028604,0.024798,0.025343,0.021728,0.024707,0.020256,0.020325,0.027464,0.021012,0.022407,0.017998,0.020087
0.022583,0.020081,0.019389,0.018481,0.020152,0.017543,0.017607,0.025057,0.018029,0.01868,0.015695,0.023881
0.020823,0.019163,0.017871,0.01737,0.019129,0.016899,0.023373,0.025865,0.017469,0.018025,0.015278,0.021664
0.026327,0.025417,0.023565,0.021234,0.022662,0.020709,0.027804,0.026305,0.021513,0.022181,0.017982,0.026675
0.0242,0.022772,0.020761,0.019199,0.020512,0.019034,0.025891,0.02428,0.019936,0.019754,0.01691,0.022918
0.02036,0.019381,0.017335,0.016958,0.018099,0.024828,0.021318,0.020937,0.021929,0.018026,0.015444,0.019758
0.02924,0.030937,0.031206,0.024348,0.02577,0.031535,0.025014,0.026141,0.029813,0.025426,0.020615,0.025216
0.025161,0.030804,0.035147,0.02115,0.022489,0.030768,0.022501,0.023052,0.026294,0.022617,0.018338,0.022574
0.019527,0.024802,0.026863,0.017044,0.018007,0.023331,0.018599,0.018541,0.022815,0.017821,0.015545,0.018298
0.019305,0.025465,0.028772,0.017305,0.018118,0.021385,0.017616,0.01845,0.020264,0.017906,0.015694,0.017853
0.021738,0.025232,0.027182,0.018772,0.019958,0.02261,0.019127,0.020181,0.021268,0.019909,0.016619,0.019011
0.020434,0.02182,0.024324,0.017875,0.018784,0.021942,0.017826,0.018805,0.020493,0.019458,0.015951,0.017997
0.019789,0.021758,0.024412,0.017288,0.018566,0.019778,0.017584,0.018315,0.019114,0.020835,0.015634,0.017238
0.034801,0.037573,0.036739,0.028824,0.030496,0.028551,0.027521,0.029605,0.02959,0.031491,0.023666,0.027708
0.02914,0.029761,0.028458,0.024765,0.027513,0.023383,0.022657,0.025888,0.024451,0.026892,0.020065,0.02395
0.027162,0.021434,0.01992,0.023847,0.026792,0.018387,0.017975,0.02504,0.018911,0.020472,0.015761,0.025586
0.024661,0.02234,0.020682,0.021443,0.028173,0.019115,0.018546,0.025785,0.019376,0.020542,0.016375,0.02368
0.024037,0.019406,0.017509,0.020977,0.025653,0.017172,0.016823,0.026312,0.017453,0.018633,0.015215,0.02294
