NaN,NaN,NaN,NaN,NaN,NaN,NaN,NaN,NaN,NaN
0.19729,1.4386,1.0605,1.1468,0.92401,0.97786,1.1654,1.1016,1.0212,1.2089
0.020019,0.019344,0.01943,0.024967,0.019003,0.01916,0.017589,0.023867,0.019272,0.021512
0.019541,0.020446,0.027491,0.024303,0.019626,0.019135,0.017451,0.02655,0.019065,0.024335
0.031374,0.040699,0.032456,0.031033,0.033652,0.027871,0.026416,0.03387,0.030242,0.033125
0.025433,0.034695,0.028895,0.026168,0.026073,0.02266,0.02243,0.026506,0.024234,0.02865
0.020697,0.027949,0.023319,0.021605,0.022347,0.019373,0.022653,0.02198,0.019768,0.026559
0.026117,0.033491,0.025066,0.025703,0.026204,0.023219,0.024663,0.027037,0.0248,0.028449
0.021275,0.024705,0.021279,0.0213,0.021182,0.020111,0.023304,0.021348,0.020042,0.025251
0.022959,0.022291,0.020825,0.020175,0.02007,0.021716,0.020737,0.019993,0.019127,0.024576
0.025223,0.020524,0.018714,0.019374,0.019167,0.021687,0.018422,0.019148,0.018252,0.023201
0.028355,0.026382,0.023362,0.024142,0.024756,0.024407,0.022612,0.024865,0.023865,0.026583
0.026532,0.023188,0.021025,0.022086,0.022254,0.022293,0.020947,0.022642,0.022706,0.024714
0.021891,0.018631,0.017826,0.019141,0.018768,0.019562,0.017896,0.018934,0.019746,0.022702
0.02688,0.025594,0.023091,0.024162,0.024386,0.023038,0.02205,0.024932,0.025148,0.025876
0.024857,0.022833,0.020772,0.025885,0.022086,0.0224,0.020325,0.022709,0.022706,0.024337
0.021465,0.018353,0.017703,0.025586,0.018723,0.019228,0.017436,0.018673,0.018768,0.021552
0.020461,0.018876,0.018135,0.022072,0.01898,0.019335,0.017568,0.019861,0.019291,0.022128
0.021946,0.0253,0.024461,0.026048,0.021126,0.020089,0.018931,0.027858,0.020724,0.022821
0.02046,0.034392,0.02699,0.024649,0.022548,0.018913,0.017841,0.02431,0.019363,0.023259
0.019893,0.024053,0.022602,0.022415,0.020905,0.018944,0.018357,0.026211,0.018598,0.025096
0.028594,0.036378,0.03105,0.029241,0.029054,0.025489,0.027983,0.032606,0.027378,0.031127
0.024364,0.029928,0.024994,0.025172,0.025714,0.021855,0.023296,0.025685,0.023014,0.028138
0.01956,0.022437,0.019914,0.02049,0.019996,0.018518,0.02219,0.021184,0.018453,0.025119
0.020496,0.021774,0.021643,0.020483,0.020466,0.020885,0.020708,0.021999,0.019172,0.091269
0.019544,0.020122,0.019504,0.019328,0.019198,0.021794,0.01866,0.019939,0.018462,0.077965
0.020164,0.020059,0.018622,0.019568,0.019637,0.021676,0.018859,0.019747,0.019909,0.03494
0.022271,0.018772,0.020424,0.019098,0.018869,0.020123,0.017933,0.019039,0.01945,0.025252
0.031815,0.02702,0.025533,0.024788,0.025658,0.024597,0.022906,0.026372,0.026114,0.027554
0.02791,0.025197,0.023297,0.023291,0.024328,0.023422,0.021876,0.02462,0.024701,0.02649
0.023807,0.018527,0.017785,0.020155,0.018753,0.019346,0.017275,0.018767,0.018613,0.022593
0.023954,0.024012,0.01968,0.02606,0.020762,0.020468,0.018601,0.021039,0.020852,0.023158
0.022424,0.033794,0.023467,0.025595,0.019758,0.019808,0.018225,0.020261,0.019913,0.02234
0.021726,0.024517,0.026658,0.023513,0.019436,0.019022,0.017399,0.018942,0.018705,0.022114
0.021082,0.028517,0.022043,0.025082,0.022559,0.018802,0.017528,0.019799,0.018501,0.021906
0.027056,0.032747,0.029444,0.028597,0.027118,0.023692,0.02284,0.032637,0.024921,0.02639
0.02298,0.025811,0.023175,0.024375,0.024398,0.020652,0.021708,0.027105,0.021427,0.023946
0.020248,0.021522,0.020218,0.021847,0.021293,0.018557,0.021621,0.02641,0.019015,0.025368
0.02878,0.031037,0.028564,0.027914,0.028248,0.025269,0.027435,0.033072,0.027365,0.03145
0.024973,0.026025,0.024152,0.024346,0.024804,0.022593,0.025502,0.026774,0.024503,0.028305
0.019639,0.019607,0.018801,0.019748,0.019578,0.021952,0.019522,0.021486,0.020274,0.026303
0.019601,0.018917,0.018356,0.019488,0.019278,0.022074,0.018536,0.021676,0.019895,0.024912
0.020354,0.019909,0.01888,0.019935,0.019831,0.021235,0.019249,0.021127,0.020213,0.02531
0.020678,0.020483,0.019404,0.020214,0.020323,0.021823,0.01885,0.020955,0.02017,0.025541
0.019146,0.018392,0.017784,0.018727,0.0188,0.019647,0.017424,0.019119,0.019018,0.023572
0.027552,0.029549,0.02508,0.025007,0.026483,0.024314,0.023529,0.027093,0.025978,0.027754
0.027978,0.037047,0.02875,0.023323,0.023762,0.023363,0.021232,0.024188,0.023461,0.026578
0.025508,0.025972,0.025424,0.021337,0.0186,0.019357,0.01758,0.018737,0.018372,0.022631
0.02317,0.028468,0.022797,0.025533,0.018891,0.018858,0.017263,0.019033,0.01836,0.022187
0.023452,0.026561,0.023455,0.023797,0.019944,0.018087,0.017287,0.018804,0.018434,0.021885
0.022018,0.022983,0.020221,0.024746,0.022385,0.018609,0.017476,0.01898,0.018579,0.021995
0.021458,0.021193,0.020153,0.024257,0.020472,0.018433,0.019798,0.019164,0.018792,0.021906
0.03234,0.032685,0.029922,0.030874,0.030601,0.026807,0.029062,0.031379,0.030306,0.029864
0.027012,0.026856,0.024616,0.026258,0.027058,0.022824,0.024997,0.033041,0.026109,0.026472
0.02063,0.019645,0.018661,0.021406,0.020089,0.018527,0.021967,0.02362,0.019767,0.025233
0.024524,0.02453,0.022334,0.023929,0.024148,0.023671,0.022881,0.030358,0.023989,0.027817
0.020576,0.020342,0.018844,0.020489,0.020016,0.022361,0.019376,0.025084,0.019766,0.025851
0.020375,0.019627,0.018658,0.020155,0.019731,0.021511,0.019234,0.022045,0.019654,0.026853
0.019601,0.018881,0.018161,0.019351,0.0188,0.020043,0.017958,0.021311,0.018794,0.11243
0.023161,0.024674,0.021428,0.022403,0.022517,0.022566,0.020309,0.024641,0.022218,0.094948
0.02407,0.035771,0.021874,0.022936,0.023285,0.022697,0.021125,0.024219,0.023091,0.038331
0.01934,0.027296,0.026076,0.019097,0.018591,0.019154,0.017193,0.019226,0.0183,0.027332
0.02508,0.032987,0.029133,0.023695,0.025013,0.023188,0.022079,0.02532,0.024277,0.028396
0.022647,0.030045,0.026035,0.022381,0.022176,0.021491,0.020306,0.022747,0.021576,0.025558
0.020555,0.022752,0.023002,0.025051,0.019382,0.01856,0.017457,0.018991,0.018335,0.0233
0.023975,0.021162,0.019654,0.025052,0.022453,0.018772,0.017467,0.018979,0.019934,0.023143
0.028104,0.023768,0.022552,0.025489,0.023442,0.021034,0.020998,0.022376,0.022721,0.024388
0.025126,0.02108,0.021855,0.02535,0.022576,0.019368,0.022483,0.020278,0.02043,0.022847
0.023425,0.019298,0.019318,0.023833,0.020852,0.018545,0.019861,0.020873,0.019519,0.021998
0.032948,0.032121,0.0291,0.03064,0.03117,0.027374,0.029971,0.037454,0.029945,0.030344
0.026515,0.025455,0.023344,0.025729,0.024427,0.022819,0.023714,0.02821,0.024331,0.025374
0.022143,0.01934,0.018312,0.020802,0.019791,0.021088,0.019028,0.026608,0.019258,0.025609
0.021128,0.019473,0.018521,0.02075,0.019705,0.023024,0.018974,0.02428,0.019275,0.025656
0.019649,0.025325,0.017656,0.019643,0.018742,0.02129,0.017771,0.021252,0.018357,0.025228
0.020077,0.033979,0.0183,0.019659,0.019183,0.020586,0.01794,0.021422,0.01868,0.026432
0.019643,0.024087,0.018343,0.019345,0.018722,0.019869,0.017407,0.02109,0.018179,0.024789
0.029007,0.037374,0.033884,0.027374,0.028672,0.025898,0.025139,0.02977,0.027907,0.031147
0.026751,0.031988,0.028744,0.025039,0.02612,0.024717,0.022891,0.02655,0.025581,0.030109
0.019733,0.021749,0.023631,0.019002,0.018637,0.019498,0.017273,0.019162,0.019485,0.02443
0.021308,0.022934,0.024364,0.021853,0.021604,0.020483,0.019037,0.021336,0.021959,0.024655
0.01978,0.020594,0.019934,0.02559,0.022365,0.018735,0.017362,0.019109,0.019726,0.022764
0.019494,0.019575,0.019949,0.024559,0.020117,0.018408,0.017388,0.01895,0.019344,0.022559
0.021063,0.020101,0.02129,0.024101,0.022115,0.019042,0.020115,0.019432,0.019785,0.022897
0.030936,0.028109,0.025894,0.030524,0.027358,0.023996,0.026712,0.027011,0.025966,0.027445
0.027722,0.022051,0.020764,0.025023,0.022493,0.020188,0.022805,0.021823,0.021546,0.023895
0.024077,0.019446,0.018358,0.021923,0.019675,0.01866,0.021954,0.019442,0.019399,0.022481
0.029502,0.027167,0.02442,0.026493,0.026645,0.024556,0.024463,0.027907,0.025373,0.027161
0.023452,0.023964,0.019842,0.022039,0.02123,0.022828,0.02028,0.029096,0.020735,0.02508
0.021672,0.033807,0.018255,0.019817,0.019208,0.021745,0.018666,0.023088,0.018762,0.026422
0.021261,0.02556,0.017817,0.019182,0.018736,0.020235,0.017797,0.026457,0.018394,0.025389
0.02219,0.029176,0.020371,0.020227,0.020535,0.021066,0.018709,0.024831,0.019551,0.027803
0.020925,0.02764,0.028155,0.019937,0.019704,0.020036,0.018363,0.022169,0.019513,0.026538
0.019549,0.022402,0.021973,0.018668,0.018699,0.019393,0.017253,0.020951,0.019358,0.025243
0.025816,0.027914,0.029417,0.023775,0.025442,0.024018,0.022405,0.027372,0.025868,0.029449
0.024213,0.02569,0.025943,0.022376,0.023176,0.021987,0.020866,0.024246,0.023956,0.027461
0.019282,0.019548,0.019305,0.018945,0.021124,0.018379,0.017091,0.019119,0.019194,0.023281
0.019292,0.018894,0.019827,0.022501,0.021035,0.018223,0.01711,0.018881,0.018936,0.022809
0.019316,0.018806,0.02024,0.025701,0.020692,0.018194,0.017368,0.019058,0.018787,0.022516
0.019797,0.018742,0.018703,0.02272,0.02079,0.018181,0.020874,0.018796,0.018679,0.022852
0.019275,0.018673,0.018016,0.024444,0.019636,0.017952,0.020586,0.01898,0.018511,0.022158
0.029018,0.030136,0.026836,0.031064,0.028862,0.02521,0.0282,0.029005,0.027396,0.029074
0.028776,0.027439,0.024537,0.027096,0.026346,0.024316,0.025704,0.026505,0.025354,0.02709
0.025542,0.020915,0.018483,0.02155,0.019322,0.022131,0.018933,0.019322,0.018643,0.021938
0.02791,0.035731,0.022543,0.024551,0.023741,0.025732,0.022441,0.024283,0.023191,0.024963
0.02467,0.028993,0.018899,0.021414,0.019972,0.021412,0.019338,0.024374,0.019492,0.02252
0.022661,0.028393,0.024459,0.020382,0.019503,0.020615,0.018392,0.027223,0.019271,0.02548
0.021323,0.027266,0.026323,0.019391,0.018633,0.019407,0.017543,0.02377,0.019551,0.025182
0.025569,0.027005,0.026173,0.022673,0.023432,0.022365,0.020732,0.029781,0.023664,0.028596
0.026294,0.026563,0.027783,0.023216,0.023692,0.023305,0.021354,0.026955,0.02437,0.029605
0.020425,0.020487,0.020232,0.018933,0.018606,0.018886,0.017221,0.021027,0.018975,0.024657
0.026329,0.027701,0.025146,0.024151,0.026608,0.023368,0.022369,0.027291,0.02511,0.028598
0.023195,0.023303,0.02342,0.021934,0.024778,0.020739,0.020037,0.023895,0.022416,0.027515
0.020007,0.019095,0.019372,0.022374,0.02039,0.018246,0.01748,0.019702,0.018718,0.024152
0.019797,0.019,0.018502,0.026031,0.021303,0.018104,0.017709,0.019511,0.018701,0.023119
0.023069,0.022483,0.021376,0.024713,0.022956,0.020521,0.022744,0.022506,0.02147,0.024699
0.020866,0.020278,0.019236,0.02552,0.020911,0.019523,0.022377,0.020427,0.01965,0.023168
0.019395,0.018761,0.017908,0.024309,0.019432,0.018474,0.021372,0.018835,0.01841,0.022767
0.029427,0.03218,0.027254,0.029806,0.029191,0.028285,0.027693,0.029237,0.027819,0.028848
0.027437,0.038573,0.023206,0.02608,0.025029,0.02584,0.023409,0.02517,0.024169,0.025683
0.025541,0.025277,0.018428,0.021099,0.01949,0.021166,0.018928,0.019532,0.020559,0.022691
0.024472,0.029148,0.02551,0.020982,0.019812,0.020775,0.019368,0.020253,0.020913,0.022809
0.023513,0.026299,0.025519,0.019523,0.018605,0.019401,0.017681,0.020367,0.019469,0.023288
0.022493,0.023198,0.022955,0.019724,0.019218,0.019107,0.0179,0.02738,0.019839,0.02591
0.021006,0.020628,0.023258,0.019189,0.018568,0.019234,0.017471,0.023257,0.018691,0.024522
0.029507,0.029683,0.027002,0.025629,0.027245,0.024848,0.023839,0.033295,0.026625,0.031481
0.027548,0.027654,0.025493,0.024453,0.026653,0.023696,0.022746,0.029677,0.025186,0.044176
0.020213,0.018835,0.020333,0.018768,0.021313,0.017794,0.017208,0.021147,0.018263,0.054086
0.023244,0.022842,0.022028,0.021744,0.023275,0.020174,0.019944,0.024229,0.021545,0.048367
0.021364,0.020975,0.020091,0.021545,0.023076,0.019116,0.018794,0.022715,0.020077,0.032152
0.019928,0.01897,0.018103,0.024675,0.020282,0.018415,0.021287,0.020012,0.018429,0.024632
0.019965,0.019247,0.018113,0.025096,0.020026,0.018461,0.020719,0.019621,0.018763,0.023962
0.026845,0.026907,0.024393,0.028228,0.026051,0.023509,0.02638,0.026336,0.025098,0.027289
0.022403,0.026268,0.020442,0.026895,0.021542,0.020785,0.022376,0.021728,0.022063,0.02469
0.019845,0.034918,0.018064,0.024276,0.019086,0.022074,0.019048,0.019262,0.02003,0.022745
0.021639,0.032405,0.025198,0.024849,0.02037,0.026084,0.020652,0.020512,0.021804,0.024693
0.022907,0.025898,0.026483,0.021406,0.019299,0.020709,0.018089,0.019426,0.019323,0.022221
0.025294,0.022077,0.022609,0.020292,0.01866,0.019511,0.017549,0.01873,0.018801,0.021633
0.023942,0.022239,0.024563,0.020617,0.020136,0.020071,0.018427,0.020411,0.01965,0.02307
0.024245,0.021442,0.021152,0.020494,0.019797,0.020001,0.018156,0.025436,0.019572,0.025631
0.021861,0.019483,0.019577,0.019254,0.020249,0.018745,0.017229,0.025406,0.018495,0.024549
0.031514,0.031592,0.029606,0.027379,0.031829,0.025679,0.02528,0.034134,0.028555,0.033102
0.028374,0.027339,0.025214,0.024842,0.027227,0.023049,0.022703,0.032102,0.02495,0.030084
0.02119,0.018925,0.018238,0.01903,0.020962,0.017709,0.017376,0.022257,0.018201,0.025176
0.021113,0.019807,0.01878,0.019678,0.02067,0.018124,0.01965,0.022032,0.019148,0.025523
0.020141,0.018601,0.017772,0.023647,0.019264,0.017675,0.02138,0.021194,0.018669,0.023934
0.019897,0.019309,0.017915,0.02576,0.019189,0.017765,0.020402,0.020433,0.01971,0.023584
0.020138,0.027993,0.01846,0.022451,0.01964,0.018051,0.022507,0.020296,0.020154,0.024078
0.031706,0.042911,0.029086,0.033443,0.031459,0.028394,0.028575,0.031932,0.03138,0.031699
0.026375,0.031048,0.024279,0.029285,0.025708,0.026095,0.023489,0.026061,0.025544,0.027881
0.02003,0.029427,0.023879,0.022485,0.018733,0.021284,0.018736,0.019228,0.019084,0.022863
0.025193,0.029493,0.0303,0.025848,0.024524,0.02401,0.021772,0.024809,0.024282,0.026306
0.021031,0.023557,0.023585,0.022071,0.020088,0.02101,0.018518,0.020448,0.0201,0.023404
0.019652,0.020909,0.023767,0.020898,0.01914,0.019353,0.017749,0.01922,0.018657,0.022647
0.019492,0.020042,0.02035,0.019968,0.018864,0.018788,0.017476,0.018815,0.018507,0.022545
0.024851,0.02298,0.022242,0.022326,0.023534,0.021162,0.019775,0.022057,0.021289,0.024965
0.026726,0.021095,0.021761,0.02052,0.022935,0.019334,0.018658,0.024239,0.019926,0.026053
0.022702,0.018479,0.018985,0.019183,0.019978,0.017914,0.017137,0.026494,0.018225,0.024586
0.028668,0.025969,0.023987,0.024088,0.02612,0.022254,0.022214,0.029064,0.024453,0.030021
0.02558,0.023682,0.021849,0.022451,0.024054,0.020808,0.02116,0.030156,0.023067,0.028808
0.021249,0.018206,0.01785,0.018951,0.019405,0.017473,0.021366,0.022524,0.019562,0.024407
0.021262,0.019866,0.017722,0.020954,0.019058,0.01743,0.019831,0.020792,0.019723,0.024467
0.021658,0.032694,0.018507,0.025644,0.019645,0.017912,0.0226,0.021655,0.019832,0.024912
0.021078,0.028384,0.018326,0.024778,0.019295,0.017615,0.020444,0.021201,0.019294,0.024246
0.020021,0.027338,0.017796,0.024341,0.018594,0.017552,0.018616,0.019596,0.018945,0.022986
0.031646,0.037979,0.033429,0.033248,0.030411,0.028184,0.027701,0.03136,0.029866,0.030694
0.028507,0.032116,0.032616,0.029684,0.027358,0.028039,0.025367,0.028504,0.027338,0.028407
0.019872,0.021228,0.022833,0.022059,0.018821,0.021116,0.017784,0.018897,0.018676,0.022892
0.022294,0.024136,0.025743,0.023396,0.021977,0.02233,0.020042,0.02231,0.021461,0.02456
0.019995,0.020568,0.020862,0.021145,0.019406,0.020215,0.017952,0.019555,0.018966,0.021975
0.02038,0.020027,0.020522,0.020692,0.022408,0.019703,0.018295,0.019769,0.019205,0.022689
0.019238,0.01858,0.020422,0.019785,0.02052,0.018824,0.017397,0.018612,0.018164,0.021442
0.026528,0.027164,0.025549,0.025165,0.027012,0.024328,0.023097,0.026574,0.026592,0.026701
0.028667,0.026483,0.02429,0.024439,0.026884,0.023333,0.022123,0.030315,0.025839,0.029102
0.025055,0.018306,0.018025,0.019108,0.019557,0.017789,0.017145,0.025691,0.019674,0.024929
0.0281,0.025456,0.023433,0.023578,0.02488,0.021749,0.02345,0.029566,0.024708,0.029433
0.026992,0.031838,0.021231,0.022327,0.022758,0.020302,0.023687,0.028581,0.02244,0.028059
0.022213,0.032587,0.018083,0.02375,0.019044,0.017531,0.020479,0.022092,0.01912,0.024916
0.021379,0.025725,0.018113,0.025351,0.018845,0.01755,0.021917,0.020988,0.018793,0.025834
0.026102,0.032959,0.02237,0.025117,0.023357,0.021256,0.022736,0.025865,0.02286,0.027531
0.0231,0.025904,0.025205,0.026077,0.020806,0.019065,0.019893,0.022344,0.020569,0.025331
0.020704,0.021961,0.026689,0.024361,0.018813,0.017987,0.018817,0.019798,0.018579,0.022843
0.031506,0.033658,0.032109,0.030933,0.030973,0.028926,0.02669,0.031159,0.029517,0.030382
0.025477,0.026719,0.028363,0.026018,0.024703,0.025712,0.022134,0.025298,0.02421,0.026258
0.020262,0.02002,0.021004,0.021298,0.019328,0.020719,0.018033,0.019374,0.019095,0.022462
0.019977,0.019445,0.020085,0.020799,0.021411,0.020315,0.017489,0.019166,0.01986,0.022008
0.019769,0.018709,0.020212,0.019328,0.021422,0.019781,0.017234,0.018894,0.019817,0.021959
0.020218,0.019736,0.019861,0.020164,0.021305,0.019361,0.017775,0.019626,0.020448,0.022339
0.019204,0.018541,0.018472,0.019023,0.020754,0.019248,0.017056,0.018624,0.019272,0.029305
0.027766,0.028552,0.025625,0.025833,0.027587,0.024695,0.023305,0.027098,0.026514,0.05038
0.025188,0.031892,0.023447,0.024073,0.025429,0.022448,0.02234,0.024959,0.024535,0.043152
0.021356,0.033788,0.045074,0.024473,0.019316,0.01817,0.021598,0.023508,0.01878,0.76417
5.1109,4.829,5.1846,5.2614,5.1508,5.3806,5.3927,5.1212,5.1184,4.6784
0,0,0,0,0,0,0,0,0,0
0,0,0,0,0,0,0,0,0,0
0,0,0,0,0,0,0,0,0,0
0,0,0,0,0,0,0,0,0,0
0,0,0,0,0,0,0,0,0,0
0,0,0,0,0,0,0,0,0,0
0,0,0,0,0,0,0,0,0,0
0,0,0,0,0,0,0,0,0,0
0,0,0,0,0,0,0,0,0,0
0,0,2.0512,5.2497,0,0.781,0,0.64392,0,4.4207
5.1215,4.8251,3.117,0.021017,5.1619,4.532,5.3942,4.4193,5.1175,0.96536
0.021342,0.026769,0.02006,0.020418,0.02273,0.020276,0.018993,0.020768,0.020819,0.03146
0.019163,0.034183,0.018076,0.019059,0.019826,0.018009,0.017315,0.018684,0.018598,0.028761
0.028082,0.033091,0.025713,0.025605,0.027841,0.024371,0.027005,0.027879,0.026611,0.029948
0.024725,0.033759,0.022596,0.022994,0.024424,0.021391,0.0239,0.024767,0.023713,0.028449
0.020262,0.024992,0.017911,0.018986,0.01871,0.017523,0.022241,0.02577,0.018449,0.02503
0.023344,0.021933,0.017818,0.020812,0.018789,0.017414,0.020735,0.024315,0.018358,0.026371
0.025299,0.020419,0.018295,0.025797,0.018753,0.017336,0.018639,0.025888,0.018501,0.025171
0.023975,0.020501,0.027095,0.024461,0.018976,0.017228,0.018771,0.025203,0.019183,0.024758
0.023933,0.019958,0.023639,0.024793,0.019335,0.019134,0.018743,0.02198,0.020127,0.025581
0.034849,0.034952,0.034969,0.034209,0.033011,0.031065,0.028761,0.034595,0.032977,0.033832
0.026547,0.02562,0.02724,0.02711,0.024337,0.024879,0.021967,0.026037,0.024711,0.028099
0.02167,0.019218,0.020346,0.02193,0.020258,0.020489,0.017938,0.020425,0.019782,0.023296
0.02488,0.024663,0.024117,0.024274,0.026896,0.023177,0.021257,0.024238,0.023397,0.026035
0.021279,0.021302,0.021712,0.02197,0.021415,0.020359,0.018806,0.02111,0.020725,0.023627
0.020421,0.028721,0.019147,0.020315,0.021839,0.019438,0.017956,0.019749,0.019179,0.023114
0.019255,0.032852,0.018062,0.019415,0.020227,0.018809,0.017345,0.018805,0.018298,0.021708
0.023069,0.029127,0.021552,0.022506,0.023014,0.021097,0.020809,0.022818,0.022207,0.024199
0.02266,0.031603,0.020953,0.021855,0.022695,0.020215,0.023659,0.022395,0.021983,0.024304
0.019148,0.02409,0.017686,0.018859,0.018682,0.017453,0.020288,0.018864,0.018313,0.02193
0.025068,0.028308,0.022991,0.023618,0.024427,0.021859,0.025625,0.024918,0.023783,0.028819
0.023432,0.02516,0.021364,0.021948,0.022912,0.020381,0.02358,0.023723,0.022504,0.027229
0.019397,0.020162,0.017662,0.018597,0.018704,0.017341,0.018695,0.0255,0.019265,0.025958
0.021268,0.019608,0.025476,0.023534,0.018885,0.017561,0.018561,0.024661,0.019862,0.026295
0.026046,0.020945,0.026648,0.026689,0.02045,0.018817,0.019482,0.027368,0.021409,0.025657
0.024401,0.019083,0.023109,0.022239,0.019171,0.019087,0.018123,0.025255,0.019589,0.024947
0.024079,0.018912,0.023421,0.024616,0.018709,0.021217,0.01776,0.021983,0.019146,0.024349
0.032006,0.031251,0.029221,0.031913,0.031143,0.028593,0.026116,0.031257,0.028925,0.030198
0.027295,0.026453,0.025255,0.026698,0.027536,0.024764,0.022753,0.026915,0.024762,0.026932
0.021655,0.021927,0.020748,0.021888,0.020286,0.020062,0.017603,0.02029,0.018798,0.02267
0.022622,0.034287,0.020128,0.022096,0.022314,0.020129,0.018719,0.021022,0.019758,0.023361
0.020308,0.025946,0.018203,0.020375,0.020569,0.01865,0.01736,0.019034,0.018389,0.022318
0.020458,0.029003,0.018168,0.019616,0.020116,0.019054,0.018072,0.019322,0.01894,0.021995
0.019846,0.026693,0.017743,0.019007,0.019572,0.018252,0.021116,0.018865,0.018338,0.021627
0.02693,0.029637,0.024227,0.024808,0.1074,0.023368,0.025203,0.026437,0.025121,0.026585
0.028531,0.029091,0.024459,0.024333,0.13966,0.022747,0.027183,0.026716,0.025288,0.026338
0.026622,0.02149,0.017666,0.01886,0.29,0.017236,0.020339,0.019972,0.01971,0.021749
0.026032,0.02635,0.022832,0.023029,0.5457,0.021535,0.022671,0.023909,0.024877,0.027816
0.022947,0.024627,0.021624,0.022229,0.62393,0.020303,0.020994,0.023187,0.022428,0.026968
0.020936,0.019309,0.027464,0.025253,0.19456,0.017582,0.018533,0.019677,0.019766,0.025224
0.020515,0.019032,0.022208,0.02583,0.14453,0.019102,0.018047,0.025371,0.019087,0.026323
0.027565,0.025997,0.029046,0.027678,0.14242,0.025761,0.022535,0.030119,0.024838,0.028484
0.026841,0.021797,0.024433,0.026425,0.10148,0.022771,0.019584,0.027912,0.021404,0.026377
0.024157,0.01927,0.020099,0.024315,0.081756,0.020793,0.018004,0.025799,0.019291,0.025383
0.034001,0.032254,0.029898,0.030685,0.075678,0.027777,0.026235,0.032476,0.029215,0.031207
0.026584,0.036056,0.02426,0.025051,0.065583,0.022869,0.021075,0.025359,0.023047,0.02653
0.022226,0.029321,0.019605,0.021571,0.06055,0.019496,0.018197,0.021669,0.019117,0.023145
0.02123,0.027895,0.018059,0.020082,0.055421,0.018947,0.01795,0.019933,0.018254,0.022979
0.02258,0.028575,0.019444,0.020808,0.054999,0.019621,0.022384,0.020653,0.019547,0.023368
0.021328,0.024423,0.01935,0.020709,0.055396,0.019076,0.020846,0.020831,0.020338,0.023624
0.020028,0.021209,0.017848,0.019295,0.054159,0.017531,0.022258,0.019,0.019415,0.021775
0.028747,0.031082,0.026485,0.026912,0.057502,0.025197,0.026908,0.029036,0.028726,0.027985
0.025249,0.026004,0.022917,0.023891,0.055772,0.021745,0.022746,0.024767,0.02469,0.025151
0.019545,0.018996,0.017845,0.018998,0.052759,0.017557,0.018504,0.018682,0.018743,0.022436
0.02003,0.019327,0.026124,0.01959,0.050882,0.017856,0.018591,0.019296,0.019002,0.025574
0.019069,0.018615,0.024481,0.022205,0.049869,0.017407,0.017557,0.01859,0.018803,0.024816
0.019537,0.018646,0.023178,0.026707,0.048431,0.017995,0.01754,0.018697,0.018742,0.026065
0.020344,0.019508,0.023518,0.022611,0.047819,0.020937,0.017939,0.020726,0.01901,0.025986
0.029491,0.031076,0.028333,0.032111,0.052758,0.029244,0.025679,0.035521,0.027894,0.031054
0.027083,0.034595,0.023504,0.027834,0.048388,0.023862,0.021337,0.027676,0.022963,0.02792
0.025832,0.031244,0.021231,0.023279,0.047342,0.020765,0.017759,0.026903,0.018867,0.024357
0.029712,0.034015,0.025878,0.027067,0.049677,0.024337,0.022855,0.030147,0.025436,0.027979
0.025801,0.030282,0.020602,0.022738,0.046525,0.02052,0.019755,0.023523,0.021124,0.024426
0.021717,0.023566,0.12942,0.020613,0.044561,0.019177,0.021502,0.021409,0.019599,0.023949
0.021283,0.021805,0.10742,0.019661,0.043489,0.018475,0.020464,0.021104,0.019468,0.023408
0.024727,0.024524,0.039183,0.022027,0.044217,0.020539,0.024296,0.023333,0.02248,0.024583
0.022104,0.021817,0.023245,0.020408,0.04141,0.019031,0.022004,0.020731,0.020951,0.023045
0.019891,0.018928,0.019464,0.018971,0.040336,0.017656,0.018657,0.019166,0.018889,0.021836
0.026422,0.027081,0.024347,0.024375,0.04391,0.023223,0.023541,0.02611,0.025126,0.026564
0.024297,0.024541,0.027422,0.022753,0.041423,0.021302,0.022151,0.023986,0.023195,0.025008
0.019588,0.018499,0.026502,0.019869,0.038583,0.0172,0.017703,0.018502,0.018377,0.025138
0.019758,0.018527,0.022122,0.025054,0.037446,0.017522,0.017462,0.018631,0.018575,0.025505
0.020402,0.023221,0.024162,0.026513,0.037016,0.018179,0.018208,0.019752,0.019337,0.026132
0.019361,0.033014,0.020546,0.023636,0.037008,0.018915,0.017461,0.019091,0.018522,0.02681
0.020099,0.025607,0.019999,0.025406,0.036312,0.021879,0.017805,0.019828,0.018763,0.025039
0.032949,0.040751,0.032628,0.033392,0.045435,0.031714,0.028312,0.038113,0.031661,0.034124
0.026979,0.033468,0.026505,0.027934,0.038687,0.02572,0.023553,0.031692,0.026677,0.029954
0.021759,0.023325,0.019067,0.021413,0.031995,0.020513,0.017866,0.02632,0.020435,0.024508
0.027232,0.024099,0.020535,0.022532,0.032981,0.020787,0.02232,0.027298,0.022557,0.024587
0.024353,0.020546,0.018169,0.020068,0.030278,0.018911,0.021435,0.022167,0.019787,0.022867
0.024173,0.020069,0.018335,0.01974,0.029435,0.019205,0.021656,0.021389,0.019641,0.023074
0.02241,0.018844,0.018014,0.019374,0.028758,0.018411,0.021497,0.02114,0.018845,0.022726
0.028981,0.028365,0.025605,0.025985,0.034508,0.024377,0.025341,0.028473,0.026939,0.027551
0.025853,0.025036,0.022516,0.023415,0.031983,0.02174,0.022416,0.024348,0.023716,0.025468
0.021273,0.018401,0.018932,0.019019,0.026603,0.017545,0.018531,0.019084,0.01852,0.02164
0.02504,0.025038,0.030733,0.023305,0.030211,0.02176,0.021574,0.024301,0.022961,0.025245
0.022034,0.028893,0.023974,0.02078,0.02801,0.019258,0.019315,0.021334,0.020061,0.023589
0.01987,0.033594,0.024084,0.024986,0.026043,0.017525,0.01763,0.019247,0.018682,0.025045
0.019617,0.024582,0.022418,0.025645,0.026876,0.017469,0.017563,0.018792,0.018679,0.025824
0.022515,0.031388,0.022435,0.02548,0.030542,0.020113,0.019741,0.022104,0.021443,0.028078
0.020445,0.02505,0.020807,0.025197,0.027305,0.02129,0.018109,0.019856,0.020444,0.026995
0.019937,0.022155,0.020794,0.024319,0.02706,0.022073,0.017779,0.019286,0.020197,0.025286
0.030674,0.033005,0.029065,0.030613,0.035626,0.028833,0.026567,0.031288,0.03033,0.031969
0.025128,0.026366,0.023312,0.025636,0.029361,0.024372,0.024178,0.031074,0.024558,0.027668
0.020221,0.020532,0.018849,0.021476,0.025239,0.020338,0.021677,0.025142,0.019777,0.02447
0.022387,0.019957,0.018716,0.020786,0.025538,0.019282,0.021766,0.026781,0.019481,0.023737
0.024583,0.01863,0.017679,0.019276,0.023966,0.018852,0.021272,0.024342,0.018545,0.022538
0.024031,0.019578,0.018618,0.020042,0.024914,0.01945,0.020003,0.022107,0.019185,0.022817
0.023382,0.018634,0.017735,0.019229,0.02412,0.017921,0.018492,0.020664,0.01834,0.022541
0.0315,0.031177,0.027926,0.027661,0.033528,0.026214,0.026377,0.031135,0.028454,0.029541
0.026602,0.032612,0.030121,0.023876,0.02906,0.022381,0.022456,0.02573,0.024326,0.0263
0.021215,0.033568,0.025406,0.019164,0.023778,0.017589,0.017622,0.019194,0.018411,0.021743
0.023252,0.027325,0.025069,0.021753,0.026317,0.019512,0.019464,0.021498,0.020574,0.023064
0.020979,0.029754,0.023944,0.025405,0.026195,0.018051,0.018207,0.019802,0.019777,0.024889
0.019491,0.024259,0.019796,0.024808,0.025891,0.01743,0.01723,0.018668,0.019471,0.025034
0.020155,0.022515,0.020396,0.023977,0.026236,0.018049,0.017784,0.01966,0.020205,0.025387
0.026287,0.027884,0.026346,0.02911,0.030561,0.024781,0.022454,0.025632,0.02562,0.030537
0.022812,0.023545,0.021538,0.025511,0.026766,0.023458,0.019914,0.021778,0.02176,0.026908
0.019769,0.019557,0.018637,0.021653,0.024356,0.020904,0.018095,0.018884,0.019199,0.024874
0.02879,0.029556,0.026886,0.02775,0.032423,0.02659,0.02792,0.029028,0.027739,0.030659
0.023619,0.024454,0.022328,0.023808,0.027466,0.023101,0.023084,0.030416,0.023121,0.027014
0.020634,0.020039,0.018965,0.02104,0.024504,0.020032,0.022782,0.024809,0.019751,0.024155
0.02003,0.019016,0.017814,0.019596,0.02356,0.018962,0.020371,0.025942,0.018548,0.023161
0.024473,0.02046,0.019211,0.020542,0.02434,0.020022,0.019821,0.025562,0.019811,0.023656
0.026183,0.023929,0.022351,0.020621,0.024868,0.019421,0.019612,0.022865,0.019822,0.023346
0.023354,0.034001,0.027335,0.019479,0.023138,0.017852,0.018566,0.021317,0.018646,0.022305
0.03594,0.039594,0.033376,0.030993,0.036552,0.028688,0.028355,0.034873,0.032452,0.031958
0.028041,0.034606,0.029725,0.024561,0.030035,0.023157,0.022967,0.026875,0.026069,0.026598
0.02159,0.0265,0.021802,0.018928,0.025328,0.017704,0.017679,0.019442,0.019871,0.021766
0.02118,0.02246,0.019662,0.02246,0.025139,0.017441,0.017232,0.018818,0.019655,0.02183
0.020687,0.021027,0.02068,0.025867,0.025026,0.017595,0.017575,0.019027,0.019223,0.024265
0.020096,0.020422,0.019647,0.022162,0.024373,0.017435,0.017463,0.018864,0.01861,0.024373
0.020838,0.021205,0.019554,0.025333,0.024582,0.020806,0.018362,0.019689,0.020187,0.025958
0.028167,0.029373,0.026044,0.031085,0.031301,0.027803,0.024148,0.027738,0.027051,0.032
0.024239,0.024297,0.022422,0.026259,0.027786,0.023772,0.023756,0.023518,0.023244,0.027878
0.019915,0.019253,0.0182,0.022064,0.023013,0.020388,0.021366,0.019147,0.018628,0.024574
0.02486,0.024788,0.022625,0.024819,0.02705,0.023133,0.024997,0.024407,0.023289,0.027078
0.020724,0.020406,0.019582,0.021398,0.023856,0.019938,0.022489,0.020793,0.019809,0.024759
0.019554,0.02313,0.017977,0.02011,0.02269,0.019,0.019142,0.025037,0.018295,0.023439
0.019374,0.033562,0.025086,0.019165,0.02237,0.018775,0.018346,0.025046,0.018351,0.022509
0.024018,0.027478,0.027321,0.021337,0.024782,0.020008,0.020337,0.027589,0.022254,0.024333
0.027755,0.031617,0.025583,0.021912,0.025762,0.020585,0.020675,0.028694,0.023388,0.024483
0.023833,0.025808,0.023258,0.018726,0.021701,0.017602,0.01751,0.021738,0.019657,0.021813
0.027136,0.026855,0.023513,0.022326,0.026187,0.021131,0.020767,0.025086,0.023145,0.024576
0.02607,0.024881,0.02287,0.021559,0.028396,0.020189,0.020143,0.024376,0.022232,0.02443
0.021424,0.020363,0.020874,0.019067,0.024077,0.017456,0.017631,0.020259,0.018996,0.021277
0.022021,0.02021,0.019297,0.023827,0.0251,0.017509,0.017998,0.01988,0.018975,0.023982
0.023938,0.022309,0.020741,0.027111,0.025514,0.019341,0.019467,0.021783,0.021173,0.027156
0.020866,0.018834,0.018038,0.021658,0.022629,0.018587,0.01731,0.019218,0.018449,0.024493
0.020994,0.01998,0.01891,0.025296,0.023662,0.021751,0.018399,0.019821,0.019362,0.027135
0.032205,0.033547,0.029178,0.032534,0.03416,0.030752,0.029987,0.03167,0.03047,0.032872
0.024417,0.025109,0.022679,0.025541,0.027484,0.024122,0.023752,0.024152,0.023469,0.02844
0.019876,0.019497,0.018388,0.02201,0.022798,0.020767,0.02279,0.019406,0.018865,0.025439
0.020794,0.026277,0.019713,0.021804,0.023455,0.020307,0.021823,0.020766,0.020695,0.024965
0.019554,0.034339,0.025183,0.02026,0.022091,0.018886,0.018804,0.019204,0.019684,0.023445
0.01955,0.02404,0.025653,0.019495,0.021849,0.019166,0.018507,0.020176,0.019743,0.022728
0.019342,0.02908,0.022654,0.019297,0.021313,0.018395,0.018206,0.026275,0.019474,0.022232
0.027354,0.032584,0.029223,0.025319,0.028837,0.02396,0.023918,0.030261,0.026312,0.027877
0.027223,0.030391,0.026492,0.025958,0.029078,0.023613,0.023615,0.033052,0.026079,0.027436
0.022592,0.020682,0.019817,0.019416,0.024319,0.01761,0.017746,0.023972,0.019065,0.022082
0.03441,0.030553,0.028513,0.026838,0.032349,0.024611,0.024454,0.030054,0.027084,0.028366
0.025481,0.022972,0.021694,0.022069,0.027514,0.019595,0.019761,0.023757,0.021629,0.02374
0.024555,0.020455,0.019257,0.02295,0.024402,0.018472,0.018281,0.022179,0.0198,0.022128
0.021862,0.01855,0.017852,0.025476,0.022426,0.017115,0.017097,0.019647,0.018276,0.023478
0.025391,0.023004,0.021349,0.026228,0.025674,0.020402,0.020251,0.023083,0.022054,0.027585
0.02331,0.020782,0.019232,0.025745,0.023632,0.021499,0.020759,0.02067,0.019963,0.024971
0.022573,0.020486,0.019174,0.024893,0.023153,0.022802,0.022626,0.020648,0.019856,0.027255
0.032422,0.032732,0.028757,0.03168,0.033577,0.029475,0.029215,0.031699,0.030079,0.03337
0.026021,0.030652,0.026836,0.026462,0.028163,0.024767,0.025943,0.025588,0.025278,0.028508
0.020111,0.034259,0.02741,0.020953,0.021873,0.019845,0.019564,0.019096,0.019817,0.02488
0.019727,0.023835,0.021651,0.020396,0.021694,0.018608,0.018421,0.018891,0.019728,0.024406
0.019684,0.029115,0.024367,0.020123,0.021528,0.018974,0.018475,0.018847,0.019228,0.023229
0.019686,0.025393,0.021568,0.02002,0.021772,0.018801,0.018208,0.019097,0.018985,0.022537
0.019272,0.021813,0.019483,0.019362,0.021175,0.018161,0.017399,0.019459,0.018917,0.022059
0.02667,0.028599,0.02651,0.025069,0.029617,0.022962,0.022921,0.031864,0.02513,0.026923
0.027681,0.029173,0.02667,0.025648,0.031513,0.023822,0.023407,0.031499,0.026256,0.027417
0.021451,0.019363,0.01838,0.018898,0.02323,0.017347,0.017088,0.026101,0.01811,0.022343
0.026352,0.02154,0.019859,0.020634,0.025209,0.019029,0.019032,0.026242,0.020216,0.023498
0.023705,0.01941,0.018349,0.02315,0.022816,0.017854,0.017501,0.02162,0.01871,0.022107
0.024121,0.019396,0.018208,0.026002,0.02274,0.01808,0.018022,0.021429,0.018939,0.02172
0.022917,0.019464,0.01866,0.023287,0.022617,0.018034,0.019696,0.021567,0.018742,0.024935
0.032283,0.03274,0.029073,0.033324,0.033408,0.027048,0.030091,0.031937,0.030996,0.032378
0.025817,0.024868,0.022256,0.027645,0.026303,0.024083,0.023684,0.02433,0.02455,0.027823
0.022664,0.025659,0.022854,0.023354,0.022614,0.022723,0.022915,0.020419,0.020457,0.026434
0.030446,0.041339,0.034748,0.028857,0.030935,0.027733,0.026828,0.029331,0.028578,0.030769
0.022499,0.026404,0.02403,0.023012,0.023956,0.022013,0.020561,0.021988,0.02164,0.026443
0.020582,0.029814,0.024789,0.021133,0.022171,0.020379,0.019294,0.019634,0.019691,0.025005
0.019475,0.025087,0.021274,0.0198,0.021013,0.018985,0.017917,0.018601,0.01859,0.023549
0.021927,0.025452,0.026857,0.020524,0.023888,0.021531,0.020025,0.021926,0.021138,0.21685
5.1235,4.8457,5.2129,5.2802,5.0365,5.3662,5.402,5.1334,5.1264,5.2164
0,0,0,0,0,0,0,0,0,0
0,0,0,0,0,0,0,0,0,0
0,0,0,0,0,0,0,0,0,0
0,0,0,0,0,0,0,0,0,0
0,0,0,0,0,0,0,0,0,0
0,0,0,0,0,0,0,0,0,0
0,0,0,0,0,0,0,0,0,0
0,0,0,0,0,0,0,0,0,0
0,0,0,0,0,0,0,0,0,0
0,0,1.9915,5.2594,0,0.35515,0,0.49538,0,2.9934
5.1099,4.8111,3.1654,0.022927,5.0157,4.9369,5.3831,4.5611,5.1022,2.3753
0.024837,0.030934,0.027248,0.024354,0.025888,0.022991,0.021359,0.023713,0.023073,0.02785
0.021004,0.023549,0.021816,0.021249,0.022009,0.020124,0.019154,0.019783,0.01933,0.025204
0.020069,0.020978,0.019874,0.019765,0.021402,0.01895,0.018156,0.018914,0.018495,0.02359
0.01985,0.020259,0.020194,0.019553,0.021562,0.018985,0.017667,0.018622,0.018376,0.023014
0.024158,0.025162,0.023407,0.022849,0.02846,0.022343,0.02103,0.023602,0.02274,0.025671
0.022486,0.022461,0.021043,0.021423,0.027138,0.020478,0.019748,0.021874,0.020747,0.024484
0.019415,0.018595,0.018035,0.019071,0.02412,0.01783,0.017288,0.01888,0.018366,0.02233
0.022991,0.022707,0.021184,0.022033,0.02668,0.020113,0.019775,0.022157,0.021444,0.024365
0.024026,0.023693,0.02172,0.022416,0.026872,0.02086,0.020509,0.023172,0.023163,0.024976
0.020036,0.018365,0.017612,0.019242,0.021934,0.017296,0.017301,0.024398,0.01942,0.021505
0.022984,0.019424,0.017783,0.023807,0.022011,0.017346,0.02027,0.024976,0.020015,0.02116
0.026504,0.031008,0.018958,0.026445,0.022929,0.01827,0.022337,0.026729,0.020124,0.022561
0.023757,0.031934,0.021038,0.022448,0.021955,0.018096,0.021935,0.02586,0.019351,0.022484
0.024303,0.026857,0.02804,0.024721,0.022229,0.020271,0.022056,0.022175,0.019554,0.025539
0.035077,0.041103,0.033436,0.033297,0.035728,0.032035,0.029896,0.03452,0.032109,0.033845
0.028451,0.030153,0.029557,0.027046,0.028181,0.025627,0.023372,0.027451,0.025458,0.029758
0.022853,0.022637,0.022473,0.02181,0.021925,0.020688,0.019247,0.020861,0.019262,0.025992
0.022776,0.022633,0.020807,0.021849,0.023068,0.021145,0.019279,0.021181,0.020036,0.025592
0.020251,0.019777,0.019979,0.0198,0.021749,0.018971,0.017252,0.018773,0.017943,0.024279
0.02136,0.020448,0.020613,0.020183,0.025034,0.019768,0.018136,0.019945,0.019237,0.02403
0.019944,0.018983,0.018236,0.019294,0.02327,0.018793,0.017366,0.018906,0.018329,0.022967
0.028755,0.029907,0.026782,0.026594,0.032552,0.025581,0.024778,0.028746,0.028674,0.029144
0.025388,0.025626,0.023333,0.023883,0.028479,0.022336,0.021762,0.024901,0.02515,0.026401
0.019479,0.018415,0.017717,0.018899,0.021895,0.017628,0.017139,0.018687,0.019298,0.022062
0.021424,0.022267,0.01992,0.020586,0.024154,0.019274,0.019053,0.02095,0.021254,0.023585
0.020821,0.033098,0.019296,0.020179,0.023292,0.018724,0.021249,0.020415,0.020413,0.022826
0.019694,0.029172,0.018189,0.019161,0.021825,0.017684,0.021369,0.020191,0.018957,0.021936
0.021255,0.027579,0.02649,0.023332,0.021287,0.017238,0.021186,0.026312,0.018556,0.022213
0.029438,0.033248,0.028778,0.029838,0.027081,0.021734,0.025277,0.028539,0.024668,0.026112
0.027762,0.026515,0.026157,0.024695,0.024576,0.020463,0.021909,0.029376,0.022039,0.025899
0.023984,0.021208,0.023157,0.024737,0.020675,0.020087,0.018232,0.023764,0.018577,0.024593
0.032786,0.032861,0.029101,0.032207,0.032066,0.029686,0.026576,0.032011,0.029015,0.031818
0.025984,0.025387,0.024249,0.02619,0.025629,0.024047,0.021522,0.025379,0.022709,0.02861
0.022787,0.020861,0.0217,0.022685,0.022306,0.021349,0.01882,0.022269,0.019903,0.025982
0.02142,0.018805,0.019075,0.020766,0.023143,0.019945,0.017629,0.019876,0.019612,0.024947
0.021558,0.020071,0.019063,0.020874,0.023546,0.019622,0.18172,0.020269,0.020997,0.025081
0.020907,0.019736,0.018976,0.020243,0.023856,0.019841,0.35275,0.020035,0.020561,0.023977
0.020367,0.019242,0.018241,0.019921,0.022904,0.019055,0.25571,0.019319,0.019825,0.023224
0.029642,0.034769,0.026663,0.027568,0.031373,0.025395,0.20066,0.029332,0.028009,0.029401
0.024994,0.03845,0.023113,0.023844,0.027351,0.022197,0.14349,0.024441,0.024294,0.026566
0.019492,0.024217,0.01767,0.019082,0.021231,0.017373,0.11564,0.01862,0.01851,0.022631
0.019554,0.02944,0.023358,0.019264,0.021081,0.017445,0.091871,0.018961,0.018382,0.022285
0.019499,0.024773,0.026688,0.018763,0.020915,0.017209,0.075225,0.018504,0.018229,0.022045
0.019461,0.021787,0.022143,0.021671,0.020886,0.017663,0.060915,0.018914,0.018376,0.021931
0.019729,0.020502,0.023906,0.025199,0.020826,0.017351,0.051673,0.024671,0.018368,0.021964
0.030202,0.029712,0.027517,0.029231,0.029672,0.024148,0.04939,0.032557,0.026579,0.027861
0.030497,0.0267,0.025424,0.02888,0.027393,0.02443,0.042351,0.031188,0.02454,0.02901
0.022888,0.019403,0.020478,0.024288,0.021047,0.021728,0.036122,0.025865,0.018997,0.024837
0.032083,0.030608,0.027922,0.030096,0.031507,0.028127,0.038309,0.031125,0.028919,0.031853
0.025832,0.024015,0.022115,0.024823,0.025899,0.022857,0.034334,0.024849,0.023625,0.028465
0.021516,0.019537,0.018574,0.02119,0.024471,0.02059,0.030585,0.021665,0.020083,0.025355
0.021679,0.018709,0.01789,0.020631,0.022692,0.019148,0.028261,0.020383,0.018852,0.025058
0.026688,0.031151,0.023657,0.024666,0.02914,0.023509,0.030867,0.025737,0.024245,0.028059
0.023511,0.036581,0.020664,0.021985,0.024878,0.020821,0.027655,0.022373,0.021757,0.025377
0.020045,0.023976,0.017795,0.019431,0.021895,0.018185,0.025284,0.019396,0.018776,0.023012
0.028145,0.036774,0.025359,0.026164,0.030311,0.024471,0.031561,0.027831,0.026081,0.027933
0.02329,0.028115,0.028687,0.021515,0.024436,0.020176,0.027891,0.022259,0.021367,0.024573
0.02006,0.02202,0.024872,0.019116,0.021017,0.017483,0.026749,0.019206,0.018488,0.021951
0.020239,0.021011,0.023716,0.019631,0.021254,0.017859,0.025692,0.019294,0.018947,0.021643
0.021278,0.022463,0.024671,0.020553,0.022478,0.018797,0.02482,0.020472,0.020222,0.022884
0.019342,0.019583,0.019841,0.02123,0.020796,0.017278,0.023521,0.018655,0.019047,0.021947
0.019787,0.019542,0.020112,0.025439,0.020756,0.017751,0.023384,0.019403,0.019985,0.02202
0.029673,0.030052,0.028639,0.030698,0.030508,0.027333,0.028089,0.033172,0.028974,0.028558
0.029254,0.026388,0.02441,0.029121,0.027316,0.026001,0.02543,0.03117,0.025792,0.028503
0.025092,0.018886,0.018234,0.02457,0.02055,0.021006,0.021284,0.025812,0.01916,0.024686
0.027664,0.023466,0.021331,0.025777,0.026734,0.022817,0.023781,0.028996,0.022491,0.028824
0.02444,0.020079,0.018784,0.022364,0.023948,0.021,0.021328,0.022519,0.019982,0.026466
0.022472,0.026594,0.018859,0.02228,0.023723,0.019749,0.020837,0.021741,0.019467,0.024992
0.021356,0.034179,0.017707,0.020592,0.022346,0.018907,0.019885,0.020953,0.018353,0.024364
0.030204,0.033647,0.025977,0.027282,0.031004,0.025603,0.027157,0.029459,0.027191,0.029789
0.025623,0.033562,0.024204,0.023465,0.026593,0.021964,0.026412,0.024582,0.023184,0.027316
0.020242,0.025214,0.027861,0.019717,0.021333,0.017766,0.022806,0.019638,0.018513,0.02303
0.027266,0.030096,0.028037,0.025458,0.028865,0.023673,0.027944,0.026973,0.025876,0.027792
0.023382,0.025338,0.027214,0.021962,0.024496,0.020763,0.024694,0.022956,0.022454,0.025
0.019441,0.020239,0.022113,0.018767,0.020375,0.017521,0.021107,0.018736,0.019578,0.021824
0.020873,0.021195,0.021116,0.020059,0.021909,0.018362,0.021759,0.020408,0.021007,0.023338
0.02371,0.02403,0.023797,0.022203,0.024869,0.020618,0.023401,0.023161,0.02342,0.024433
0.019897,0.019548,0.020394,0.020269,0.020936,0.018567,0.019908,0.019442,0.019895,0.021934
0.019332,0.018631,0.018653,0.025133,0.020242,0.020802,0.019831,0.019825,0.019014,0.022916
0.028822,0.030105,0.027295,0.030938,0.030642,0.028922,0.026803,0.035083,0.028076,0.031727
0.028493,0.028107,0.025253,0.02924,0.030618,0.026343,0.025019,0.031411,0.02612,0.029459
0.023982,0.026124,0.01807,0.024541,0.022384,0.020368,0.019169,0.026105,0.018587,0.02564
0.025947,0.034707,0.019164,0.023955,0.024348,0.019966,0.020178,0.025888,0.019837,0.026848
0.023513,0.023842,0.017456,0.021394,0.021701,0.018736,0.018784,0.02121,0.018179,0.024491
0.023049,0.02994,0.018552,0.021237,0.022057,0.019351,0.019443,0.021393,0.018951,0.025426
0.021058,0.024572,0.02486,0.020321,0.020867,0.018472,0.021629,0.020798,0.018059,0.024361
0.031315,0.032358,0.033707,0.027835,0.031423,0.026044,0.0286,0.030317,0.028223,0.029979
0.030493,0.030781,0.030088,0.026909,0.030427,0.024978,0.029498,0.028624,0.027964,0.028925
0.020757,0.020514,0.023852,0.019393,0.020715,0.017787,0.021592,0.019692,0.019736,0.02289
0.024232,0.024135,0.023989,0.022564,0.025057,0.0209,0.022867,0.023462,0.023624,0.024988
0.020467,0.019372,0.020196,0.019525,0.020794,0.0179,0.020421,0.019573,0.020077,0.022254
0.019897,0.019462,0.020837,0.019525,0.020881,0.017706,0.019934,0.019351,0.019537,0.022248
0.021418,0.02054,0.020521,0.020008,0.022067,0.018674,0.020106,0.020461,0.020448,0.022479
0.030542,0.031534,0.028511,0.027726,0.031834,0.026251,0.027294,0.030407,0.029072,0.029444
0.022718,0.024126,0.02065,0.024852,0.023874,0.021647,0.020508,0.022106,0.021329,0.023471
0.020356,0.032484,0.018595,0.026187,0.02381,0.022088,0.019049,0.020756,0.019379,0.024935
0.029789,0.034112,0.018944,0.029079,0.032123,0.02498,0.025182,0.027147,0.019088,0.029417
0.024476,0.022571,0.019891,0.022759,0.02234,0.020023,0.019421,0.022588,0.019798,0.025494
0.025365,0.022556,0.028717,0.022529,0.022959,0.020187,0.022305,0.022788,0.021313,0.02572
0.021764,0.019921,0.021762,0.020592,0.020532,0.018057,0.021408,0.020967,0.019428,0.023711
0.030199,0.029447,0.031365,0.027858,0.030159,0.025243,0.028636,0.029431,0.027847,0.029728
0.028661,0.026529,0.028237,0.024945,0.027608,0.023253,0.0266,0.026656,0.025604,0.027295
0.020895,0.01934,0.020224,0.020062,0.021,0.017832,0.019998,0.019485,0.019107,0.022565
0.021199,0.019713,0.020653,0.019851,0.021217,0.017801,0.020252,0.019694,0.019237,0.022396
0.020141,0.018825,0.02013,0.01938,0.020664,0.017518,0.019508,0.019034,0.018782,0.021891
0.01977,0.019765,0.018505,0.019377,0.020138,0.017357,0.018912,0.019016,0.018621,0.022073
0.021577,0.031973,0.019868,0.020937,0.02286,0.019179,0.01968,0.020584,0.020034,0.022659
0.033562,0.041806,0.030849,0.030323,0.036342,0.030444,0.028976,0.032929,0.030972,0.030737
0.026675,0.032812,0.024191,0.025846,0.029039,0.026419,0.02374,0.025748,0.024872,0.026426
0.019788,0.028928,0.018098,0.025442,0.023297,0.021017,0.018516,0.019024,0.01824,0.024965
0.023937,0.027968,0.022116,0.026851,0.02653,0.023291,0.022145,0.024483,0.022726,0.027942
0.021924,0.024553,0.020361,0.026081,0.024262,0.022083,0.020263,0.028975,0.021342,0.026758
0.020344,0.021005,0.018139,0.024808,0.021254,0.019185,0.018446,0.023508,0.020073,0.026329
0.023037,0.019734,0.018121,0.022721,0.020871,0.018649,0.020696,0.025981,0.019665,0.024159
0.029747,0.024863,0.030827,0.025425,0.025313,0.022373,0.025004,0.028089,0.023935,0.027008
0.025349,0.021988,0.025088,0.022772,0.023388,0.020145,0.025009,0.023562,0.021479,0.026234
0.023305,0.018627,0.023363,0.020477,0.020582,0.017548,0.021929,0.020928,0.018596,0.023731
0.028368,0.027074,0.028632,0.025721,0.028026,0.023504,0.025493,0.028449,0.025977,0.027672
0.025283,0.023894,0.023105,0.023087,0.025146,0.020871,0.02266,0.023998,0.022846,0.026235
0.022441,0.024808,0.020578,0.019894,0.021126,0.01809,0.020139,0.019911,0.019202,0.023185
0.020668,0.034772,0.020412,0.019131,0.020425,0.017353,0.019012,0.019313,0.018498,0.022812
0.023144,0.027116,0.02159,0.021373,0.02369,0.019845,0.020884,0.02182,0.021319,0.02432
0.020258,0.02967,0.018503,0.019411,0.023669,0.017865,0.01859,0.019138,0.018615,0.022117
0.021366,0.026299,0.019032,0.02015,0.023907,0.021669,0.019713,0.020309,0.019746,0.022871
0.031339,0.033895,0.028552,0.028475,0.033986,0.030261,0.027556,0.030897,0.029848,0.029683
0.024038,0.025597,0.021962,0.025739,0.027215,0.023704,0.021829,0.023464,0.023864,0.025169
0.019698,0.020631,0.017956,0.025414,0.022153,0.020578,0.018469,0.019204,0.02003,0.025096
0.0206,0.021054,0.018896,0.022918,0.022542,0.020739,0.019229,0.021424,0.020818,0.025034
0.019228,0.018759,0.017999,0.023893,0.020738,0.018633,0.01994,0.026423,0.019203,0.025563
0.020277,0.019725,0.027719,0.024845,0.021512,0.019225,0.02209,0.024093,0.019514,0.026344
0.019168,0.018722,0.023252,0.021838,0.020388,0.018532,0.022358,0.02591,0.018744,0.024485
0.029398,0.027754,0.029533,0.027101,0.028348,0.02417,0.026968,0.030712,0.025467,0.029435
0.030808,0.026767,0.028358,0.026013,0.027746,0.022917,0.025029,0.027247,0.024953,0.028375
0.022713,0.019447,0.019672,0.020261,0.020432,0.017474,0.01984,0.020782,0.018221,0.022985
0.026943,0.033368,0.023556,0.023213,0.024682,0.020571,0.022754,0.024928,0.022072,0.025233
0.024622,0.033818,0.022356,0.021418,0.023205,0.019509,0.021069,0.022191,0.020495,0.024754
0.021687,0.027288,0.019103,0.019451,0.020687,0.017617,0.018879,0.019903,0.018773,0.022743
0.021258,0.028721,0.01808,0.019009,0.02178,0.017549,0.018417,0.019207,0.018237,0.021766
0.02756,0.030301,0.024616,0.024525,0.02994,0.025015,0.02381,0.026242,0.024883,0.026345
0.022985,0.024234,0.020554,0.021005,0.025116,0.02343,0.02037,0.021464,0.0219,0.023287
0.020843,0.021631,0.018499,0.019522,0.023296,0.021627,0.019035,0.019665,0.020375,0.022349
0.028712,0.030196,0.026376,0.026087,0.031058,0.026555,0.025366,0.028097,0.028049,0.028229
0.023644,0.024106,0.021854,0.025425,0.025469,0.02315,0.021711,0.02338,0.02349,0.026717
0.020069,0.019368,0.018309,0.025567,0.021457,0.019454,0.018254,0.019113,0.019054,0.025401
0.019527,0.018592,0.0225,0.022389,0.020432,0.018912,0.020509,0.018643,0.018864,0.02475
0.020464,0.020245,0.028014,0.024967,0.021795,0.019704,0.022436,0.022356,0.019749,0.026792
0.019841,0.019013,0.022207,0.024436,0.020989,0.018415,0.023388,0.027037,0.019137,0.025087
0.01929,0.018561,0.023723,0.022478,0.020087,0.017581,0.021756,0.022897,0.018254,0.024621
0.030259,0.029166,0.027856,0.027576,0.02911,0.024584,0.026289,0.032881,0.026575,0.029904
0.031074,0.036848,0.025679,0.026192,0.028006,0.023309,0.025206,0.029633,0.025311,0.028935
0.022782,0.030909,0.020524,0.020203,0.020474,0.017552,0.019683,0.020907,0.018462,0.023692
0.023599,0.027548,0.019884,0.020009,0.020439,0.017992,0.019496,0.021574,0.018916,0.02328
0.02219,0.028442,0.01845,0.019398,0.02192,0.017256,0.018473,0.020551,0.018367,0.022414
0.022239,0.024156,0.018951,0.020076,0.023841,0.018683,0.019168,0.020842,0.02047,0.022877
0.021452,0.021667,0.018049,0.019213,0.022508,0.021047,0.018324,0.019465,0.019862,0.022306
0.03484,0.036083,0.030648,0.030726,0.036794,0.031693,0.029028,0.033701,0.032744,0.031761
0.02776,0.028312,0.024573,0.025235,0.029475,0.025961,0.023685,0.026782,0.026184,0.02631
0.021088,0.020576,0.018753,0.019853,0.022433,0.020949,0.018835,0.020077,0.02002,0.022124
0.025803,0.026736,0.023693,0.025162,0.027693,0.024276,0.02459,0.025532,0.02514,0.025889
0.020725,0.020785,0.020651,0.025261,0.022311,0.019699,0.022494,0.020286,0.019987,0.024538
0.019951,0.019736,0.028281,0.025313,0.021282,0.019555,0.022073,0.019659,0.019113,0.025542
0.019165,0.018582,0.021454,0.023805,0.020108,0.018442,0.022295,0.01865,0.018296,0.02435
0.024747,0.029288,0.028246,0.028116,0.025645,0.022204,0.023906,0.024286,0.023405,0.029457
0.024072,0.038121,0.026286,0.026508,0.025142,0.021441,0.023219,0.026915,0.023009,0.028221
0.018976,0.023469,0.019485,0.021598,0.019927,0.01744,0.019389,0.026851,0.018206,0.024916
0.024646,0.033676,0.024587,0.025181,0.026023,0.021976,0.023265,0.028287,0.023652,0.028261
0.025653,0.02976,0.023733,0.024004,0.025644,0.021214,0.021815,0.030449,0.023473,0.026149
0.024168,0.022095,0.018534,0.019662,0.023178,0.017384,0.018128,0.022724,0.019787,0.022871
0.023271,0.020624,0.017942,0.019403,0.021574,0.017207,0.018135,0.020908,0.019335,0.022644
0.025547,0.023269,0.02025,0.021128,0.02521,0.01955,0.020147,0.023522,0.021638,0.024406
0.023554,0.021001,0.0192,0.019879,0.023229,0.02181,0.019066,0.021739,0.019949,0.022958
0.021088,0.019035,0.01797,0.018859,0.021171,0.021844,0.01821,0.019667,0.018945,0.022265
0.032067,0.032389,0.028627,0.028727,0.033411,0.029481,0.02749,0.031595,0.029843,0.030255
0.027575,0.026422,0.023717,0.024209,0.028121,0.024991,0.023738,0.025944,0.025294,0.026337
0.021049,0.019506,0.019181,0.019604,0.020884,0.020353,0.021272,0.019471,0.018957,0.02172
0.020058,0.019392,0.027502,0.022445,0.020699,0.019154,0.021009,0.019195,0.018929,0.021679
0.019556,0.01921,0.022097,0.025253,0.019873,0.018882,0.022484,0.018808,0.018406,0.023869
0.020151,0.0305,0.024483,0.022808,0.020395,0.018951,0.021525,0.019442,0.019061,0.025448
